========================================
AI AGENT DECISION LOG - Session 20250924_104800_043
========================================
Timestamp: 10:48:00.043
Log Level: 0

[10:48:00.110] [DECISION] [Move 1] === MOVE DECISION START === Player: square, Board: 13x12, Time: 60s (vs 59.9959s)
[10:48:00.111] [DEBUG] [Move 1] MINIMAX: Starting search for square, time=60.000000s
[10:48:00.112] [DEBUG] [Move 1] MINIMAX: Found 48 legal moves at root
[10:48:00.112] [DEBUG] [Move 1] MINIMAX: Starting iterative deepening
[10:48:00.112] [DEBUG] [Move 1] MINIMAX: Searching at depth 1
[10:48:00.112] [DEBUG] [Move 1] MINIMAX: Root move 1: move eval=-4.900001
[10:48:00.112] [DEBUG] [Move 1] MINIMAX: Alpha improved at root: -1000000.000000 -> -4.900001
[10:48:00.112] [DEBUG] [Move 1] MINIMAX: Root move 2: move eval=-4.900001
[10:48:00.112] [DEBUG] [Move 1] MINIMAX: Root move 3: push eval=-4.900001
[10:48:00.112] [DEBUG] [Move 1] MINIMAX: Root move 4: flip eval=-4.900001
[10:48:00.112] [DEBUG] [Move 1] MINIMAX: Root move 5: flip eval=-4.900001
[10:48:00.112] [DEBUG] [Move 1] MINIMAX: Root move 6: push eval=-4.900001
[10:48:00.112] [DEBUG] [Move 1] MINIMAX: Root move 7: push eval=-4.900001
[10:48:00.112] [DEBUG] [Move 1] MINIMAX: Root move 8: flip eval=-4.900001
[10:48:00.112] [DEBUG] [Move 1] MINIMAX: Root move 9: flip eval=-4.900001
[10:48:00.112] [DEBUG] [Move 1] MINIMAX: Root move 10: push eval=-4.900001
[10:48:00.112] [DEBUG] [Move 1] MINIMAX: Root move 11: flip eval=-4.900001
[10:48:00.112] [DEBUG] [Move 1] MINIMAX: Root move 12: flip eval=-4.900001
[10:48:00.112] [DEBUG] [Move 1] MINIMAX: Root move 13: push eval=-4.900001
[10:48:00.112] [DEBUG] [Move 1] MINIMAX: Root move 14: flip eval=-4.900001
[10:48:00.112] [DEBUG] [Move 1] MINIMAX: Root move 15: flip eval=-4.900001
[10:48:00.112] [DEBUG] [Move 1] MINIMAX: Root move 16: push eval=-4.900001
[10:48:00.112] [DEBUG] [Move 1] MINIMAX: Root move 17: push eval=-4.900001
[10:48:00.112] [DEBUG] [Move 1] MINIMAX: Root move 18: flip eval=-4.900001
[10:48:00.112] [DEBUG] [Move 1] MINIMAX: Root move 19: flip eval=-4.900001
[10:48:00.112] [DEBUG] [Move 1] MINIMAX: Root move 20: move eval=-4.900001
[10:48:00.112] [DEBUG] [Move 1] MINIMAX: Root move 21: move eval=-4.900001
[10:48:00.112] [DEBUG] [Move 1] MINIMAX: Root move 22: push eval=-4.900001
[10:48:00.112] [DEBUG] [Move 1] MINIMAX: Root move 23: flip eval=-4.900001
[10:48:00.112] [DEBUG] [Move 1] MINIMAX: Root move 24: flip eval=-4.900001
[10:48:00.112] [DEBUG] [Move 1] MINIMAX: Root move 25: move eval=-4.900001
[10:48:00.112] [DEBUG] [Move 1] MINIMAX: Root move 26: move eval=-4.900001
[10:48:00.112] [DEBUG] [Move 1] MINIMAX: Root move 27: push eval=-4.900001
[10:48:00.112] [DEBUG] [Move 1] MINIMAX: Root move 28: flip eval=-4.900001
[10:48:00.112] [DEBUG] [Move 1] MINIMAX: Root move 29: flip eval=-4.900001
[10:48:00.112] [DEBUG] [Move 1] MINIMAX: Root move 30: move eval=-4.900001
[10:48:00.112] [DEBUG] [Move 1] MINIMAX: Root move 31: push eval=-4.900001
[10:48:00.112] [DEBUG] [Move 1] MINIMAX: Root move 32: flip eval=-4.900001
[10:48:00.112] [DEBUG] [Move 1] MINIMAX: Root move 33: flip eval=-4.900001
[10:48:00.112] [DEBUG] [Move 1] MINIMAX: Root move 34: move eval=-4.900001
[10:48:00.112] [DEBUG] [Move 1] MINIMAX: Root move 35: flip eval=-4.900001
[10:48:00.112] [DEBUG] [Move 1] MINIMAX: Root move 36: flip eval=-4.900001
[10:48:00.112] [DEBUG] [Move 1] MINIMAX: Root move 37: move eval=-4.900001
[10:48:00.112] [DEBUG] [Move 1] MINIMAX: Root move 38: flip eval=-4.900001
[10:48:00.112] [DEBUG] [Move 1] MINIMAX: Root move 39: flip eval=-4.900001
[10:48:00.112] [DEBUG] [Move 1] MINIMAX: Root move 40: move eval=-4.900001
[10:48:00.112] [DEBUG] [Move 1] MINIMAX: Root move 41: push eval=-4.900001
[10:48:00.112] [DEBUG] [Move 1] MINIMAX: Root move 42: flip eval=-4.900001
[10:48:00.112] [DEBUG] [Move 1] MINIMAX: Root move 43: flip eval=-4.900001
[10:48:00.112] [DEBUG] [Move 1] MINIMAX: Root move 44: move eval=-4.900001
[10:48:00.112] [DEBUG] [Move 1] MINIMAX: Root move 45: move eval=-4.900001
[10:48:00.112] [DEBUG] [Move 1] MINIMAX: Root move 46: push eval=-4.900001
[10:48:00.112] [DEBUG] [Move 1] MINIMAX: Root move 47: flip eval=-4.900001
[10:48:00.112] [DEBUG] [Move 1] MINIMAX: Root move 48: flip eval=-4.900001
[10:48:00.112] [DEBUG] [Move 1] MINIMAX: Root search complete - evaluated=48/48, cutoffs=0
[10:48:00.112] [DEBUG] [Move 1] MINIMAX: Depth 1 completed, nodes=48, eval=-4.900001, move=move
[10:48:00.112] [DEBUG] [Move 1] MINIMAX: Searching at depth 2
[10:48:00.113] [DEBUG] [Move 1] MINIMAX: Root move 1: move eval=4.200000
[10:48:00.114] [DEBUG] [Move 1] MINIMAX: Alpha improved at root: -1000000.000000 -> 4.200000
[10:48:00.115] [DEBUG] [Move 1] MINIMAX: Root move 2: move eval=4.200000
[10:48:00.115] [DEBUG] [Move 1] MINIMAX: Root move 3: push eval=4.200000
[10:48:00.116] [DEBUG] [Move 1] MINIMAX: Root move 4: flip eval=4.200000
[10:48:00.117] [DEBUG] [Move 1] MINIMAX: Root move 5: flip eval=4.200000
[10:48:00.118] [DEBUG] [Move 1] MINIMAX: Root move 6: push eval=4.200000
[10:48:00.118] [DEBUG] [Move 1] MINIMAX: Root move 7: push eval=4.200000
[10:48:00.119] [DEBUG] [Move 1] MINIMAX: Root move 8: flip eval=4.200000
[10:48:00.120] [DEBUG] [Move 1] MINIMAX: Root move 9: flip eval=4.200000
[10:48:00.120] [DEBUG] [Move 1] MINIMAX: Root move 10: push eval=4.200000
[10:48:00.121] [DEBUG] [Move 1] MINIMAX: Root move 11: flip eval=4.200000
[10:48:00.122] [DEBUG] [Move 1] MINIMAX: Root move 12: flip eval=4.200000
[10:48:00.122] [DEBUG] [Move 1] MINIMAX: Root move 13: push eval=4.200000
[10:48:00.124] [DEBUG] [Move 1] MINIMAX: Root move 14: flip eval=4.200000
[10:48:00.125] [DEBUG] [Move 1] MINIMAX: Root move 15: flip eval=4.200000
[10:48:00.126] [DEBUG] [Move 1] MINIMAX: Root move 16: push eval=4.200000
[10:48:00.126] [DEBUG] [Move 1] MINIMAX: Root move 17: push eval=4.200000
[10:48:00.127] [DEBUG] [Move 1] MINIMAX: Root move 18: flip eval=4.200000
[10:48:00.129] [DEBUG] [Move 1] MINIMAX: Root move 19: flip eval=4.200000
[10:48:00.130] [DEBUG] [Move 1] MINIMAX: Root move 20: move eval=4.200000
[10:48:00.131] [DEBUG] [Move 1] MINIMAX: Root move 21: move eval=4.200000
[10:48:00.132] [DEBUG] [Move 1] MINIMAX: Root move 22: push eval=4.200000
[10:48:00.133] [DEBUG] [Move 1] MINIMAX: Root move 23: flip eval=4.200000
[10:48:00.134] [DEBUG] [Move 1] MINIMAX: Root move 24: flip eval=4.200000
[10:48:00.134] [DEBUG] [Move 1] MINIMAX: Root move 25: move eval=4.200000
[10:48:00.135] [DEBUG] [Move 1] MINIMAX: Root move 26: move eval=4.200000
[10:48:00.136] [DEBUG] [Move 1] MINIMAX: Root move 27: push eval=4.200000
[10:48:00.136] [DEBUG] [Move 1] MINIMAX: Root move 28: flip eval=4.200000
[10:48:00.137] [DEBUG] [Move 1] MINIMAX: Root move 29: flip eval=4.200000
[10:48:00.138] [DEBUG] [Move 1] MINIMAX: Root move 30: move eval=4.200000
[10:48:00.138] [DEBUG] [Move 1] MINIMAX: Root move 31: push eval=4.200000
[10:48:00.139] [DEBUG] [Move 1] MINIMAX: Root move 32: flip eval=4.200000
[10:48:00.139] [DEBUG] [Move 1] MINIMAX: Root move 33: flip eval=4.200000
[10:48:00.140] [DEBUG] [Move 1] MINIMAX: Root move 34: move eval=4.200000
[10:48:00.141] [DEBUG] [Move 1] MINIMAX: Root move 35: flip eval=4.200000
[10:48:00.141] [DEBUG] [Move 1] MINIMAX: Root move 36: flip eval=4.200000
[10:48:00.142] [DEBUG] [Move 1] MINIMAX: Root move 37: move eval=4.200000
[10:48:00.143] [DEBUG] [Move 1] MINIMAX: Root move 38: flip eval=4.200000
[10:48:00.143] [DEBUG] [Move 1] MINIMAX: Root move 39: flip eval=4.200000
[10:48:00.144] [DEBUG] [Move 1] MINIMAX: Root move 40: move eval=4.200000
[10:48:00.149] [DEBUG] [Move 1] MINIMAX: Root move 41: push eval=4.200000
[10:48:00.150] [DEBUG] [Move 1] MINIMAX: Root move 42: flip eval=4.200000
[10:48:00.151] [DEBUG] [Move 1] MINIMAX: Root move 43: flip eval=4.200000
[10:48:00.152] [DEBUG] [Move 1] MINIMAX: Root move 44: move eval=4.200000
[10:48:00.153] [DEBUG] [Move 1] MINIMAX: Root move 45: move eval=4.200000
[10:48:00.154] [DEBUG] [Move 1] MINIMAX: Root move 46: push eval=4.200000
[10:48:00.155] [DEBUG] [Move 1] MINIMAX: Root move 47: flip eval=4.200000
[10:48:00.156] [DEBUG] [Move 1] MINIMAX: Root move 48: flip eval=4.200000
[10:48:00.156] [DEBUG] [Move 1] MINIMAX: Root search complete - evaluated=48/48, cutoffs=0
[10:48:00.156] [DEBUG] [Move 1] MINIMAX: Depth 2 completed, nodes=144, eval=4.200000, move=move
[10:48:00.156] [DEBUG] [Move 1] MINIMAX: Searching at depth 3
[10:48:00.192] [DEBUG] [Move 1] MINIMAX: Root move 1: move eval=-4.900001
[10:48:00.192] [DEBUG] [Move 1] MINIMAX: Alpha improved at root: -1000000.000000 -> -4.900001
[10:48:00.193] [DEBUG] [Move 1] MINIMAX: Root move 2: move eval=-4.900001
[10:48:00.195] [DEBUG] [Move 1] MINIMAX: Root move 3: push eval=-4.900001
[10:48:00.196] [DEBUG] [Move 1] MINIMAX: Root move 4: flip eval=-4.900001
[10:48:00.198] [DEBUG] [Move 1] MINIMAX: Root move 5: flip eval=-4.900001
[10:48:00.200] [DEBUG] [Move 1] MINIMAX: Root move 6: push eval=-4.900001
[10:48:00.200] [DEBUG] [Move 1] MINIMAX: Root move 7: push eval=-4.900001
[10:48:00.202] [DEBUG] [Move 1] MINIMAX: Root move 8: flip eval=-4.900001
[10:48:00.205] [DEBUG] [Move 1] MINIMAX: Root move 9: flip eval=-4.900001
[10:48:00.207] [DEBUG] [Move 1] MINIMAX: Root move 10: push eval=-4.900001
[10:48:00.209] [DEBUG] [Move 1] MINIMAX: Root move 11: flip eval=-4.900001
[10:48:00.210] [DEBUG] [Move 1] MINIMAX: Root move 12: flip eval=-4.900001
[10:48:00.211] [DEBUG] [Move 1] MINIMAX: Root move 13: push eval=-4.900001
[10:48:00.213] [DEBUG] [Move 1] MINIMAX: Root move 14: flip eval=-4.900001
[10:48:00.214] [DEBUG] [Move 1] MINIMAX: Root move 15: flip eval=-4.900001
[10:48:00.216] [DEBUG] [Move 1] MINIMAX: Root move 16: push eval=-4.900001
[10:48:00.216] [DEBUG] [Move 1] MINIMAX: Root move 17: push eval=-4.900001
[10:48:00.217] [DEBUG] [Move 1] MINIMAX: Root move 18: flip eval=-4.900001
[10:48:00.219] [DEBUG] [Move 1] MINIMAX: Root move 19: flip eval=-4.900001
[10:48:00.220] [DEBUG] [Move 1] MINIMAX: Root move 20: move eval=-4.900001
[10:48:00.221] [DEBUG] [Move 1] MINIMAX: Root move 21: move eval=-4.900001
[10:48:00.223] [DEBUG] [Move 1] MINIMAX: Root move 22: push eval=-4.900001
[10:48:00.224] [DEBUG] [Move 1] MINIMAX: Root move 23: flip eval=-4.900001
[10:48:00.226] [DEBUG] [Move 1] MINIMAX: Root move 24: flip eval=-4.900001
[10:48:00.227] [DEBUG] [Move 1] MINIMAX: Root move 25: move eval=-4.900001
[10:48:00.229] [DEBUG] [Move 1] MINIMAX: Root move 26: move eval=-4.900001
[10:48:00.230] [DEBUG] [Move 1] MINIMAX: Root move 27: push eval=-4.900001
[10:48:00.231] [DEBUG] [Move 1] MINIMAX: Root move 28: flip eval=-4.900001
[10:48:00.233] [DEBUG] [Move 1] MINIMAX: Root move 29: flip eval=-4.900001
[10:48:00.234] [DEBUG] [Move 1] MINIMAX: Root move 30: move eval=-4.900001
[10:48:00.236] [DEBUG] [Move 1] MINIMAX: Root move 31: push eval=-4.900001
[10:48:00.237] [DEBUG] [Move 1] MINIMAX: Root move 32: flip eval=-4.900001
[10:48:00.239] [DEBUG] [Move 1] MINIMAX: Root move 33: flip eval=-4.900001
[10:48:00.240] [DEBUG] [Move 1] MINIMAX: Root move 34: move eval=-4.900001
[10:48:00.242] [DEBUG] [Move 1] MINIMAX: Root move 35: flip eval=-4.900001
[10:48:00.244] [DEBUG] [Move 1] MINIMAX: Root move 36: flip eval=-4.900001
[10:48:00.245] [DEBUG] [Move 1] MINIMAX: Root move 37: move eval=-4.900001
[10:48:00.247] [DEBUG] [Move 1] MINIMAX: Root move 38: flip eval=-4.900001
[10:48:00.248] [DEBUG] [Move 1] MINIMAX: Root move 39: flip eval=-4.900001
[10:48:00.250] [DEBUG] [Move 1] MINIMAX: Root move 40: move eval=-4.900001
[10:48:00.252] [DEBUG] [Move 1] MINIMAX: Root move 41: push eval=-4.900001
[10:48:00.253] [DEBUG] [Move 1] MINIMAX: Root move 42: flip eval=-4.900001
[10:48:00.255] [DEBUG] [Move 1] MINIMAX: Root move 43: flip eval=-4.900001
[10:48:00.256] [DEBUG] [Move 1] MINIMAX: Root move 44: move eval=-4.900001
[10:48:00.257] [DEBUG] [Move 1] MINIMAX: Root move 45: move eval=-4.900001
[10:48:00.259] [DEBUG] [Move 1] MINIMAX: Root move 46: push eval=-4.900001
[10:48:00.260] [DEBUG] [Move 1] MINIMAX: Root move 47: flip eval=-4.900001
[10:48:00.262] [DEBUG] [Move 1] MINIMAX: Root move 48: flip eval=-4.900001
[10:48:00.262] [DEBUG] [Move 1] MINIMAX: Root search complete - evaluated=48/48, cutoffs=0
[10:48:00.262] [DEBUG] [Move 1] MINIMAX: Depth 3 completed, nodes=2633, eval=-4.900001, move=move
[10:48:00.262] [DEBUG] [Move 1] MINIMAX: Searching at depth 4
[10:48:00.371] [DEBUG] [Move 1] MINIMAX: Root move 1: move eval=4.200000
[10:48:00.371] [DEBUG] [Move 1] MINIMAX: Alpha improved at root: -1000000.000000 -> 4.200000
[10:48:00.403] [DEBUG] [Move 1] MINIMAX: Beta cutoff at depth 3, move 1/51, alpha=-4.200000, beta=-4.200000
[10:48:00.403] [DEBUG] [Move 1] MINIMAX: Root move 2: move eval=4.200000
[10:48:00.433] [DEBUG] [Move 1] MINIMAX: Beta cutoff at depth 3, move 1/51, alpha=-4.200000, beta=-4.200000
[10:48:00.433] [DEBUG] [Move 1] MINIMAX: Root move 3: push eval=4.200000
[10:48:00.465] [DEBUG] [Move 1] MINIMAX: Beta cutoff at depth 3, move 1/51, alpha=-4.200000, beta=-4.200000
[10:48:00.465] [DEBUG] [Move 1] MINIMAX: Root move 4: flip eval=4.200000
[10:48:00.502] [DEBUG] [Move 1] MINIMAX: Beta cutoff at depth 3, move 1/51, alpha=-4.200000, beta=-4.200000
[10:48:00.502] [DEBUG] [Move 1] MINIMAX: Root move 5: flip eval=4.200000
[10:48:00.532] [DEBUG] [Move 1] MINIMAX: Beta cutoff at depth 3, move 1/51, alpha=-4.200000, beta=-4.200000
[10:48:00.532] [DEBUG] [Move 1] MINIMAX: Root move 6: push eval=4.200000
[10:48:00.532] [DEBUG] [Move 1] MINIMAX: TT HIT at depth 3, eval=-4.200000, move=move
[10:48:00.532] [DEBUG] [Move 1] MINIMAX: Root move 7: push eval=4.200000
[10:48:00.560] [DEBUG] [Move 1] MINIMAX: Beta cutoff at depth 3, move 1/51, alpha=-4.200000, beta=-4.200000
[10:48:00.560] [DEBUG] [Move 1] MINIMAX: Root move 8: flip eval=4.200000
[10:48:00.593] [DEBUG] [Move 1] MINIMAX: Beta cutoff at depth 3, move 1/51, alpha=-4.200000, beta=-4.200000
[10:48:00.594] [DEBUG] [Move 1] MINIMAX: Root move 9: flip eval=4.200000
[10:48:00.622] [DEBUG] [Move 1] MINIMAX: Beta cutoff at depth 3, move 1/51, alpha=-4.200000, beta=-4.200000
[10:48:00.622] [DEBUG] [Move 1] MINIMAX: Root move 10: push eval=4.200000
[10:48:00.646] [DEBUG] [Move 1] MINIMAX: Beta cutoff at depth 3, move 1/51, alpha=-4.200000, beta=-4.200000
[10:48:00.646] [DEBUG] [Move 1] MINIMAX: Root move 11: flip eval=4.200000
[10:48:00.673] [DEBUG] [Move 1] MINIMAX: Beta cutoff at depth 3, move 1/51, alpha=-4.200000, beta=-4.200000
[10:48:00.673] [DEBUG] [Move 1] MINIMAX: Root move 12: flip eval=4.200000
[10:48:00.696] [DEBUG] [Move 1] MINIMAX: Beta cutoff at depth 3, move 1/51, alpha=-4.200000, beta=-4.200000
[10:48:00.696] [DEBUG] [Move 1] MINIMAX: Root move 13: push eval=4.200000
[10:48:00.719] [DEBUG] [Move 1] MINIMAX: Beta cutoff at depth 3, move 1/51, alpha=-4.200000, beta=-4.200000
[10:48:00.719] [DEBUG] [Move 1] MINIMAX: Root move 14: flip eval=4.200000
[10:48:00.743] [DEBUG] [Move 1] MINIMAX: Beta cutoff at depth 3, move 1/51, alpha=-4.200000, beta=-4.200000
[10:48:00.743] [DEBUG] [Move 1] MINIMAX: Root move 15: flip eval=4.200000
[10:48:00.764] [DEBUG] [Move 1] MINIMAX: Beta cutoff at depth 3, move 1/51, alpha=-4.200000, beta=-4.200000
[10:48:00.764] [DEBUG] [Move 1] MINIMAX: Root move 16: push eval=4.200000
[10:48:00.764] [DEBUG] [Move 1] MINIMAX: TT HIT at depth 3, eval=-4.200000, move=move
[10:48:00.764] [DEBUG] [Move 1] MINIMAX: Root move 17: push eval=4.200000
[10:48:00.786] [DEBUG] [Move 1] MINIMAX: Beta cutoff at depth 3, move 1/51, alpha=-4.200000, beta=-4.200000
[10:48:00.786] [DEBUG] [Move 1] MINIMAX: Root move 18: flip eval=4.200000
[10:48:00.808] [DEBUG] [Move 1] MINIMAX: Beta cutoff at depth 3, move 1/51, alpha=-4.200000, beta=-4.200000
[10:48:00.808] [DEBUG] [Move 1] MINIMAX: Root move 19: flip eval=4.200000
[10:48:00.827] [DEBUG] [Move 1] MINIMAX: Beta cutoff at depth 3, move 1/51, alpha=-4.200000, beta=-4.200000
[10:48:00.827] [DEBUG] [Move 1] MINIMAX: Root move 20: move eval=4.200000
[10:48:00.847] [DEBUG] [Move 1] MINIMAX: Beta cutoff at depth 3, move 1/51, alpha=-4.200000, beta=-4.200000
[10:48:00.847] [DEBUG] [Move 1] MINIMAX: Root move 21: move eval=4.200000
[10:48:00.864] [DEBUG] [Move 1] MINIMAX: Beta cutoff at depth 3, move 1/51, alpha=-4.200000, beta=-4.200000
[10:48:00.864] [DEBUG] [Move 1] MINIMAX: Root move 22: push eval=4.200000
[10:48:00.886] [DEBUG] [Move 1] MINIMAX: Beta cutoff at depth 3, move 1/51, alpha=-4.200000, beta=-4.200000
[10:48:00.886] [DEBUG] [Move 1] MINIMAX: Root move 23: flip eval=4.200000
[10:48:00.909] [DEBUG] [Move 1] MINIMAX: Beta cutoff at depth 3, move 1/51, alpha=-4.200000, beta=-4.200000
[10:48:00.909] [DEBUG] [Move 1] MINIMAX: Root move 24: flip eval=4.200000
[10:48:00.927] [DEBUG] [Move 1] MINIMAX: Beta cutoff at depth 3, move 1/51, alpha=-4.200000, beta=-4.200000
[10:48:00.928] [DEBUG] [Move 1] MINIMAX: Root move 25: move eval=4.200000
[10:48:00.945] [DEBUG] [Move 1] MINIMAX: Beta cutoff at depth 3, move 1/51, alpha=-4.200000, beta=-4.200000
[10:48:00.946] [DEBUG] [Move 1] MINIMAX: Root move 26: move eval=4.200000
[10:48:00.962] [DEBUG] [Move 1] MINIMAX: Beta cutoff at depth 3, move 1/51, alpha=-4.200000, beta=-4.200000
[10:48:00.962] [DEBUG] [Move 1] MINIMAX: Root move 27: push eval=4.200000
[10:48:00.979] [DEBUG] [Move 1] MINIMAX: Beta cutoff at depth 3, move 1/51, alpha=-4.200000, beta=-4.200000
[10:48:00.979] [DEBUG] [Move 1] MINIMAX: Root move 28: flip eval=4.200000
[10:48:01.000] [DEBUG] [Move 1] MINIMAX: Beta cutoff at depth 3, move 1/51, alpha=-4.200000, beta=-4.200000
[10:48:01.000] [DEBUG] [Move 1] MINIMAX: Root move 29: flip eval=4.200000
[10:48:01.016] [DEBUG] [Move 1] MINIMAX: Beta cutoff at depth 3, move 1/51, alpha=-4.200000, beta=-4.200000
[10:48:01.016] [DEBUG] [Move 1] MINIMAX: Root move 30: move eval=4.200000
[10:48:01.031] [DEBUG] [Move 1] MINIMAX: Beta cutoff at depth 3, move 1/51, alpha=-4.200000, beta=-4.200000
[10:48:01.032] [DEBUG] [Move 1] MINIMAX: Root move 31: push eval=4.200000
[10:48:01.051] [DEBUG] [Move 1] MINIMAX: Beta cutoff at depth 3, move 1/51, alpha=-4.200000, beta=-4.200000
[10:48:01.052] [DEBUG] [Move 1] MINIMAX: Root move 32: flip eval=4.200000
[10:48:01.084] [DEBUG] [Move 1] MINIMAX: Beta cutoff at depth 3, move 1/51, alpha=-4.200000, beta=-4.200000
[10:48:01.084] [DEBUG] [Move 1] MINIMAX: Root move 33: flip eval=4.200000
[10:48:01.097] [DEBUG] [Move 1] MINIMAX: Beta cutoff at depth 3, move 1/51, alpha=-4.200000, beta=-4.200000
[10:48:01.097] [DEBUG] [Move 1] MINIMAX: Root move 34: move eval=4.200000
[10:48:01.107] [DEBUG] [Move 1] MINIMAX: Beta cutoff at depth 3, move 1/51, alpha=-4.200000, beta=-4.200000
[10:48:01.107] [DEBUG] [Move 1] MINIMAX: Root move 35: flip eval=4.200000
[10:48:01.125] [DEBUG] [Move 1] MINIMAX: Beta cutoff at depth 3, move 1/51, alpha=-4.200000, beta=-4.200000
[10:48:01.125] [DEBUG] [Move 1] MINIMAX: Root move 36: flip eval=4.200000
[10:48:01.136] [DEBUG] [Move 1] MINIMAX: Beta cutoff at depth 3, move 1/51, alpha=-4.200000, beta=-4.200000
[10:48:01.136] [DEBUG] [Move 1] MINIMAX: Root move 37: move eval=4.200000
[10:48:01.144] [DEBUG] [Move 1] MINIMAX: Beta cutoff at depth 3, move 1/51, alpha=-4.200000, beta=-4.200000
[10:48:01.144] [DEBUG] [Move 1] MINIMAX: Root move 38: flip eval=4.200000
[10:48:01.159] [DEBUG] [Move 1] MINIMAX: Beta cutoff at depth 3, move 1/51, alpha=-4.200000, beta=-4.200000
[10:48:01.159] [DEBUG] [Move 1] MINIMAX: Root move 39: flip eval=4.200000
[10:48:01.171] [DEBUG] [Move 1] MINIMAX: Beta cutoff at depth 3, move 1/51, alpha=-4.200000, beta=-4.200000
[10:48:01.171] [DEBUG] [Move 1] MINIMAX: Root move 40: move eval=4.200000
[10:48:01.175] [DEBUG] [Move 1] MINIMAX: Beta cutoff at depth 3, move 1/51, alpha=-4.200000, beta=-4.200000
[10:48:01.176] [DEBUG] [Move 1] MINIMAX: Root move 41: push eval=4.200000
[10:48:01.182] [DEBUG] [Move 1] MINIMAX: Beta cutoff at depth 3, move 1/51, alpha=-4.200000, beta=-4.200000
[10:48:01.182] [DEBUG] [Move 1] MINIMAX: Root move 42: flip eval=4.200000
[10:48:01.193] [DEBUG] [Move 1] MINIMAX: Beta cutoff at depth 3, move 1/51, alpha=-4.200000, beta=-4.200000
[10:48:01.193] [DEBUG] [Move 1] MINIMAX: Root move 43: flip eval=4.200000
[10:48:01.199] [DEBUG] [Move 1] MINIMAX: Beta cutoff at depth 3, move 1/51, alpha=-4.200000, beta=-4.200000
[10:48:01.199] [DEBUG] [Move 1] MINIMAX: Root move 44: move eval=4.200000
[10:48:01.204] [DEBUG] [Move 1] MINIMAX: Beta cutoff at depth 3, move 1/51, alpha=-4.200000, beta=-4.200000
[10:48:01.204] [DEBUG] [Move 1] MINIMAX: Root move 45: move eval=4.200000
[10:48:01.209] [DEBUG] [Move 1] MINIMAX: Beta cutoff at depth 3, move 1/51, alpha=-4.200000, beta=-4.200000
[10:48:01.209] [DEBUG] [Move 1] MINIMAX: Root move 46: push eval=4.200000
[10:48:01.215] [DEBUG] [Move 1] MINIMAX: Beta cutoff at depth 3, move 1/51, alpha=-4.200000, beta=-4.200000
[10:48:01.215] [DEBUG] [Move 1] MINIMAX: Root move 47: flip eval=4.200000
[10:47:59.584] [DEBUG] [Move 1] MINIMAX: Beta cutoff at depth 3, move 1/51, alpha=-4.200000, beta=-4.200000
[10:47:59.584] [DEBUG] [Move 1] MINIMAX: Root move 48: flip eval=4.200000
[10:47:59.584] [DEBUG] [Move 1] MINIMAX: Root search complete - evaluated=48/48, cutoffs=0
[10:47:59.584] [DEBUG] [Move 1] MINIMAX: Depth 4 completed, nodes=6536, eval=4.200000, move=move
[10:47:59.584] [DEBUG] [Move 1] MINIMAX: Searching at depth 5
[10:47:59.698] [DEBUG] [Move 1] MINIMAX: New best at depth 4, move=move, eval=4.900001
[10:47:59.736] [DEBUG] [Move 1] MINIMAX: Beta cutoff at depth 3, move 1/50, alpha=-4.900001, beta=-4.900001
[10:47:59.768] [DEBUG] [Move 1] MINIMAX: Beta cutoff at depth 3, move 1/50, alpha=-4.900001, beta=-4.900001
[10:47:59.808] [DEBUG] [Move 1] MINIMAX: Beta cutoff at depth 3, move 1/50, alpha=-4.900001, beta=-4.900001
[10:47:59.841] [DEBUG] [Move 1] MINIMAX: Beta cutoff at depth 3, move 1/50, alpha=-4.900001, beta=-4.900001
[10:47:59.875] [DEBUG] [Move 1] MINIMAX: Beta cutoff at depth 3, move 1/50, alpha=-4.900001, beta=-4.900001
[10:47:59.911] [DEBUG] [Move 1] MINIMAX: Beta cutoff at depth 3, move 1/50, alpha=-4.900001, beta=-4.900001
[10:47:59.941] [DEBUG] [Move 1] MINIMAX: Beta cutoff at depth 3, move 1/50, alpha=-4.900001, beta=-4.900001
[10:47:59.973] [DEBUG] [Move 1] MINIMAX: Beta cutoff at depth 3, move 1/50, alpha=-4.900001, beta=-4.900001
[10:47:59.973] [DEBUG] [Move 1] MINIMAX: TT HIT at depth 3, eval=-4.900001, move=move
[10:47:59.973] [DEBUG] [Move 1] MINIMAX: TT HIT at depth 3, eval=-4.900001, move=move
[10:47:59.997] [DEBUG] [Move 1] MINIMAX: Beta cutoff at depth 3, move 1/50, alpha=-4.900001, beta=-4.900001
[10:48:00.029] [DEBUG] [Move 1] MINIMAX: Beta cutoff at depth 3, move 1/50, alpha=-4.900001, beta=-4.900001
[10:48:00.056] [DEBUG] [Move 1] MINIMAX: Beta cutoff at depth 3, move 1/50, alpha=-4.900001, beta=-4.900001
[10:48:00.078] [DEBUG] [Move 1] MINIMAX: Beta cutoff at depth 3, move 1/50, alpha=-4.900001, beta=-4.900001
[10:48:00.110] [DEBUG] [Move 1] MINIMAX: Beta cutoff at depth 3, move 1/50, alpha=-4.900001, beta=-4.900001
[10:48:00.135] [DEBUG] [Move 1] MINIMAX: Beta cutoff at depth 3, move 1/50, alpha=-4.900001, beta=-4.900001
[10:48:00.159] [DEBUG] [Move 1] MINIMAX: Beta cutoff at depth 3, move 1/50, alpha=-4.900001, beta=-4.900001
[10:48:00.188] [DEBUG] [Move 1] MINIMAX: Beta cutoff at depth 3, move 1/50, alpha=-4.900001, beta=-4.900001
[10:48:00.212] [DEBUG] [Move 1] MINIMAX: Beta cutoff at depth 3, move 1/50, alpha=-4.900001, beta=-4.900001
[10:48:00.233] [DEBUG] [Move 1] MINIMAX: Beta cutoff at depth 3, move 1/50, alpha=-4.900001, beta=-4.900001
[10:48:00.253] [DEBUG] [Move 1] MINIMAX: Beta cutoff at depth 3, move 1/50, alpha=-4.900001, beta=-4.900001
[10:48:00.279] [DEBUG] [Move 1] MINIMAX: Beta cutoff at depth 3, move 1/50, alpha=-4.900001, beta=-4.900001
[10:48:00.301] [DEBUG] [Move 1] MINIMAX: Beta cutoff at depth 3, move 1/50, alpha=-4.900001, beta=-4.900001
[10:48:00.322] [DEBUG] [Move 1] MINIMAX: Beta cutoff at depth 3, move 1/50, alpha=-4.900001, beta=-4.900001
[10:48:00.338] [DEBUG] [Move 1] MINIMAX: Beta cutoff at depth 3, move 1/50, alpha=-4.900001, beta=-4.900001
[10:48:00.358] [DEBUG] [Move 1] MINIMAX: Beta cutoff at depth 3, move 1/50, alpha=-4.900001, beta=-4.900001
[10:48:00.378] [DEBUG] [Move 1] MINIMAX: Beta cutoff at depth 3, move 1/50, alpha=-4.900001, beta=-4.900001
[10:48:00.394] [DEBUG] [Move 1] MINIMAX: Beta cutoff at depth 3, move 1/50, alpha=-4.900001, beta=-4.900001
[10:48:00.408] [DEBUG] [Move 1] MINIMAX: Beta cutoff at depth 3, move 1/50, alpha=-4.900001, beta=-4.900001
[10:48:00.424] [DEBUG] [Move 1] MINIMAX: Beta cutoff at depth 3, move 1/50, alpha=-4.900001, beta=-4.900001
[10:48:00.440] [DEBUG] [Move 1] MINIMAX: Beta cutoff at depth 3, move 1/50, alpha=-4.900001, beta=-4.900001
[10:48:00.459] [DEBUG] [Move 1] MINIMAX: Beta cutoff at depth 3, move 1/50, alpha=-4.900001, beta=-4.900001
[10:48:00.475] [DEBUG] [Move 1] MINIMAX: Beta cutoff at depth 3, move 1/50, alpha=-4.900001, beta=-4.900001
[10:48:00.487] [DEBUG] [Move 1] MINIMAX: Beta cutoff at depth 3, move 1/50, alpha=-4.900001, beta=-4.900001
[10:48:00.499] [DEBUG] [Move 1] MINIMAX: Beta cutoff at depth 3, move 1/50, alpha=-4.900001, beta=-4.900001
[10:48:00.511] [DEBUG] [Move 1] MINIMAX: Beta cutoff at depth 3, move 1/50, alpha=-4.900001, beta=-4.900001
[10:48:00.519] [DEBUG] [Move 1] MINIMAX: Beta cutoff at depth 3, move 1/50, alpha=-4.900001, beta=-4.900001
[10:48:00.530] [DEBUG] [Move 1] MINIMAX: Beta cutoff at depth 3, move 1/50, alpha=-4.900001, beta=-4.900001
[10:48:00.539] [DEBUG] [Move 1] MINIMAX: Beta cutoff at depth 3, move 1/50, alpha=-4.900001, beta=-4.900001
[10:48:00.546] [DEBUG] [Move 1] MINIMAX: Beta cutoff at depth 3, move 1/50, alpha=-4.900001, beta=-4.900001
[10:48:00.554] [DEBUG] [Move 1] MINIMAX: Beta cutoff at depth 3, move 1/50, alpha=-4.900001, beta=-4.900001
[10:48:00.559] [DEBUG] [Move 1] MINIMAX: Beta cutoff at depth 3, move 1/50, alpha=-4.900001, beta=-4.900001
[10:48:00.559] [DEBUG] [Move 1] MINIMAX: TT HIT at depth 3, eval=-4.900001, move=move
[10:48:00.566] [DEBUG] [Move 1] MINIMAX: Beta cutoff at depth 3, move 1/50, alpha=-4.900001, beta=-4.900001
[10:48:00.572] [DEBUG] [Move 1] MINIMAX: Beta cutoff at depth 3, move 1/50, alpha=-4.900001, beta=-4.900001
[10:48:00.578] [DEBUG] [Move 1] MINIMAX: Beta cutoff at depth 3, move 1/50, alpha=-4.900001, beta=-4.900001
[10:48:00.583] [DEBUG] [Move 1] MINIMAX: Beta cutoff at depth 3, move 1/50, alpha=-4.900001, beta=-4.900001
[10:48:00.587] [DEBUG] [Move 1] MINIMAX: Beta cutoff at depth 3, move 1/50, alpha=-4.900001, beta=-4.900001
[10:48:00.592] [DEBUG] [Move 1] MINIMAX: Beta cutoff at depth 3, move 1/50, alpha=-4.900001, beta=-4.900001
[10:48:00.600] [DEBUG] [Move 1] MINIMAX: Beta cutoff at depth 3, move 1/50, alpha=-4.900001, beta=-4.900001
[10:48:00.600] [DEBUG] [Move 1] MINIMAX: Root move 1: move eval=-4.900001
[10:48:00.600] [DEBUG] [Move 1] MINIMAX: Alpha improved at root: -1000000.000000 -> -4.900001
[10:48:00.671] [DEBUG] [Move 1] MINIMAX: New best at depth 4, move=move, eval=4.900001
[10:48:00.671] [DEBUG] [Move 1] MINIMAX: Beta cutoff at depth 4, move 1/51, alpha=4.900001, beta=4.900001
[10:48:00.671] [DEBUG] [Move 1] MINIMAX: Root move 2: move eval=-4.900001
[10:48:00.734] [DEBUG] [Move 1] MINIMAX: New best at depth 4, move=move, eval=4.900001
[10:48:00.734] [DEBUG] [Move 1] MINIMAX: Beta cutoff at depth 4, move 1/51, alpha=4.900001, beta=4.900001
[10:48:00.734] [DEBUG] [Move 1] MINIMAX: Root move 3: push eval=-4.900001
[10:48:00.824] [DEBUG] [Move 1] MINIMAX: New best at depth 4, move=move, eval=4.900001
[10:48:00.824] [DEBUG] [Move 1] MINIMAX: Beta cutoff at depth 4, move 1/51, alpha=4.900001, beta=4.900001
[10:48:00.824] [DEBUG] [Move 1] MINIMAX: Root move 4: flip eval=-4.900001
[10:48:00.908] [DEBUG] [Move 1] MINIMAX: New best at depth 4, move=move, eval=4.900001
[10:48:00.908] [DEBUG] [Move 1] MINIMAX: Beta cutoff at depth 4, move 1/51, alpha=4.900001, beta=4.900001
[10:48:00.908] [DEBUG] [Move 1] MINIMAX: Root move 5: flip eval=-4.900001
[10:48:00.971] [DEBUG] [Move 1] MINIMAX: New best at depth 4, move=move, eval=4.900001
[10:48:00.971] [DEBUG] [Move 1] MINIMAX: Beta cutoff at depth 4, move 1/51, alpha=4.900001, beta=4.900001
[10:48:00.971] [DEBUG] [Move 1] MINIMAX: Root move 6: push eval=-4.900001
[10:48:00.971] [DEBUG] [Move 1] MINIMAX: TT HIT at depth 4, eval=4.900001, move=move
[10:48:00.971] [DEBUG] [Move 1] MINIMAX: Root move 7: push eval=-4.900001
[10:48:01.035] [DEBUG] [Move 1] MINIMAX: New best at depth 4, move=move, eval=4.900001
[10:48:01.036] [DEBUG] [Move 1] MINIMAX: Beta cutoff at depth 4, move 1/51, alpha=4.900001, beta=4.900001
[10:48:01.036] [DEBUG] [Move 1] MINIMAX: Root move 8: flip eval=-4.900001
[10:48:01.118] [DEBUG] [Move 1] MINIMAX: New best at depth 4, move=move, eval=4.900001
[10:48:01.118] [DEBUG] [Move 1] MINIMAX: Beta cutoff at depth 4, move 1/51, alpha=4.900001, beta=4.900001
[10:48:01.118] [DEBUG] [Move 1] MINIMAX: Root move 9: flip eval=-4.900001
[10:48:01.196] [DEBUG] [Move 1] MINIMAX: New best at depth 4, move=move, eval=4.900001
[10:48:01.196] [DEBUG] [Move 1] MINIMAX: Beta cutoff at depth 4, move 1/51, alpha=4.900001, beta=4.900001
[10:48:01.196] [DEBUG] [Move 1] MINIMAX: Root move 10: push eval=-4.900001
[10:48:01.257] [DEBUG] [Move 1] MINIMAX: New best at depth 4, move=move, eval=4.900001
[10:48:01.257] [DEBUG] [Move 1] MINIMAX: Beta cutoff at depth 4, move 1/51, alpha=4.900001, beta=4.900001
[10:48:01.257] [DEBUG] [Move 1] MINIMAX: Root move 11: flip eval=-4.900001
[10:48:01.333] [DEBUG] [Move 1] MINIMAX: New best at depth 4, move=move, eval=4.900001
[10:48:01.334] [DEBUG] [Move 1] MINIMAX: Beta cutoff at depth 4, move 1/51, alpha=4.900001, beta=4.900001
[10:48:01.334] [DEBUG] [Move 1] MINIMAX: Root move 12: flip eval=-4.900001
[10:48:01.383] [DEBUG] [Move 1] MINIMAX: New best at depth 4, move=move, eval=4.900001
[10:48:01.383] [DEBUG] [Move 1] MINIMAX: Beta cutoff at depth 4, move 1/51, alpha=4.900001, beta=4.900001
[10:48:01.383] [DEBUG] [Move 1] MINIMAX: Root move 13: push eval=-4.900001
[10:48:01.438] [DEBUG] [Move 1] MINIMAX: New best at depth 4, move=move, eval=4.900001
[10:48:01.438] [DEBUG] [Move 1] MINIMAX: Beta cutoff at depth 4, move 1/51, alpha=4.900001, beta=4.900001
[10:48:01.438] [DEBUG] [Move 1] MINIMAX: Root move 14: flip eval=-4.900001
[10:48:01.492] [DEBUG] [Move 1] MINIMAX: New best at depth 4, move=move, eval=4.900001
[10:48:01.492] [DEBUG] [Move 1] MINIMAX: Beta cutoff at depth 4, move 1/51, alpha=4.900001, beta=4.900001
[10:48:01.492] [DEBUG] [Move 1] MINIMAX: Root move 15: flip eval=-4.900001
[10:48:01.550] [DEBUG] [Move 1] MINIMAX: New best at depth 4, move=move, eval=4.900001
[10:48:01.550] [DEBUG] [Move 1] MINIMAX: Beta cutoff at depth 4, move 1/51, alpha=4.900001, beta=4.900001
[10:48:01.550] [DEBUG] [Move 1] MINIMAX: Root move 16: push eval=-4.900001
[10:48:01.550] [DEBUG] [Move 1] MINIMAX: TT HIT at depth 4, eval=4.900001, move=move
[10:48:01.550] [DEBUG] [Move 1] MINIMAX: Root move 17: push eval=-4.900001
[10:48:01.603] [DEBUG] [Move 1] MINIMAX: New best at depth 4, move=move, eval=4.900001
[10:48:01.603] [DEBUG] [Move 1] MINIMAX: Beta cutoff at depth 4, move 1/51, alpha=4.900001, beta=4.900001
[10:48:01.603] [DEBUG] [Move 1] MINIMAX: Root move 18: flip eval=-4.900001
[10:48:01.656] [DEBUG] [Move 1] MINIMAX: New best at depth 4, move=move, eval=4.900001
[10:48:01.656] [DEBUG] [Move 1] MINIMAX: Beta cutoff at depth 4, move 1/51, alpha=4.900001, beta=4.900001
[10:48:01.656] [DEBUG] [Move 1] MINIMAX: Root move 19: flip eval=-4.900001
[10:48:01.701] [DEBUG] [Move 1] MINIMAX: New best at depth 4, move=move, eval=4.900001
[10:48:01.702] [DEBUG] [Move 1] MINIMAX: Beta cutoff at depth 4, move 1/51, alpha=4.900001, beta=4.900001
[10:48:01.702] [DEBUG] [Move 1] MINIMAX: Root move 20: move eval=-4.900001
[10:48:01.747] [DEBUG] [Move 1] MINIMAX: New best at depth 4, move=move, eval=4.900001
[10:48:01.747] [DEBUG] [Move 1] MINIMAX: Beta cutoff at depth 4, move 1/51, alpha=4.900001, beta=4.900001
[10:48:01.747] [DEBUG] [Move 1] MINIMAX: Root move 21: move eval=-4.900001
[10:48:01.782] [DEBUG] [Move 1] MINIMAX: New best at depth 4, move=move, eval=4.900001
[10:48:01.782] [DEBUG] [Move 1] MINIMAX: Beta cutoff at depth 4, move 1/51, alpha=4.900001, beta=4.900001
[10:48:01.782] [DEBUG] [Move 1] MINIMAX: Root move 22: push eval=-4.900001
[10:48:01.829] [DEBUG] [Move 1] MINIMAX: New best at depth 4, move=move, eval=4.900001
[10:48:01.829] [DEBUG] [Move 1] MINIMAX: Beta cutoff at depth 4, move 1/51, alpha=4.900001, beta=4.900001
[10:48:01.829] [DEBUG] [Move 1] MINIMAX: Root move 23: flip eval=-4.900001
[10:48:01.881] [DEBUG] [Move 1] MINIMAX: New best at depth 4, move=move, eval=4.900001
[10:48:01.881] [DEBUG] [Move 1] MINIMAX: Beta cutoff at depth 4, move 1/51, alpha=4.900001, beta=4.900001
[10:48:01.881] [DEBUG] [Move 1] MINIMAX: Root move 24: flip eval=-4.900001
[10:48:01.918] [DEBUG] [Move 1] MINIMAX: New best at depth 4, move=move, eval=4.900001
[10:48:01.918] [DEBUG] [Move 1] MINIMAX: Beta cutoff at depth 4, move 1/51, alpha=4.900001, beta=4.900001
[10:48:01.918] [DEBUG] [Move 1] MINIMAX: Root move 25: move eval=-4.900001
[10:48:01.957] [DEBUG] [Move 1] MINIMAX: New best at depth 4, move=move, eval=4.900001
[10:48:01.957] [DEBUG] [Move 1] MINIMAX: Beta cutoff at depth 4, move 1/51, alpha=4.900001, beta=4.900001
[10:48:01.957] [DEBUG] [Move 1] MINIMAX: Root move 26: move eval=-4.900001
[10:48:01.992] [DEBUG] [Move 1] MINIMAX: New best at depth 4, move=move, eval=4.900001
[10:48:01.992] [DEBUG] [Move 1] MINIMAX: Beta cutoff at depth 4, move 1/51, alpha=4.900001, beta=4.900001
[10:48:01.992] [DEBUG] [Move 1] MINIMAX: Root move 27: push eval=-4.900001
[10:48:02.035] [DEBUG] [Move 1] MINIMAX: New best at depth 4, move=move, eval=4.900001
[10:48:02.036] [DEBUG] [Move 1] MINIMAX: Beta cutoff at depth 4, move 1/51, alpha=4.900001, beta=4.900001
[10:48:02.036] [DEBUG] [Move 1] MINIMAX: Root move 28: flip eval=-4.900001
[10:48:02.084] [DEBUG] [Move 1] MINIMAX: New best at depth 4, move=move, eval=4.900001
[10:48:02.084] [DEBUG] [Move 1] MINIMAX: Beta cutoff at depth 4, move 1/51, alpha=4.900001, beta=4.900001
[10:48:02.084] [DEBUG] [Move 1] MINIMAX: Root move 29: flip eval=-4.900001
[10:48:02.120] [DEBUG] [Move 1] MINIMAX: New best at depth 4, move=move, eval=4.900001
[10:48:02.120] [DEBUG] [Move 1] MINIMAX: Beta cutoff at depth 4, move 1/51, alpha=4.900001, beta=4.900001
[10:48:02.120] [DEBUG] [Move 1] MINIMAX: Root move 30: move eval=-4.900001
[10:48:02.154] [DEBUG] [Move 1] MINIMAX: New best at depth 4, move=move, eval=4.900001
[10:48:02.155] [DEBUG] [Move 1] MINIMAX: Beta cutoff at depth 4, move 1/51, alpha=4.900001, beta=4.900001
[10:48:02.155] [DEBUG] [Move 1] MINIMAX: Root move 31: push eval=-4.900001
[10:48:02.184] [DEBUG] [Move 1] MINIMAX: New best at depth 4, move=move, eval=4.900001
[10:48:02.184] [DEBUG] [Move 1] MINIMAX: Beta cutoff at depth 4, move 1/51, alpha=4.900001, beta=4.900001
[10:48:02.184] [DEBUG] [Move 1] MINIMAX: Root move 32: flip eval=-4.900001
[10:48:02.248] [DEBUG] [Move 1] MINIMAX: New best at depth 4, move=move, eval=4.900001
[10:48:02.248] [DEBUG] [Move 1] MINIMAX: Beta cutoff at depth 4, move 1/51, alpha=4.900001, beta=4.900001
[10:48:02.248] [DEBUG] [Move 1] MINIMAX: Root move 33: flip eval=-4.900001
[10:48:02.299] [DEBUG] [Move 1] MINIMAX: New best at depth 4, move=move, eval=4.900001
[10:48:02.299] [DEBUG] [Move 1] MINIMAX: Beta cutoff at depth 4, move 1/51, alpha=4.900001, beta=4.900001
[10:48:02.299] [DEBUG] [Move 1] MINIMAX: Root move 34: move eval=-4.900001
[10:48:02.332] [DEBUG] [Move 1] MINIMAX: New best at depth 4, move=move, eval=4.900001
[10:48:02.332] [DEBUG] [Move 1] MINIMAX: Beta cutoff at depth 4, move 1/51, alpha=4.900001, beta=4.900001
[10:48:02.332] [DEBUG] [Move 1] MINIMAX: Root move 35: flip eval=-4.900001
[10:48:02.373] [DEBUG] [Move 1] MINIMAX: New best at depth 4, move=move, eval=4.900001
[10:48:02.373] [DEBUG] [Move 1] MINIMAX: Beta cutoff at depth 4, move 1/51, alpha=4.900001, beta=4.900001
[10:48:02.373] [DEBUG] [Move 1] MINIMAX: Root move 36: flip eval=-4.900001
[10:48:02.402] [DEBUG] [Move 1] MINIMAX: New best at depth 4, move=move, eval=4.900001
[10:48:02.402] [DEBUG] [Move 1] MINIMAX: Beta cutoff at depth 4, move 1/51, alpha=4.900001, beta=4.900001
[10:48:02.403] [DEBUG] [Move 1] MINIMAX: Root move 37: move eval=-4.900001
[10:48:02.420] [DEBUG] [Move 1] MINIMAX: New best at depth 4, move=move, eval=4.900001
[10:48:02.420] [DEBUG] [Move 1] MINIMAX: Beta cutoff at depth 4, move 1/51, alpha=4.900001, beta=4.900001
[10:48:02.420] [DEBUG] [Move 1] MINIMAX: Root move 38: flip eval=-4.900001
[10:48:02.455] [DEBUG] [Move 1] MINIMAX: New best at depth 4, move=move, eval=4.900001
[10:48:02.455] [DEBUG] [Move 1] MINIMAX: Beta cutoff at depth 4, move 1/51, alpha=4.900001, beta=4.900001
[10:48:02.455] [DEBUG] [Move 1] MINIMAX: Root move 39: flip eval=-4.900001
[10:48:02.474] [DEBUG] [Move 1] MINIMAX: New best at depth 4, move=move, eval=4.900001
[10:48:02.474] [DEBUG] [Move 1] MINIMAX: Beta cutoff at depth 4, move 1/51, alpha=4.900001, beta=4.900001
[10:48:02.474] [DEBUG] [Move 1] MINIMAX: Root move 40: move eval=-4.900001
[10:48:02.484] [DEBUG] [Move 1] MINIMAX: New best at depth 4, move=move, eval=4.900001
[10:48:02.484] [DEBUG] [Move 1] MINIMAX: Beta cutoff at depth 4, move 1/51, alpha=4.900001, beta=4.900001
[10:48:02.484] [DEBUG] [Move 1] MINIMAX: Root move 41: push eval=-4.900001
[10:48:02.499] [DEBUG] [Move 1] MINIMAX: New best at depth 4, move=move, eval=4.900001
[10:48:02.499] [DEBUG] [Move 1] MINIMAX: Beta cutoff at depth 4, move 1/51, alpha=4.900001, beta=4.900001
[10:48:02.499] [DEBUG] [Move 1] MINIMAX: Root move 42: flip eval=-4.900001
[10:48:02.523] [DEBUG] [Move 1] MINIMAX: New best at depth 4, move=move, eval=4.900001
[10:48:02.523] [DEBUG] [Move 1] MINIMAX: Beta cutoff at depth 4, move 1/51, alpha=4.900001, beta=4.900001
[10:48:02.523] [DEBUG] [Move 1] MINIMAX: Root move 43: flip eval=-4.900001
[10:48:02.533] [DEBUG] [Move 1] MINIMAX: New best at depth 4, move=move, eval=4.900001
[10:48:02.533] [DEBUG] [Move 1] MINIMAX: Beta cutoff at depth 4, move 1/51, alpha=4.900001, beta=4.900001
[10:48:02.533] [DEBUG] [Move 1] MINIMAX: Root move 44: move eval=-4.900001
[10:48:02.544] [DEBUG] [Move 1] MINIMAX: New best at depth 4, move=move, eval=4.900001
[10:48:02.544] [DEBUG] [Move 1] MINIMAX: Beta cutoff at depth 4, move 1/51, alpha=4.900001, beta=4.900001
[10:48:02.544] [DEBUG] [Move 1] MINIMAX: Root move 45: move eval=-4.900001
[10:48:02.557] [DEBUG] [Move 1] MINIMAX: New best at depth 4, move=move, eval=4.900001
[10:48:02.557] [DEBUG] [Move 1] MINIMAX: Beta cutoff at depth 4, move 1/51, alpha=4.900001, beta=4.900001
[10:48:02.557] [DEBUG] [Move 1] MINIMAX: Root move 46: push eval=-4.900001
[10:48:02.574] [DEBUG] [Move 1] MINIMAX: New best at depth 4, move=move, eval=4.900001
[10:48:02.574] [DEBUG] [Move 1] MINIMAX: Beta cutoff at depth 4, move 1/51, alpha=4.900001, beta=4.900001
[10:48:02.574] [DEBUG] [Move 1] MINIMAX: Root move 47: flip eval=-4.900001
[10:48:02.591] [DEBUG] [Move 1] MINIMAX: New best at depth 4, move=move, eval=4.900001
[10:48:02.591] [DEBUG] [Move 1] MINIMAX: Beta cutoff at depth 4, move 1/51, alpha=4.900001, beta=4.900001
[10:48:02.591] [DEBUG] [Move 1] MINIMAX: Root move 48: flip eval=-4.900001
[10:48:02.591] [DEBUG] [Move 1] MINIMAX: Root search complete - evaluated=48/48, cutoffs=0
[10:48:02.591] [DEBUG] [Move 1] MINIMAX: Depth 5 completed, nodes=77793, eval=-4.900001, move=move
[10:48:02.591] [DEBUG] [Move 1] MINIMAX: Searching at depth 6
[10:48:02.710] [DEBUG] [Move 1] MINIMAX: New best at depth 4, move=move, eval=4.200000
[10:48:02.745] [DEBUG] [Move 1] MINIMAX: Beta cutoff at depth 3, move 1/56, alpha=-4.200000, beta=-4.200000
[10:48:02.779] [DEBUG] [Move 1] MINIMAX: Beta cutoff at depth 3, move 1/56, alpha=-4.200000, beta=-4.200000
[10:48:02.808] [DEBUG] [Move 1] MINIMAX: Beta cutoff at depth 3, move 1/56, alpha=-4.200000, beta=-4.200000
[10:48:02.837] [DEBUG] [Move 1] MINIMAX: Beta cutoff at depth 3, move 1/56, alpha=-4.200000, beta=-4.200000
[10:48:02.865] [DEBUG] [Move 1] MINIMAX: Beta cutoff at depth 3, move 1/56, alpha=-4.200000, beta=-4.200000
[10:48:02.898] [DEBUG] [Move 1] MINIMAX: Beta cutoff at depth 3, move 1/56, alpha=-4.200000, beta=-4.200000
[10:48:02.928] [DEBUG] [Move 1] MINIMAX: Beta cutoff at depth 3, move 1/56, alpha=-4.200000, beta=-4.200000
[10:48:02.957] [DEBUG] [Move 1] MINIMAX: Beta cutoff at depth 3, move 1/56, alpha=-4.200000, beta=-4.200000
[10:48:02.987] [DEBUG] [Move 1] MINIMAX: Beta cutoff at depth 3, move 1/56, alpha=-4.200000, beta=-4.200000
[10:48:03.012] [DEBUG] [Move 1] MINIMAX: Beta cutoff at depth 3, move 1/56, alpha=-4.200000, beta=-4.200000
[10:48:03.013] [DEBUG] [Move 1] MINIMAX: TT HIT at depth 3, eval=-4.200000, move=move
[10:48:03.037] [DEBUG] [Move 1] MINIMAX: Beta cutoff at depth 3, move 1/56, alpha=-4.200000, beta=-4.200000
[10:48:03.063] [DEBUG] [Move 1] MINIMAX: Beta cutoff at depth 3, move 1/56, alpha=-4.200000, beta=-4.200000
[10:48:03.087] [DEBUG] [Move 1] MINIMAX: Beta cutoff at depth 3, move 1/56, alpha=-4.200000, beta=-4.200000
[10:48:03.110] [DEBUG] [Move 1] MINIMAX: Beta cutoff at depth 3, move 1/56, alpha=-4.200000, beta=-4.200000
[10:48:03.111] [DEBUG] [Move 1] MINIMAX: New best at depth 4, move=flip, eval=1000000.000000
[10:48:03.111] [DEBUG] [Move 1] MINIMAX: Beta cutoff at depth 4, move 17/50, alpha=1000000.000000, beta=1000000.000000
[10:48:03.111] [DEBUG] [Move 1] MINIMAX: Root move 1: move eval=1000000.000000
[10:48:03.111] [DEBUG] [Move 1] MINIMAX: Alpha improved at root: -1000000.000000 -> 1000000.000000
[10:48:03.111] [DEBUG] [Move 1] MINIMAX: Root beta cutoff! Remaining 47 moves pruned
[10:48:03.111] [DEBUG] [Move 1] MINIMAX: Root search complete - evaluated=1/48, cutoffs=1
[10:48:03.111] [DEBUG] [Move 1] MINIMAX: Depth 6 completed, nodes=4690, eval=1000000.000000, move=move
[10:48:03.111] [DEBUG] [Move 1] MINIMAX: Found winning position, stopping early
[10:48:03.111] [INFO] [Move 1] MINIMAX: Search complete - depth=6, nodes=91844, TT_size=30685, time=3.000000s
[10:48:03.112] [DEBUG] [Move 1] VALIDATION DEBUG: Generated 48 legal moves for validation
[10:48:03.112] [DEBUG] [Move 1] VALIDATION DEBUG: Minimax returned move: move (3,3) -> (2,3)
[10:48:03.112] [DEBUG] [Move 1] VALIDATION DEBUG: Legal move 1: move (3,3) -> (2,3)
[10:48:03.112] [DEBUG] [Move 1] VALIDATION DEBUG: Legal move 2: move (3,3) -> (3,2)
[10:48:03.112] [DEBUG] [Move 1] VALIDATION DEBUG: Legal move 3: push (3,3) -> (3,4)
[10:48:03.112] [DEBUG] [Move 1] VALIDATION DEBUG: Legal move 4: flip (3,3) -> (3,3)
[10:48:03.112] [DEBUG] [Move 1] VALIDATION DEBUG: Legal move 5: flip (3,3) -> (3,3)
[10:48:03.112] [DEBUG] [Move 1] VALIDATION DEBUG: Move found in legal moves - SUCCESS!
[10:48:03.112] [DECISION] [Move 1] FINAL DECISION: move (3,3) -> (2,3) | Reasoning: Minimax search
[10:48:03.112] [DECISION] [Move 1] === MOVE DECISION END ===
[10:48:03.149] [DECISION] [Move 2] === MOVE DECISION START === Player: square, Board: 13x12, Time: 56.998s (vs 59.9924s)
[10:48:03.149] [DEBUG] [Move 2] MINIMAX: Starting search for square, time=56.998039s
[10:48:03.150] [DEBUG] [Move 2] MINIMAX: Found 50 legal moves at root
[10:48:03.150] [DEBUG] [Move 2] MINIMAX: Starting iterative deepening
[10:48:03.150] [DEBUG] [Move 2] MINIMAX: Searching at depth 1
[10:48:03.150] [DEBUG] [Move 2] MINIMAX: Root move 1: move eval=-4.900001
[10:48:03.150] [DEBUG] [Move 2] MINIMAX: Alpha improved at root: -1000000.000000 -> -4.900001
[10:48:03.150] [DEBUG] [Move 2] MINIMAX: Root move 2: move eval=-4.900001
[10:48:03.150] [DEBUG] [Move 2] MINIMAX: Root move 3: move eval=-4.900001
[10:48:03.150] [DEBUG] [Move 2] MINIMAX: Root move 4: move eval=-4.900001
[10:48:03.150] [DEBUG] [Move 2] MINIMAX: Root move 5: flip eval=-4.900001
[10:48:03.150] [DEBUG] [Move 2] MINIMAX: Root move 6: flip eval=-4.900001
[10:48:03.150] [DEBUG] [Move 2] MINIMAX: Root move 7: move eval=-4.900001
[10:48:03.150] [DEBUG] [Move 2] MINIMAX: Root move 8: push eval=-4.900001
[10:48:03.150] [DEBUG] [Move 2] MINIMAX: Root move 9: flip eval=-4.900001
[10:48:03.150] [DEBUG] [Move 2] MINIMAX: Root move 10: flip eval=-4.900001
[10:48:03.150] [DEBUG] [Move 2] MINIMAX: Root move 11: push eval=-4.900001
[10:48:03.150] [DEBUG] [Move 2] MINIMAX: Root move 12: push eval=-4.900001
[10:48:03.150] [DEBUG] [Move 2] MINIMAX: Root move 13: flip eval=-4.900001
[10:48:03.150] [DEBUG] [Move 2] MINIMAX: Root move 14: flip eval=-4.900001
[10:48:03.150] [DEBUG] [Move 2] MINIMAX: Root move 15: push eval=-4.900001
[10:48:03.150] [DEBUG] [Move 2] MINIMAX: Root move 16: flip eval=-4.900001
[10:48:03.150] [DEBUG] [Move 2] MINIMAX: Root move 17: flip eval=-4.900001
[10:48:03.150] [DEBUG] [Move 2] MINIMAX: Root move 18: push eval=-4.900001
[10:48:03.150] [DEBUG] [Move 2] MINIMAX: Root move 19: push eval=-4.900001
[10:48:03.150] [DEBUG] [Move 2] MINIMAX: Root move 20: flip eval=-4.900001
[10:48:03.150] [DEBUG] [Move 2] MINIMAX: Root move 21: flip eval=-4.900001
[10:48:03.150] [DEBUG] [Move 2] MINIMAX: Root move 22: move eval=-4.900001
[10:48:03.150] [DEBUG] [Move 2] MINIMAX: Root move 23: move eval=-4.900001
[10:48:03.150] [DEBUG] [Move 2] MINIMAX: Root move 24: push eval=-4.900001
[10:48:03.150] [DEBUG] [Move 2] MINIMAX: Root move 25: flip eval=-4.900001
[10:48:03.150] [DEBUG] [Move 2] MINIMAX: Root move 26: flip eval=-4.900001
[10:48:03.150] [DEBUG] [Move 2] MINIMAX: Root move 27: move eval=-4.900001
[10:48:03.150] [DEBUG] [Move 2] MINIMAX: Root move 28: move eval=-4.900001
[10:48:03.150] [DEBUG] [Move 2] MINIMAX: Root move 29: move eval=-4.900001
[10:48:03.150] [DEBUG] [Move 2] MINIMAX: Root move 30: flip eval=-4.900001
[10:48:03.150] [DEBUG] [Move 2] MINIMAX: Root move 31: flip eval=-4.900001
[10:48:03.150] [DEBUG] [Move 2] MINIMAX: Root move 32: move eval=-4.900001
[10:48:03.150] [DEBUG] [Move 2] MINIMAX: Root move 33: push eval=-4.900001
[10:48:03.150] [DEBUG] [Move 2] MINIMAX: Root move 34: flip eval=-4.900001
[10:48:03.150] [DEBUG] [Move 2] MINIMAX: Root move 35: flip eval=-4.900001
[10:48:03.150] [DEBUG] [Move 2] MINIMAX: Root move 36: move eval=-4.900001
[10:48:03.150] [DEBUG] [Move 2] MINIMAX: Root move 37: flip eval=-4.900001
[10:48:03.150] [DEBUG] [Move 2] MINIMAX: Root move 38: flip eval=-4.900001
[10:48:03.150] [DEBUG] [Move 2] MINIMAX: Root move 39: move eval=-4.900001
[10:48:03.150] [DEBUG] [Move 2] MINIMAX: Root move 40: flip eval=-4.900001
[10:48:03.151] [DEBUG] [Move 2] MINIMAX: Root move 41: flip eval=-4.900001
[10:48:03.151] [DEBUG] [Move 2] MINIMAX: Root move 42: move eval=-4.900001
[10:48:03.151] [DEBUG] [Move 2] MINIMAX: Root move 43: push eval=-4.900001
[10:48:03.151] [DEBUG] [Move 2] MINIMAX: Root move 44: flip eval=-4.900001
[10:48:03.151] [DEBUG] [Move 2] MINIMAX: Root move 45: flip eval=-4.900001
[10:48:03.151] [DEBUG] [Move 2] MINIMAX: Root move 46: move eval=-4.900001
[10:48:03.151] [DEBUG] [Move 2] MINIMAX: Root move 47: move eval=-4.900001
[10:48:03.151] [DEBUG] [Move 2] MINIMAX: Root move 48: push eval=-4.900001
[10:48:03.151] [DEBUG] [Move 2] MINIMAX: Root move 49: flip eval=-4.900001
[10:48:03.151] [DEBUG] [Move 2] MINIMAX: Root move 50: flip eval=-4.900001
[10:48:03.151] [DEBUG] [Move 2] MINIMAX: Root search complete - evaluated=50/50, cutoffs=0
[10:48:03.151] [DEBUG] [Move 2] MINIMAX: Depth 1 completed, nodes=50, eval=-4.900001, move=move
[10:48:03.151] [DEBUG] [Move 2] MINIMAX: Searching at depth 2
[10:48:03.152] [DEBUG] [Move 2] MINIMAX: Root move 1: move eval=4.200000
[10:48:03.152] [DEBUG] [Move 2] MINIMAX: Alpha improved at root: -1000000.000000 -> 4.200000
[10:48:03.153] [DEBUG] [Move 2] MINIMAX: Root move 2: move eval=4.200000
[10:48:03.154] [DEBUG] [Move 2] MINIMAX: Root move 3: move eval=4.200000
[10:48:03.154] [DEBUG] [Move 2] MINIMAX: Root move 4: move eval=4.200000
[10:48:03.155] [DEBUG] [Move 2] MINIMAX: Root move 5: flip eval=4.200000
[10:48:03.156] [DEBUG] [Move 2] MINIMAX: Root move 6: flip eval=4.200000
[10:48:03.156] [DEBUG] [Move 2] MINIMAX: Root move 7: move eval=4.200000
[10:48:03.157] [DEBUG] [Move 2] MINIMAX: Root move 8: push eval=4.200000
[10:48:03.158] [DEBUG] [Move 2] MINIMAX: Root move 9: flip eval=4.200000
[10:48:03.158] [DEBUG] [Move 2] MINIMAX: Root move 10: flip eval=4.200000
[10:48:03.159] [DEBUG] [Move 2] MINIMAX: Root move 11: push eval=4.200000
[10:48:03.159] [DEBUG] [Move 2] MINIMAX: Root move 12: push eval=4.200000
[10:48:03.160] [DEBUG] [Move 2] MINIMAX: Root move 13: flip eval=4.200000
[10:48:03.161] [DEBUG] [Move 2] MINIMAX: Root move 14: flip eval=4.200000
[10:48:03.162] [DEBUG] [Move 2] MINIMAX: Root move 15: push eval=4.200000
[10:48:03.164] [DEBUG] [Move 2] MINIMAX: Root move 16: flip eval=4.200000
[10:48:03.165] [DEBUG] [Move 2] MINIMAX: Root move 17: flip eval=4.200000
[10:48:03.166] [DEBUG] [Move 2] MINIMAX: Root move 18: push eval=4.200000
[10:48:03.166] [DEBUG] [Move 2] MINIMAX: Root move 19: push eval=4.200000
[10:48:03.167] [DEBUG] [Move 2] MINIMAX: Root move 20: flip eval=4.200000
[10:48:03.168] [DEBUG] [Move 2] MINIMAX: Root move 21: flip eval=4.200000
[10:48:03.169] [DEBUG] [Move 2] MINIMAX: Root move 22: move eval=4.200000
[10:48:03.170] [DEBUG] [Move 2] MINIMAX: Root move 23: move eval=4.200000
[10:48:03.171] [DEBUG] [Move 2] MINIMAX: Root move 24: push eval=4.200000
[10:48:03.172] [DEBUG] [Move 2] MINIMAX: Root move 25: flip eval=4.200000
[10:48:03.173] [DEBUG] [Move 2] MINIMAX: Root move 26: flip eval=4.200000
[10:48:03.174] [DEBUG] [Move 2] MINIMAX: Root move 27: move eval=4.200000
[10:48:03.175] [DEBUG] [Move 2] MINIMAX: Root move 28: move eval=4.200000
[10:48:03.176] [DEBUG] [Move 2] MINIMAX: Root move 29: move eval=4.200000
[10:48:03.177] [DEBUG] [Move 2] MINIMAX: Root move 30: flip eval=4.200000
[10:48:03.177] [DEBUG] [Move 2] MINIMAX: Root move 31: flip eval=4.200000
[10:48:03.178] [DEBUG] [Move 2] MINIMAX: Root move 32: move eval=4.200000
[10:48:03.180] [DEBUG] [Move 2] MINIMAX: Root move 33: push eval=4.200000
[10:48:03.181] [DEBUG] [Move 2] MINIMAX: Root move 34: flip eval=4.200000
[10:48:03.182] [DEBUG] [Move 2] MINIMAX: Root move 35: flip eval=4.200000
[10:48:03.182] [DEBUG] [Move 2] MINIMAX: Root move 36: move eval=4.200000
[10:48:03.183] [DEBUG] [Move 2] MINIMAX: Root move 37: flip eval=4.200000
[10:48:03.184] [DEBUG] [Move 2] MINIMAX: Root move 38: flip eval=4.200000
[10:48:03.186] [DEBUG] [Move 2] MINIMAX: Root move 39: move eval=4.200000
[10:48:03.187] [DEBUG] [Move 2] MINIMAX: Root move 40: flip eval=4.200000
[10:48:03.188] [DEBUG] [Move 2] MINIMAX: Root move 41: flip eval=4.200000
[10:48:03.189] [DEBUG] [Move 2] MINIMAX: Root move 42: move eval=4.200000
[10:48:03.191] [DEBUG] [Move 2] MINIMAX: Root move 43: push eval=4.200000
[10:48:03.192] [DEBUG] [Move 2] MINIMAX: Root move 44: flip eval=4.200000
[10:48:03.193] [DEBUG] [Move 2] MINIMAX: Root move 45: flip eval=4.200000
[10:48:03.195] [DEBUG] [Move 2] MINIMAX: Root move 46: move eval=4.200000
[10:48:03.196] [DEBUG] [Move 2] MINIMAX: Root move 47: move eval=4.200000
[10:48:03.197] [DEBUG] [Move 2] MINIMAX: Root move 48: push eval=4.200000
[10:48:03.198] [DEBUG] [Move 2] MINIMAX: Root move 49: flip eval=4.200000
[10:48:03.199] [DEBUG] [Move 2] MINIMAX: Root move 50: flip eval=4.200000
[10:48:03.199] [DEBUG] [Move 2] MINIMAX: Root search complete - evaluated=50/50, cutoffs=0
[10:48:03.199] [DEBUG] [Move 2] MINIMAX: Depth 2 completed, nodes=161, eval=4.200000, move=move
[10:48:03.199] [DEBUG] [Move 2] MINIMAX: Searching at depth 3
[10:48:03.201] [DEBUG] [Move 2] MINIMAX: Root move 1: move eval=-4.900001
[10:48:03.201] [DEBUG] [Move 2] MINIMAX: Alpha improved at root: -1000000.000000 -> -4.900001
[10:48:03.204] [DEBUG] [Move 2] MINIMAX: Root move 2: move eval=-4.900001
[10:48:03.206] [DEBUG] [Move 2] MINIMAX: Root move 3: move eval=-4.900001
[10:48:03.208] [DEBUG] [Move 2] MINIMAX: Root move 4: move eval=-4.900001
[10:48:03.211] [DEBUG] [Move 2] MINIMAX: Root move 5: flip eval=-4.900001
[10:48:03.213] [DEBUG] [Move 2] MINIMAX: Root move 6: flip eval=-4.900001
[10:48:03.215] [DEBUG] [Move 2] MINIMAX: Root move 7: move eval=-4.900001
[10:48:03.218] [DEBUG] [Move 2] MINIMAX: Root move 8: push eval=-4.900001
[10:48:03.220] [DEBUG] [Move 2] MINIMAX: Root move 9: flip eval=-4.900001
[10:48:03.223] [DEBUG] [Move 2] MINIMAX: Root move 10: flip eval=-4.900001
[10:48:03.224] [DEBUG] [Move 2] MINIMAX: Root move 11: push eval=-4.900001
[10:48:03.224] [DEBUG] [Move 2] MINIMAX: Root move 12: push eval=-4.900001
[10:48:03.226] [DEBUG] [Move 2] MINIMAX: Root move 13: flip eval=-4.900001
[10:48:03.228] [DEBUG] [Move 2] MINIMAX: Root move 14: flip eval=-4.900001
[10:48:03.229] [DEBUG] [Move 2] MINIMAX: Root move 15: push eval=-4.900001
[10:48:03.230] [DEBUG] [Move 2] MINIMAX: Root move 16: flip eval=-4.900001
[10:48:03.232] [DEBUG] [Move 2] MINIMAX: Root move 17: flip eval=-4.900001
[10:48:03.234] [DEBUG] [Move 2] MINIMAX: Root move 18: push eval=-4.900001
[10:48:03.234] [DEBUG] [Move 2] MINIMAX: Root move 19: push eval=-4.900001
[10:48:03.236] [DEBUG] [Move 2] MINIMAX: Root move 20: flip eval=-4.900001
[10:48:03.237] [DEBUG] [Move 2] MINIMAX: Root move 21: flip eval=-4.900001
[10:48:03.239] [DEBUG] [Move 2] MINIMAX: Root move 22: move eval=-4.900001
[10:48:03.241] [DEBUG] [Move 2] MINIMAX: Root move 23: move eval=-4.900001
[10:48:03.242] [DEBUG] [Move 2] MINIMAX: Root move 24: push eval=-4.900001
[10:48:03.244] [DEBUG] [Move 2] MINIMAX: Root move 25: flip eval=-4.900001
[10:48:03.246] [DEBUG] [Move 2] MINIMAX: Root move 26: flip eval=-4.900001
[10:48:03.248] [DEBUG] [Move 2] MINIMAX: Root move 27: move eval=-4.900001
[10:48:03.249] [DEBUG] [Move 2] MINIMAX: Root move 28: move eval=-4.900001
[10:48:03.250] [DEBUG] [Move 2] MINIMAX: Root move 29: move eval=-4.900001
[10:48:03.252] [DEBUG] [Move 2] MINIMAX: Root move 30: flip eval=-4.900001
[10:48:03.253] [DEBUG] [Move 2] MINIMAX: Root move 31: flip eval=-4.900001
[10:48:03.255] [DEBUG] [Move 2] MINIMAX: Root move 32: move eval=-4.900001
[10:48:03.257] [DEBUG] [Move 2] MINIMAX: Root move 33: push eval=-4.900001
[10:48:03.258] [DEBUG] [Move 2] MINIMAX: Root move 34: flip eval=-4.900001
[10:48:03.260] [DEBUG] [Move 2] MINIMAX: Root move 35: flip eval=-4.900001
[10:48:03.261] [DEBUG] [Move 2] MINIMAX: Root move 36: move eval=-4.900001
[10:48:03.263] [DEBUG] [Move 2] MINIMAX: Root move 37: flip eval=-4.900001
[10:48:03.264] [DEBUG] [Move 2] MINIMAX: Root move 38: flip eval=-4.900001
[10:48:03.266] [DEBUG] [Move 2] MINIMAX: Root move 39: move eval=-4.900001
[10:48:03.268] [DEBUG] [Move 2] MINIMAX: Root move 40: flip eval=-4.900001
[10:48:03.270] [DEBUG] [Move 2] MINIMAX: Root move 41: flip eval=-4.900001
[10:48:03.271] [DEBUG] [Move 2] MINIMAX: Root move 42: move eval=-4.900001
[10:48:03.273] [DEBUG] [Move 2] MINIMAX: Root move 43: push eval=-4.900001
[10:48:03.274] [DEBUG] [Move 2] MINIMAX: Root move 44: flip eval=-4.900001
[10:48:03.276] [DEBUG] [Move 2] MINIMAX: Root move 45: flip eval=-4.900001
[10:48:03.278] [DEBUG] [Move 2] MINIMAX: Root move 46: move eval=-4.900001
[10:48:03.279] [DEBUG] [Move 2] MINIMAX: Root move 47: move eval=-4.900001
[10:48:03.281] [DEBUG] [Move 2] MINIMAX: Root move 48: push eval=-4.900001
[10:48:03.283] [DEBUG] [Move 2] MINIMAX: Root move 49: flip eval=-4.900001
[10:48:03.285] [DEBUG] [Move 2] MINIMAX: Root move 50: flip eval=-4.900001
[10:48:03.285] [DEBUG] [Move 2] MINIMAX: Root search complete - evaluated=50/50, cutoffs=0
[10:48:03.285] [DEBUG] [Move 2] MINIMAX: Depth 3 completed, nodes=2736, eval=-4.900001, move=move
[10:48:03.285] [DEBUG] [Move 2] MINIMAX: Searching at depth 4
[10:48:03.451] [DEBUG] [Move 2] MINIMAX: Root move 1: move eval=4.200000
[10:48:03.451] [DEBUG] [Move 2] MINIMAX: Alpha improved at root: -1000000.000000 -> 4.200000
[10:48:03.487] [DEBUG] [Move 2] MINIMAX: Beta cutoff at depth 3, move 1/64, alpha=-4.200000, beta=-4.200000
[10:48:03.488] [DEBUG] [Move 2] MINIMAX: Root move 2: move eval=4.200000
[10:48:03.526] [DEBUG] [Move 2] MINIMAX: Beta cutoff at depth 3, move 1/64, alpha=-4.200000, beta=-4.200000
[10:48:03.526] [DEBUG] [Move 2] MINIMAX: Root move 3: move eval=4.200000
[10:48:03.559] [DEBUG] [Move 2] MINIMAX: Beta cutoff at depth 3, move 1/64, alpha=-4.200000, beta=-4.200000
[10:48:03.559] [DEBUG] [Move 2] MINIMAX: Root move 4: move eval=4.200000
[10:48:03.588] [DEBUG] [Move 2] MINIMAX: Beta cutoff at depth 3, move 1/64, alpha=-4.200000, beta=-4.200000
[10:48:03.588] [DEBUG] [Move 2] MINIMAX: Root move 5: flip eval=4.200000
[10:48:03.622] [DEBUG] [Move 2] MINIMAX: Beta cutoff at depth 3, move 1/64, alpha=-4.200000, beta=-4.200000
[10:48:03.622] [DEBUG] [Move 2] MINIMAX: Root move 6: flip eval=4.200000
[10:48:03.662] [DEBUG] [Move 2] MINIMAX: Beta cutoff at depth 3, move 1/64, alpha=-4.200000, beta=-4.200000
[10:48:03.662] [DEBUG] [Move 2] MINIMAX: Root move 7: move eval=4.200000
[10:48:03.687] [DEBUG] [Move 2] MINIMAX: Beta cutoff at depth 3, move 1/64, alpha=-4.200000, beta=-4.200000
[10:48:03.687] [DEBUG] [Move 2] MINIMAX: Root move 8: push eval=4.200000
[10:48:03.716] [DEBUG] [Move 2] MINIMAX: Beta cutoff at depth 3, move 1/64, alpha=-4.200000, beta=-4.200000
[10:48:03.716] [DEBUG] [Move 2] MINIMAX: Root move 9: flip eval=4.200000
[10:48:03.748] [DEBUG] [Move 2] MINIMAX: Beta cutoff at depth 3, move 1/64, alpha=-4.200000, beta=-4.200000
[10:48:03.748] [DEBUG] [Move 2] MINIMAX: Root move 10: flip eval=4.200000
[10:48:03.773] [DEBUG] [Move 2] MINIMAX: Beta cutoff at depth 3, move 1/64, alpha=-4.200000, beta=-4.200000
[10:48:03.773] [DEBUG] [Move 2] MINIMAX: Root move 11: push eval=4.200000
[10:48:03.773] [DEBUG] [Move 2] MINIMAX: TT HIT at depth 3, eval=-4.200000, move=move
[10:48:03.773] [DEBUG] [Move 2] MINIMAX: Root move 12: push eval=4.200000
[10:48:03.797] [DEBUG] [Move 2] MINIMAX: Beta cutoff at depth 3, move 1/64, alpha=-4.200000, beta=-4.200000
[10:48:03.797] [DEBUG] [Move 2] MINIMAX: Root move 13: flip eval=4.200000
[10:48:03.822] [DEBUG] [Move 2] MINIMAX: Beta cutoff at depth 3, move 1/64, alpha=-4.200000, beta=-4.200000
[10:48:03.822] [DEBUG] [Move 2] MINIMAX: Root move 14: flip eval=4.200000
[10:48:03.845] [DEBUG] [Move 2] MINIMAX: Beta cutoff at depth 3, move 1/64, alpha=-4.200000, beta=-4.200000
[10:48:03.845] [DEBUG] [Move 2] MINIMAX: Root move 15: push eval=4.200000
[10:48:03.869] [DEBUG] [Move 2] MINIMAX: Beta cutoff at depth 3, move 1/64, alpha=-4.200000, beta=-4.200000
[10:48:03.869] [DEBUG] [Move 2] MINIMAX: Root move 16: flip eval=4.200000
[10:48:03.893] [DEBUG] [Move 2] MINIMAX: Beta cutoff at depth 3, move 1/64, alpha=-4.200000, beta=-4.200000
[10:48:03.893] [DEBUG] [Move 2] MINIMAX: Root move 17: flip eval=4.200000
[10:48:03.915] [DEBUG] [Move 2] MINIMAX: Beta cutoff at depth 3, move 1/64, alpha=-4.200000, beta=-4.200000
[10:48:03.915] [DEBUG] [Move 2] MINIMAX: Root move 18: push eval=4.200000
[10:48:03.915] [DEBUG] [Move 2] MINIMAX: TT HIT at depth 3, eval=-4.200000, move=move
[10:48:03.915] [DEBUG] [Move 2] MINIMAX: Root move 19: push eval=4.200000
[10:48:03.938] [DEBUG] [Move 2] MINIMAX: Beta cutoff at depth 3, move 1/64, alpha=-4.200000, beta=-4.200000
[10:48:03.938] [DEBUG] [Move 2] MINIMAX: Root move 20: flip eval=4.200000
[10:48:03.960] [DEBUG] [Move 2] MINIMAX: Beta cutoff at depth 3, move 1/64, alpha=-4.200000, beta=-4.200000
[10:48:03.960] [DEBUG] [Move 2] MINIMAX: Root move 21: flip eval=4.200000
[10:48:03.980] [DEBUG] [Move 2] MINIMAX: Beta cutoff at depth 3, move 1/64, alpha=-4.200000, beta=-4.200000
[10:48:03.980] [DEBUG] [Move 2] MINIMAX: Root move 22: move eval=4.200000
[10:48:04.002] [DEBUG] [Move 2] MINIMAX: Beta cutoff at depth 3, move 1/64, alpha=-4.200000, beta=-4.200000
[10:48:04.002] [DEBUG] [Move 2] MINIMAX: Root move 23: move eval=4.200000
[10:48:04.019] [DEBUG] [Move 2] MINIMAX: Beta cutoff at depth 3, move 1/64, alpha=-4.200000, beta=-4.200000
[10:48:04.020] [DEBUG] [Move 2] MINIMAX: Root move 24: push eval=4.200000
[10:48:04.040] [DEBUG] [Move 2] MINIMAX: Beta cutoff at depth 3, move 1/64, alpha=-4.200000, beta=-4.200000
[10:48:04.040] [DEBUG] [Move 2] MINIMAX: Root move 25: flip eval=4.200000
[10:48:04.069] [DEBUG] [Move 2] MINIMAX: Beta cutoff at depth 3, move 1/64, alpha=-4.200000, beta=-4.200000
[10:48:04.069] [DEBUG] [Move 2] MINIMAX: Root move 26: flip eval=4.200000
[10:48:04.089] [DEBUG] [Move 2] MINIMAX: Beta cutoff at depth 3, move 1/69, alpha=-4.200000, beta=-4.200000
[10:48:04.089] [DEBUG] [Move 2] MINIMAX: Root move 27: move eval=4.200000
[10:48:04.104] [DEBUG] [Move 2] MINIMAX: Beta cutoff at depth 3, move 1/65, alpha=-4.200000, beta=-4.200000
[10:48:04.104] [DEBUG] [Move 2] MINIMAX: Root move 28: move eval=4.200000
[10:48:04.121] [DEBUG] [Move 2] MINIMAX: Beta cutoff at depth 3, move 1/63, alpha=-4.200000, beta=-4.200000
[10:48:04.121] [DEBUG] [Move 2] MINIMAX: Root move 29: move eval=4.200000
[10:48:04.138] [DEBUG] [Move 2] MINIMAX: Beta cutoff at depth 3, move 1/67, alpha=-4.200000, beta=-4.200000
[10:48:04.138] [DEBUG] [Move 2] MINIMAX: Root move 30: flip eval=4.200000
[10:48:04.157] [DEBUG] [Move 2] MINIMAX: Beta cutoff at depth 3, move 1/68, alpha=-4.200000, beta=-4.200000
[10:48:04.157] [DEBUG] [Move 2] MINIMAX: Root move 31: flip eval=4.200000
[10:48:04.173] [DEBUG] [Move 2] MINIMAX: Beta cutoff at depth 3, move 1/60, alpha=-4.200000, beta=-4.200000
[10:48:04.173] [DEBUG] [Move 2] MINIMAX: Root move 32: move eval=4.200000
[10:48:04.190] [DEBUG] [Move 2] MINIMAX: Beta cutoff at depth 3, move 1/68, alpha=-4.200000, beta=-4.200000
[10:48:04.190] [DEBUG] [Move 2] MINIMAX: Root move 33: push eval=4.200000
[10:48:04.207] [DEBUG] [Move 2] MINIMAX: Beta cutoff at depth 3, move 1/64, alpha=-4.200000, beta=-4.200000
[10:48:04.207] [DEBUG] [Move 2] MINIMAX: Root move 34: flip eval=4.200000
[10:48:04.225] [DEBUG] [Move 2] MINIMAX: Beta cutoff at depth 3, move 1/64, alpha=-4.200000, beta=-4.200000
[10:48:04.225] [DEBUG] [Move 2] MINIMAX: Root move 35: flip eval=4.200000
[10:48:04.239] [DEBUG] [Move 2] MINIMAX: Beta cutoff at depth 3, move 1/63, alpha=-4.200000, beta=-4.200000
[10:48:04.239] [DEBUG] [Move 2] MINIMAX: Root move 36: move eval=4.200000
[10:48:04.249] [DEBUG] [Move 2] MINIMAX: Beta cutoff at depth 3, move 1/64, alpha=-4.200000, beta=-4.200000
[10:48:04.249] [DEBUG] [Move 2] MINIMAX: Root move 37: flip eval=4.200000
[10:48:04.270] [DEBUG] [Move 2] MINIMAX: Beta cutoff at depth 3, move 1/64, alpha=-4.200000, beta=-4.200000
[10:48:04.270] [DEBUG] [Move 2] MINIMAX: Root move 38: flip eval=4.200000
[10:48:04.281] [DEBUG] [Move 2] MINIMAX: Beta cutoff at depth 3, move 1/64, alpha=-4.200000, beta=-4.200000
[10:48:04.281] [DEBUG] [Move 2] MINIMAX: Root move 39: move eval=4.200000
[10:48:04.289] [DEBUG] [Move 2] MINIMAX: Beta cutoff at depth 3, move 1/64, alpha=-4.200000, beta=-4.200000
[10:48:04.289] [DEBUG] [Move 2] MINIMAX: Root move 40: flip eval=4.200000
[10:48:04.306] [DEBUG] [Move 2] MINIMAX: Beta cutoff at depth 3, move 1/64, alpha=-4.200000, beta=-4.200000
[10:48:04.307] [DEBUG] [Move 2] MINIMAX: Root move 41: flip eval=4.200000
[10:48:04.316] [DEBUG] [Move 2] MINIMAX: Beta cutoff at depth 3, move 1/64, alpha=-4.200000, beta=-4.200000
[10:48:04.317] [DEBUG] [Move 2] MINIMAX: Root move 42: move eval=4.200000
[10:48:04.322] [DEBUG] [Move 2] MINIMAX: Beta cutoff at depth 3, move 1/64, alpha=-4.200000, beta=-4.200000
[10:48:04.322] [DEBUG] [Move 2] MINIMAX: Root move 43: push eval=4.200000
[10:48:04.329] [DEBUG] [Move 2] MINIMAX: Beta cutoff at depth 3, move 1/64, alpha=-4.200000, beta=-4.200000
[10:48:04.329] [DEBUG] [Move 2] MINIMAX: Root move 44: flip eval=4.200000
[10:48:04.340] [DEBUG] [Move 2] MINIMAX: Beta cutoff at depth 3, move 1/64, alpha=-4.200000, beta=-4.200000
[10:48:04.340] [DEBUG] [Move 2] MINIMAX: Root move 45: flip eval=4.200000
[10:48:04.345] [DEBUG] [Move 2] MINIMAX: Beta cutoff at depth 3, move 1/64, alpha=-4.200000, beta=-4.200000
[10:48:04.345] [DEBUG] [Move 2] MINIMAX: Root move 46: move eval=4.200000
[10:48:04.350] [DEBUG] [Move 2] MINIMAX: Beta cutoff at depth 3, move 1/64, alpha=-4.200000, beta=-4.200000
[10:48:04.350] [DEBUG] [Move 2] MINIMAX: Root move 47: move eval=4.200000
[10:48:04.355] [DEBUG] [Move 2] MINIMAX: Beta cutoff at depth 3, move 1/64, alpha=-4.200000, beta=-4.200000
[10:48:04.355] [DEBUG] [Move 2] MINIMAX: Root move 48: push eval=4.200000
[10:48:04.361] [DEBUG] [Move 2] MINIMAX: Beta cutoff at depth 3, move 1/64, alpha=-4.200000, beta=-4.200000
[10:48:04.361] [DEBUG] [Move 2] MINIMAX: Root move 49: flip eval=4.200000
[10:48:04.368] [DEBUG] [Move 2] MINIMAX: Beta cutoff at depth 3, move 1/64, alpha=-4.200000, beta=-4.200000
[10:48:04.369] [DEBUG] [Move 2] MINIMAX: Root move 50: flip eval=4.200000
[10:48:04.369] [DEBUG] [Move 2] MINIMAX: Root search complete - evaluated=50/50, cutoffs=0
[10:48:04.369] [DEBUG] [Move 2] MINIMAX: Depth 4 completed, nodes=7773, eval=4.200000, move=move
[10:48:04.369] [DEBUG] [Move 2] MINIMAX: Searching at depth 5
[10:48:04.481] [DEBUG] [Move 2] MINIMAX: New best at depth 4, move=move, eval=4.900001
[10:48:04.516] [DEBUG] [Move 2] MINIMAX: Beta cutoff at depth 3, move 1/50, alpha=-4.900001, beta=-4.900001
[10:48:04.555] [DEBUG] [Move 2] MINIMAX: Beta cutoff at depth 3, move 1/49, alpha=-4.900001, beta=-4.900001
[10:48:04.604] [DEBUG] [Move 2] MINIMAX: Beta cutoff at depth 3, move 1/50, alpha=-4.900001, beta=-4.900001
[10:48:04.648] [DEBUG] [Move 2] MINIMAX: Beta cutoff at depth 3, move 1/50, alpha=-4.900001, beta=-4.900001
[10:48:04.689] [DEBUG] [Move 2] MINIMAX: Beta cutoff at depth 3, move 1/50, alpha=-4.900001, beta=-4.900001
[10:48:04.733] [DEBUG] [Move 2] MINIMAX: Beta cutoff at depth 3, move 1/50, alpha=-4.900001, beta=-4.900001
[10:48:04.770] [DEBUG] [Move 2] MINIMAX: Beta cutoff at depth 3, move 1/50, alpha=-4.900001, beta=-4.900001
[10:48:04.800] [DEBUG] [Move 2] MINIMAX: Beta cutoff at depth 3, move 1/50, alpha=-4.900001, beta=-4.900001
[10:48:04.830] [DEBUG] [Move 2] MINIMAX: Beta cutoff at depth 3, move 1/50, alpha=-4.900001, beta=-4.900001
[10:48:04.830] [DEBUG] [Move 2] MINIMAX: TT HIT at depth 3, eval=-4.900001, move=move
[10:48:04.830] [DEBUG] [Move 2] MINIMAX: TT HIT at depth 3, eval=-4.900001, move=move
[10:48:04.861] [DEBUG] [Move 2] MINIMAX: Beta cutoff at depth 3, move 1/50, alpha=-4.900001, beta=-4.900001
[10:48:04.861] [DEBUG] [Move 2] MINIMAX: TT HIT at depth 3, eval=-4.900001, move=move
[10:48:04.861] [DEBUG] [Move 2] MINIMAX: TT HIT at depth 3, eval=-4.900001, move=move
[10:48:04.890] [DEBUG] [Move 2] MINIMAX: Beta cutoff at depth 3, move 1/50, alpha=-4.900001, beta=-4.900001
[10:48:04.890] [DEBUG] [Move 2] MINIMAX: TT HIT at depth 3, eval=-4.900001, move=move
[10:48:04.890] [DEBUG] [Move 2] MINIMAX: TT HIT at depth 3, eval=-4.900001, move=move
[10:48:04.916] [DEBUG] [Move 2] MINIMAX: Beta cutoff at depth 3, move 1/50, alpha=-4.900001, beta=-4.900001
[10:48:04.942] [DEBUG] [Move 2] MINIMAX: Beta cutoff at depth 3, move 1/50, alpha=-4.900001, beta=-4.900001
[10:48:04.975] [DEBUG] [Move 2] MINIMAX: Beta cutoff at depth 3, move 1/49, alpha=-4.900001, beta=-4.900001
[10:48:05.009] [DEBUG] [Move 2] MINIMAX: Beta cutoff at depth 3, move 1/50, alpha=-4.900001, beta=-4.900001
[10:48:05.040] [DEBUG] [Move 2] MINIMAX: Beta cutoff at depth 3, move 1/50, alpha=-4.900001, beta=-4.900001
[10:48:05.072] [DEBUG] [Move 2] MINIMAX: Beta cutoff at depth 3, move 1/50, alpha=-4.900001, beta=-4.900001
[10:48:05.101] [DEBUG] [Move 2] MINIMAX: Beta cutoff at depth 3, move 1/50, alpha=-4.900001, beta=-4.900001
[10:48:05.133] [DEBUG] [Move 2] MINIMAX: Beta cutoff at depth 3, move 1/50, alpha=-4.900001, beta=-4.900001
[10:48:05.159] [DEBUG] [Move 2] MINIMAX: Beta cutoff at depth 3, move 1/50, alpha=-4.900001, beta=-4.900001
[10:48:05.182] [DEBUG] [Move 2] MINIMAX: Beta cutoff at depth 3, move 1/50, alpha=-4.900001, beta=-4.900001
[10:48:05.214] [DEBUG] [Move 2] MINIMAX: Beta cutoff at depth 3, move 1/50, alpha=-4.900001, beta=-4.900001
[10:48:05.238] [DEBUG] [Move 2] MINIMAX: Beta cutoff at depth 3, move 1/50, alpha=-4.900001, beta=-4.900001
[10:48:05.261] [DEBUG] [Move 2] MINIMAX: Beta cutoff at depth 3, move 1/50, alpha=-4.900001, beta=-4.900001
[10:48:05.286] [DEBUG] [Move 2] MINIMAX: Beta cutoff at depth 3, move 1/50, alpha=-4.900001, beta=-4.900001
[10:48:05.314] [DEBUG] [Move 2] MINIMAX: Beta cutoff at depth 3, move 1/50, alpha=-4.900001, beta=-4.900001
[10:48:05.335] [DEBUG] [Move 2] MINIMAX: Beta cutoff at depth 3, move 1/50, alpha=-4.900001, beta=-4.900001
[10:48:05.357] [DEBUG] [Move 2] MINIMAX: Beta cutoff at depth 3, move 1/50, alpha=-4.900001, beta=-4.900001
[10:48:05.376] [DEBUG] [Move 2] MINIMAX: Beta cutoff at depth 3, move 1/50, alpha=-4.900001, beta=-4.900001
[10:48:05.398] [DEBUG] [Move 2] MINIMAX: Beta cutoff at depth 3, move 1/50, alpha=-4.900001, beta=-4.900001
[10:48:05.420] [DEBUG] [Move 2] MINIMAX: Beta cutoff at depth 3, move 1/50, alpha=-4.900001, beta=-4.900001
[10:48:05.437] [DEBUG] [Move 2] MINIMAX: Beta cutoff at depth 3, move 1/50, alpha=-4.900001, beta=-4.900001
[10:48:05.454] [DEBUG] [Move 2] MINIMAX: Beta cutoff at depth 3, move 1/50, alpha=-4.900001, beta=-4.900001
[10:48:05.473] [DEBUG] [Move 2] MINIMAX: Beta cutoff at depth 3, move 1/50, alpha=-4.900001, beta=-4.900001
[10:48:05.491] [DEBUG] [Move 2] MINIMAX: Beta cutoff at depth 3, move 1/50, alpha=-4.900001, beta=-4.900001
[10:48:05.511] [DEBUG] [Move 2] MINIMAX: Beta cutoff at depth 3, move 1/50, alpha=-4.900001, beta=-4.900001
[10:48:05.528] [DEBUG] [Move 2] MINIMAX: Beta cutoff at depth 3, move 1/49, alpha=-4.900001, beta=-4.900001
[10:48:05.546] [DEBUG] [Move 2] MINIMAX: Beta cutoff at depth 3, move 1/50, alpha=-4.900001, beta=-4.900001
[10:48:05.563] [DEBUG] [Move 2] MINIMAX: Beta cutoff at depth 3, move 1/50, alpha=-4.900001, beta=-4.900001
[10:48:05.577] [DEBUG] [Move 2] MINIMAX: Beta cutoff at depth 3, move 1/50, alpha=-4.900001, beta=-4.900001
[10:48:05.589] [DEBUG] [Move 2] MINIMAX: Beta cutoff at depth 3, move 1/50, alpha=-4.900001, beta=-4.900001
[10:48:05.607] [DEBUG] [Move 2] MINIMAX: Beta cutoff at depth 3, move 1/50, alpha=-4.900001, beta=-4.900001
[10:48:05.620] [DEBUG] [Move 2] MINIMAX: Beta cutoff at depth 3, move 1/50, alpha=-4.900001, beta=-4.900001
[10:48:05.629] [DEBUG] [Move 2] MINIMAX: Beta cutoff at depth 3, move 1/50, alpha=-4.900001, beta=-4.900001
[10:48:05.640] [DEBUG] [Move 2] MINIMAX: Beta cutoff at depth 3, move 1/50, alpha=-4.900001, beta=-4.900001
[10:48:05.648] [DEBUG] [Move 2] MINIMAX: Beta cutoff at depth 3, move 1/50, alpha=-4.900001, beta=-4.900001
[10:48:05.655] [DEBUG] [Move 2] MINIMAX: Beta cutoff at depth 3, move 1/50, alpha=-4.900001, beta=-4.900001
[10:48:05.666] [DEBUG] [Move 2] MINIMAX: Beta cutoff at depth 3, move 1/50, alpha=-4.900001, beta=-4.900001
[10:48:05.671] [DEBUG] [Move 2] MINIMAX: Beta cutoff at depth 3, move 1/50, alpha=-4.900001, beta=-4.900001
[10:48:05.671] [DEBUG] [Move 2] MINIMAX: TT HIT at depth 3, eval=-4.900001, move=move
[10:48:05.678] [DEBUG] [Move 2] MINIMAX: Beta cutoff at depth 3, move 1/50, alpha=-4.900001, beta=-4.900001
[10:48:05.685] [DEBUG] [Move 2] MINIMAX: Beta cutoff at depth 3, move 1/50, alpha=-4.900001, beta=-4.900001
[10:48:05.690] [DEBUG] [Move 2] MINIMAX: Beta cutoff at depth 3, move 1/50, alpha=-4.900001, beta=-4.900001
[10:48:05.694] [DEBUG] [Move 2] MINIMAX: Beta cutoff at depth 3, move 1/50, alpha=-4.900001, beta=-4.900001
[10:48:05.698] [DEBUG] [Move 2] MINIMAX: Beta cutoff at depth 3, move 1/50, alpha=-4.900001, beta=-4.900001
[10:48:05.705] [DEBUG] [Move 2] MINIMAX: Beta cutoff at depth 3, move 1/50, alpha=-4.900001, beta=-4.900001
[10:48:05.712] [DEBUG] [Move 2] MINIMAX: Beta cutoff at depth 3, move 1/50, alpha=-4.900001, beta=-4.900001
[10:48:05.712] [DEBUG] [Move 2] MINIMAX: Root move 1: move eval=-4.900001
[10:48:05.712] [DEBUG] [Move 2] MINIMAX: Alpha improved at root: -1000000.000000 -> -4.900001
[10:48:05.785] [DEBUG] [Move 2] MINIMAX: New best at depth 4, move=move, eval=4.900001
[10:48:05.785] [DEBUG] [Move 2] MINIMAX: Beta cutoff at depth 4, move 1/64, alpha=4.900001, beta=4.900001
[10:48:05.785] [DEBUG] [Move 2] MINIMAX: Root move 2: move eval=-4.900001
[10:48:05.857] [DEBUG] [Move 2] MINIMAX: New best at depth 4, move=move, eval=4.900001
[10:48:05.857] [DEBUG] [Move 2] MINIMAX: Beta cutoff at depth 4, move 1/64, alpha=4.900001, beta=4.900001
[10:48:05.857] [DEBUG] [Move 2] MINIMAX: Root move 3: move eval=-4.900001
[10:48:05.924] [DEBUG] [Move 2] MINIMAX: New best at depth 4, move=move, eval=4.900001
[10:48:05.924] [DEBUG] [Move 2] MINIMAX: Beta cutoff at depth 4, move 1/64, alpha=4.900001, beta=4.900001
[10:48:05.924] [DEBUG] [Move 2] MINIMAX: Root move 4: move eval=-4.900001
[10:48:05.999] [DEBUG] [Move 2] MINIMAX: New best at depth 4, move=move, eval=4.900001
[10:48:05.999] [DEBUG] [Move 2] MINIMAX: Beta cutoff at depth 4, move 1/64, alpha=4.900001, beta=4.900001
[10:48:05.999] [DEBUG] [Move 2] MINIMAX: Root move 5: flip eval=-4.900001
[10:48:06.068] [DEBUG] [Move 2] MINIMAX: New best at depth 4, move=move, eval=4.900001
[10:48:06.068] [DEBUG] [Move 2] MINIMAX: Beta cutoff at depth 4, move 1/64, alpha=4.900001, beta=4.900001
[10:48:06.068] [DEBUG] [Move 2] MINIMAX: Root move 6: flip eval=-4.900001
[10:48:06.138] [DEBUG] [Move 2] MINIMAX: New best at depth 4, move=move, eval=4.900001
[10:48:06.138] [DEBUG] [Move 2] MINIMAX: Beta cutoff at depth 4, move 1/64, alpha=4.900001, beta=4.900001
[10:48:06.139] [DEBUG] [Move 2] MINIMAX: Root move 7: move eval=-4.900001
[10:48:06.149] [DEBUG] [Move 2] MINIMAX: New best at depth 4, move=move, eval=4.900001
[10:48:06.149] [DEBUG] [Move 2] MINIMAX: Beta cutoff at depth 4, move 1/64, alpha=4.900001, beta=4.900001
[10:48:06.149] [DEBUG] [Move 2] MINIMAX: Root move 8: push eval=-4.900001
[10:48:06.149] [DEBUG] [Move 2] MINIMAX: Timeout at root level after 8/50 moves
[10:48:06.149] [DEBUG] [Move 2] MINIMAX: Root search complete - evaluated=8/50, cutoffs=0
[10:48:06.149] [DEBUG] [Move 2] MINIMAX: Depth 5 completed, nodes=23605, eval=-4.900001, move=move
[10:48:06.149] [DEBUG] [Move 2] MINIMAX: Time limit reached at depth 6
[10:48:06.149] [INFO] [Move 2] MINIMAX: Search complete - depth=4, nodes=34325, TT_size=44818, time=3.000000s
[10:48:06.150] [DEBUG] [Move 2] VALIDATION DEBUG: Generated 50 legal moves for validation
[10:48:06.150] [DEBUG] [Move 2] VALIDATION DEBUG: Minimax returned move: move (2,3) -> (1,3)
[10:48:06.150] [DEBUG] [Move 2] VALIDATION DEBUG: Legal move 1: move (2,3) -> (1,3)
[10:48:06.150] [DEBUG] [Move 2] VALIDATION DEBUG: Legal move 2: move (2,3) -> (2,2)
[10:48:06.150] [DEBUG] [Move 2] VALIDATION DEBUG: Legal move 3: move (2,3) -> (2,4)
[10:48:06.150] [DEBUG] [Move 2] VALIDATION DEBUG: Legal move 4: move (2,3) -> (3,3)
[10:48:06.150] [DEBUG] [Move 2] VALIDATION DEBUG: Legal move 5: flip (2,3) -> (2,3)
[10:48:06.150] [DEBUG] [Move 2] VALIDATION DEBUG: Move found in legal moves - SUCCESS!
[10:48:06.150] [DECISION] [Move 2] FINAL DECISION: move (2,3) -> (1,3) | Reasoning: Minimax search
[10:48:06.150] [DECISION] [Move 2] === MOVE DECISION END ===
[10:48:06.187] [DECISION] [Move 3] === MOVE DECISION START === Player: square, Board: 13x12, Time: 53.9961s (vs 59.9889s)
[10:48:06.187] [DEBUG] [Move 3] MINIMAX: Starting search for square, time=53.996082s
[10:48:06.189] [DEBUG] [Move 3] MINIMAX: Found 50 legal moves at root
[10:48:06.189] [DEBUG] [Move 3] MINIMAX: Starting iterative deepening
[10:48:06.189] [DEBUG] [Move 3] MINIMAX: Searching at depth 1
[10:48:06.189] [DEBUG] [Move 3] MINIMAX: Root move 1: move eval=-4.900001
[10:48:06.189] [DEBUG] [Move 3] MINIMAX: Alpha improved at root: -1000000.000000 -> -4.900001
[10:48:06.189] [DEBUG] [Move 3] MINIMAX: Root move 2: move eval=-4.900001
[10:48:06.189] [DEBUG] [Move 3] MINIMAX: Root move 3: move eval=-4.900001
[10:48:06.189] [DEBUG] [Move 3] MINIMAX: Root move 4: move eval=-4.900001
[10:48:06.189] [DEBUG] [Move 3] MINIMAX: Root move 5: flip eval=-4.900001
[10:48:06.189] [DEBUG] [Move 3] MINIMAX: Root move 6: flip eval=-4.900001
[10:48:06.189] [DEBUG] [Move 3] MINIMAX: Root move 7: move eval=-4.900001
[10:48:06.189] [DEBUG] [Move 3] MINIMAX: Root move 8: push eval=-4.900001
[10:48:06.189] [DEBUG] [Move 3] MINIMAX: Root move 9: flip eval=-4.900001
[10:48:06.189] [DEBUG] [Move 3] MINIMAX: Root move 10: flip eval=-4.900001
[10:48:06.189] [DEBUG] [Move 3] MINIMAX: Root move 11: push eval=-4.900001
[10:48:06.189] [DEBUG] [Move 3] MINIMAX: Root move 12: push eval=-4.900001
[10:48:06.189] [DEBUG] [Move 3] MINIMAX: Root move 13: flip eval=-4.900001
[10:48:06.189] [DEBUG] [Move 3] MINIMAX: Root move 14: flip eval=-4.900001
[10:48:06.189] [DEBUG] [Move 3] MINIMAX: Root move 15: push eval=-4.900001
[10:48:06.189] [DEBUG] [Move 3] MINIMAX: Root move 16: flip eval=-4.900001
[10:48:06.189] [DEBUG] [Move 3] MINIMAX: Root move 17: flip eval=-4.900001
[10:48:06.189] [DEBUG] [Move 3] MINIMAX: Root move 18: push eval=-4.900001
[10:48:06.189] [DEBUG] [Move 3] MINIMAX: Root move 19: push eval=-4.900001
[10:48:06.189] [DEBUG] [Move 3] MINIMAX: Root move 20: flip eval=-4.900001
[10:48:06.189] [DEBUG] [Move 3] MINIMAX: Root move 21: flip eval=-4.900001
[10:48:06.189] [DEBUG] [Move 3] MINIMAX: Root move 22: move eval=-4.900001
[10:48:06.189] [DEBUG] [Move 3] MINIMAX: Root move 23: move eval=-4.900001
[10:48:06.189] [DEBUG] [Move 3] MINIMAX: Root move 24: push eval=-4.900001
[10:48:06.189] [DEBUG] [Move 3] MINIMAX: Root move 25: flip eval=-4.900001
[10:48:06.189] [DEBUG] [Move 3] MINIMAX: Root move 26: flip eval=-4.900001
[10:48:06.189] [DEBUG] [Move 3] MINIMAX: Root move 27: move eval=-4.900001
[10:48:06.189] [DEBUG] [Move 3] MINIMAX: Root move 28: move eval=-4.900001
[10:48:06.189] [DEBUG] [Move 3] MINIMAX: Root move 29: move eval=-4.900001
[10:48:06.189] [DEBUG] [Move 3] MINIMAX: Root move 30: flip eval=-4.900001
[10:48:06.189] [DEBUG] [Move 3] MINIMAX: Root move 31: flip eval=-4.900001
[10:48:06.189] [DEBUG] [Move 3] MINIMAX: Root move 32: move eval=-4.900001
[10:48:06.189] [DEBUG] [Move 3] MINIMAX: Root move 33: push eval=-4.900001
[10:48:06.189] [DEBUG] [Move 3] MINIMAX: Root move 34: flip eval=-4.900001
[10:48:06.189] [DEBUG] [Move 3] MINIMAX: Root move 35: flip eval=-4.900001
[10:48:06.189] [DEBUG] [Move 3] MINIMAX: Root move 36: move eval=-4.900001
[10:48:06.189] [DEBUG] [Move 3] MINIMAX: Root move 37: flip eval=-4.900001
[10:48:06.189] [DEBUG] [Move 3] MINIMAX: Root move 38: flip eval=-4.900001
[10:48:06.189] [DEBUG] [Move 3] MINIMAX: Root move 39: move eval=-4.900001
[10:48:06.189] [DEBUG] [Move 3] MINIMAX: Root move 40: flip eval=-4.900001
[10:48:06.189] [DEBUG] [Move 3] MINIMAX: Root move 41: flip eval=-4.900001
[10:48:06.189] [DEBUG] [Move 3] MINIMAX: Root move 42: move eval=-4.900001
[10:48:06.189] [DEBUG] [Move 3] MINIMAX: Root move 43: push eval=-4.900001
[10:48:06.189] [DEBUG] [Move 3] MINIMAX: Root move 44: flip eval=-4.900001
[10:48:06.189] [DEBUG] [Move 3] MINIMAX: Root move 45: flip eval=-4.900001
[10:48:06.189] [DEBUG] [Move 3] MINIMAX: Root move 46: move eval=-4.900001
[10:48:06.190] [DEBUG] [Move 3] MINIMAX: Root move 47: move eval=-4.900001
[10:48:06.190] [DEBUG] [Move 3] MINIMAX: Root move 48: push eval=-4.900001
[10:48:06.190] [DEBUG] [Move 3] MINIMAX: Root move 49: flip eval=-4.900001
[10:48:06.190] [DEBUG] [Move 3] MINIMAX: Root move 50: flip eval=-4.900001
[10:48:06.190] [DEBUG] [Move 3] MINIMAX: Root search complete - evaluated=50/50, cutoffs=0
[10:48:06.190] [DEBUG] [Move 3] MINIMAX: Depth 1 completed, nodes=50, eval=-4.900001, move=move
[10:48:06.190] [DEBUG] [Move 3] MINIMAX: Searching at depth 2
[10:48:06.191] [DEBUG] [Move 3] MINIMAX: Root move 1: move eval=4.200000
[10:48:06.191] [DEBUG] [Move 3] MINIMAX: Alpha improved at root: -1000000.000000 -> 4.200000
[10:48:06.192] [DEBUG] [Move 3] MINIMAX: Root move 2: move eval=4.200000
[10:48:06.193] [DEBUG] [Move 3] MINIMAX: Root move 3: move eval=4.200000
[10:48:06.194] [DEBUG] [Move 3] MINIMAX: Root move 4: move eval=4.200000
[10:48:06.195] [DEBUG] [Move 3] MINIMAX: Root move 5: flip eval=4.200000
[10:48:06.196] [DEBUG] [Move 3] MINIMAX: Root move 6: flip eval=4.200000
[10:48:06.197] [DEBUG] [Move 3] MINIMAX: Root move 7: move eval=4.200000
[10:48:06.198] [DEBUG] [Move 3] MINIMAX: Root move 8: push eval=4.200000
[10:48:06.199] [DEBUG] [Move 3] MINIMAX: Root move 9: flip eval=4.200000
[10:48:06.200] [DEBUG] [Move 3] MINIMAX: Root move 10: flip eval=4.200000
[10:48:06.201] [DEBUG] [Move 3] MINIMAX: Root move 11: push eval=4.200000
[10:48:06.201] [DEBUG] [Move 3] MINIMAX: Root move 12: push eval=4.200000
[10:48:06.202] [DEBUG] [Move 3] MINIMAX: Root move 13: flip eval=4.200000
[10:48:06.203] [DEBUG] [Move 3] MINIMAX: Root move 14: flip eval=4.200000
[10:48:06.204] [DEBUG] [Move 3] MINIMAX: Root move 15: push eval=4.200000
[10:48:06.204] [DEBUG] [Move 3] MINIMAX: Root move 16: flip eval=4.200000
[10:48:06.205] [DEBUG] [Move 3] MINIMAX: Root move 17: flip eval=4.200000
[10:48:06.206] [DEBUG] [Move 3] MINIMAX: Root move 18: push eval=4.200000
[10:48:06.206] [DEBUG] [Move 3] MINIMAX: Root move 19: push eval=4.200000
[10:48:06.207] [DEBUG] [Move 3] MINIMAX: Root move 20: flip eval=4.200000
[10:48:06.207] [DEBUG] [Move 3] MINIMAX: Root move 21: flip eval=4.200000
[10:48:06.208] [DEBUG] [Move 3] MINIMAX: Root move 22: move eval=4.200000
[10:48:06.209] [DEBUG] [Move 3] MINIMAX: Root move 23: move eval=4.200000
[10:48:06.209] [DEBUG] [Move 3] MINIMAX: Root move 24: push eval=4.200000
[10:48:06.210] [DEBUG] [Move 3] MINIMAX: Root move 25: flip eval=4.200000
[10:48:06.211] [DEBUG] [Move 3] MINIMAX: Root move 26: flip eval=4.200000
[10:48:06.211] [DEBUG] [Move 3] MINIMAX: Root move 27: move eval=4.200000
[10:48:06.212] [DEBUG] [Move 3] MINIMAX: Root move 28: move eval=4.200000
[10:48:06.213] [DEBUG] [Move 3] MINIMAX: Root move 29: move eval=4.200000
[10:48:06.213] [DEBUG] [Move 3] MINIMAX: Root move 30: flip eval=4.200000
[10:48:06.214] [DEBUG] [Move 3] MINIMAX: Root move 31: flip eval=4.200000
[10:48:06.215] [DEBUG] [Move 3] MINIMAX: Root move 32: move eval=4.200000
[10:48:06.216] [DEBUG] [Move 3] MINIMAX: Root move 33: push eval=4.200000
[10:48:06.217] [DEBUG] [Move 3] MINIMAX: Root move 34: flip eval=4.200000
[10:48:06.217] [DEBUG] [Move 3] MINIMAX: Root move 35: flip eval=4.200000
[10:48:06.218] [DEBUG] [Move 3] MINIMAX: Root move 36: move eval=4.200000
[10:48:06.219] [DEBUG] [Move 3] MINIMAX: Root move 37: flip eval=4.200000
[10:48:06.220] [DEBUG] [Move 3] MINIMAX: Root move 38: flip eval=4.200000
[10:48:06.220] [DEBUG] [Move 3] MINIMAX: Root move 39: move eval=4.200000
[10:48:06.221] [DEBUG] [Move 3] MINIMAX: Root move 40: flip eval=4.200000
[10:48:06.222] [DEBUG] [Move 3] MINIMAX: Root move 41: flip eval=4.200000
[10:48:06.222] [DEBUG] [Move 3] MINIMAX: Root move 42: move eval=4.200000
[10:48:06.224] [DEBUG] [Move 3] MINIMAX: Root move 43: push eval=4.200000
[10:48:06.224] [DEBUG] [Move 3] MINIMAX: Root move 44: flip eval=4.200000
[10:48:06.225] [DEBUG] [Move 3] MINIMAX: Root move 45: flip eval=4.200000
[10:48:06.226] [DEBUG] [Move 3] MINIMAX: Root move 46: move eval=4.200000
[10:48:06.226] [DEBUG] [Move 3] MINIMAX: Root move 47: move eval=4.200000
[10:48:06.227] [DEBUG] [Move 3] MINIMAX: Root move 48: push eval=4.200000
[10:48:06.228] [DEBUG] [Move 3] MINIMAX: Root move 49: flip eval=4.200000
[10:48:06.228] [DEBUG] [Move 3] MINIMAX: Root move 50: flip eval=4.200000
[10:48:06.228] [DEBUG] [Move 3] MINIMAX: Root search complete - evaluated=50/50, cutoffs=0
[10:48:06.228] [DEBUG] [Move 3] MINIMAX: Depth 2 completed, nodes=170, eval=4.200000, move=move
[10:48:06.228] [DEBUG] [Move 3] MINIMAX: Searching at depth 3
[10:48:06.230] [DEBUG] [Move 3] MINIMAX: Root move 1: move eval=-4.900001
[10:48:06.230] [DEBUG] [Move 3] MINIMAX: Alpha improved at root: -1000000.000000 -> -4.900001
[10:48:06.232] [DEBUG] [Move 3] MINIMAX: Root move 2: move eval=-4.900001
[10:48:06.234] [DEBUG] [Move 3] MINIMAX: Root move 3: move eval=-4.900001
[10:48:06.237] [DEBUG] [Move 3] MINIMAX: Root move 4: move eval=-4.900001
[10:48:06.238] [DEBUG] [Move 3] MINIMAX: Root move 5: flip eval=-4.900001
[10:48:06.241] [DEBUG] [Move 3] MINIMAX: Root move 6: flip eval=-4.900001
[10:48:06.243] [DEBUG] [Move 3] MINIMAX: Root move 7: move eval=-4.900001
[10:48:06.245] [DEBUG] [Move 3] MINIMAX: Root move 8: push eval=-4.900001
[10:48:06.247] [DEBUG] [Move 3] MINIMAX: Root move 9: flip eval=-4.900001
[10:48:06.249] [DEBUG] [Move 3] MINIMAX: Root move 10: flip eval=-4.900001
[10:48:06.251] [DEBUG] [Move 3] MINIMAX: Root move 11: push eval=-4.900001
[10:48:06.251] [DEBUG] [Move 3] MINIMAX: Root move 12: push eval=-4.900001
[10:48:06.253] [DEBUG] [Move 3] MINIMAX: Root move 13: flip eval=-4.900001
[10:48:06.254] [DEBUG] [Move 3] MINIMAX: Root move 14: flip eval=-4.900001
[10:48:06.256] [DEBUG] [Move 3] MINIMAX: Root move 15: push eval=-4.900001
[10:48:06.258] [DEBUG] [Move 3] MINIMAX: Root move 16: flip eval=-4.900001
[10:48:06.261] [DEBUG] [Move 3] MINIMAX: Root move 17: flip eval=-4.900001
[10:48:06.264] [DEBUG] [Move 3] MINIMAX: Root move 18: push eval=-4.900001
[10:48:06.264] [DEBUG] [Move 3] MINIMAX: Root move 19: push eval=-4.900001
[10:48:06.267] [DEBUG] [Move 3] MINIMAX: Root move 20: flip eval=-4.900001
[10:48:06.269] [DEBUG] [Move 3] MINIMAX: Root move 21: flip eval=-4.900001
[10:48:06.272] [DEBUG] [Move 3] MINIMAX: Root move 22: move eval=-4.900001
[10:48:06.274] [DEBUG] [Move 3] MINIMAX: Root move 23: move eval=-4.900001
[10:48:06.276] [DEBUG] [Move 3] MINIMAX: Root move 24: push eval=-4.900001
[10:48:06.278] [DEBUG] [Move 3] MINIMAX: Root move 25: flip eval=-4.900001
[10:48:06.280] [DEBUG] [Move 3] MINIMAX: Root move 26: flip eval=-4.900001
[10:48:06.283] [DEBUG] [Move 3] MINIMAX: Root move 27: move eval=-4.900001
[10:48:06.284] [DEBUG] [Move 3] MINIMAX: Root move 28: move eval=-4.900001
[10:48:06.287] [DEBUG] [Move 3] MINIMAX: Root move 29: move eval=-4.900001
[10:48:06.289] [DEBUG] [Move 3] MINIMAX: Root move 30: flip eval=-4.900001
[10:48:06.291] [DEBUG] [Move 3] MINIMAX: Root move 31: flip eval=-4.900001
[10:48:06.292] [DEBUG] [Move 3] MINIMAX: Root move 32: move eval=-4.900001
[10:48:06.293] [DEBUG] [Move 3] MINIMAX: Root move 33: push eval=-4.900001
[10:48:06.295] [DEBUG] [Move 3] MINIMAX: Root move 34: flip eval=-4.900001
[10:48:06.297] [DEBUG] [Move 3] MINIMAX: Root move 35: flip eval=-4.900001
[10:48:06.298] [DEBUG] [Move 3] MINIMAX: Root move 36: move eval=-4.900001
[10:48:06.300] [DEBUG] [Move 3] MINIMAX: Root move 37: flip eval=-4.900001
[10:48:06.301] [DEBUG] [Move 3] MINIMAX: Root move 38: flip eval=-4.900001
[10:48:06.303] [DEBUG] [Move 3] MINIMAX: Root move 39: move eval=-4.900001
[10:48:06.305] [DEBUG] [Move 3] MINIMAX: Root move 40: flip eval=-4.900001
[10:48:06.306] [DEBUG] [Move 3] MINIMAX: Root move 41: flip eval=-4.900001
[10:48:06.308] [DEBUG] [Move 3] MINIMAX: Root move 42: move eval=-4.900001
[10:48:06.309] [DEBUG] [Move 3] MINIMAX: Root move 43: push eval=-4.900001
[10:48:06.311] [DEBUG] [Move 3] MINIMAX: Root move 44: flip eval=-4.900001
[10:48:06.312] [DEBUG] [Move 3] MINIMAX: Root move 45: flip eval=-4.900001
[10:48:06.314] [DEBUG] [Move 3] MINIMAX: Root move 46: move eval=-4.900001
[10:48:06.315] [DEBUG] [Move 3] MINIMAX: Root move 47: move eval=-4.900001
[10:48:06.317] [DEBUG] [Move 3] MINIMAX: Root move 48: push eval=-4.900001
[10:48:06.319] [DEBUG] [Move 3] MINIMAX: Root move 49: flip eval=-4.900001
[10:48:06.320] [DEBUG] [Move 3] MINIMAX: Root move 50: flip eval=-4.900001
[10:48:06.320] [DEBUG] [Move 3] MINIMAX: Root search complete - evaluated=50/50, cutoffs=0
[10:48:06.320] [DEBUG] [Move 3] MINIMAX: Depth 3 completed, nodes=2756, eval=-4.900001, move=move
[10:48:06.320] [DEBUG] [Move 3] MINIMAX: Searching at depth 4
[10:48:06.461] [DEBUG] [Move 3] MINIMAX: Root move 1: move eval=4.200000
[10:48:06.461] [DEBUG] [Move 3] MINIMAX: Alpha improved at root: -1000000.000000 -> 4.200000
[10:48:06.492] [DEBUG] [Move 3] MINIMAX: Beta cutoff at depth 3, move 1/73, alpha=-4.200000, beta=-4.200000
[10:48:06.492] [DEBUG] [Move 3] MINIMAX: Root move 2: move eval=4.200000
[10:48:06.525] [DEBUG] [Move 3] MINIMAX: Beta cutoff at depth 3, move 1/73, alpha=-4.200000, beta=-4.200000
[10:48:06.525] [DEBUG] [Move 3] MINIMAX: Root move 3: move eval=4.200000
[10:48:06.555] [DEBUG] [Move 3] MINIMAX: Beta cutoff at depth 3, move 1/73, alpha=-4.200000, beta=-4.200000
[10:48:06.555] [DEBUG] [Move 3] MINIMAX: Root move 4: move eval=4.200000
[10:48:06.583] [DEBUG] [Move 3] MINIMAX: Beta cutoff at depth 3, move 1/73, alpha=-4.200000, beta=-4.200000
[10:48:06.583] [DEBUG] [Move 3] MINIMAX: Root move 5: flip eval=4.200000
[10:48:06.611] [DEBUG] [Move 3] MINIMAX: Beta cutoff at depth 3, move 1/73, alpha=-4.200000, beta=-4.200000
[10:48:06.611] [DEBUG] [Move 3] MINIMAX: Root move 6: flip eval=4.200000
[10:48:06.640] [DEBUG] [Move 3] MINIMAX: Beta cutoff at depth 3, move 1/73, alpha=-4.200000, beta=-4.200000
[10:48:06.640] [DEBUG] [Move 3] MINIMAX: Root move 7: move eval=4.200000
[10:48:06.665] [DEBUG] [Move 3] MINIMAX: Beta cutoff at depth 3, move 1/73, alpha=-4.200000, beta=-4.200000
[10:48:06.665] [DEBUG] [Move 3] MINIMAX: Root move 8: push eval=4.200000
[10:48:06.695] [DEBUG] [Move 3] MINIMAX: Beta cutoff at depth 3, move 1/73, alpha=-4.200000, beta=-4.200000
[10:48:06.695] [DEBUG] [Move 3] MINIMAX: Root move 9: flip eval=4.200000
[10:48:06.721] [DEBUG] [Move 3] MINIMAX: Beta cutoff at depth 3, move 1/73, alpha=-4.200000, beta=-4.200000
[10:48:06.721] [DEBUG] [Move 3] MINIMAX: Root move 10: flip eval=4.200000
[10:48:06.745] [DEBUG] [Move 3] MINIMAX: Beta cutoff at depth 3, move 1/73, alpha=-4.200000, beta=-4.200000
[10:48:06.745] [DEBUG] [Move 3] MINIMAX: Root move 11: push eval=4.200000
[10:48:06.745] [DEBUG] [Move 3] MINIMAX: TT HIT at depth 3, eval=-4.200000, move=move
[10:48:06.745] [DEBUG] [Move 3] MINIMAX: Root move 12: push eval=4.200000
[10:48:06.772] [DEBUG] [Move 3] MINIMAX: Beta cutoff at depth 3, move 1/73, alpha=-4.200000, beta=-4.200000
[10:48:06.772] [DEBUG] [Move 3] MINIMAX: Root move 13: flip eval=4.200000
[10:48:06.798] [DEBUG] [Move 3] MINIMAX: Beta cutoff at depth 3, move 1/73, alpha=-4.200000, beta=-4.200000
[10:48:06.798] [DEBUG] [Move 3] MINIMAX: Root move 14: flip eval=4.200000
[10:48:06.820] [DEBUG] [Move 3] MINIMAX: Beta cutoff at depth 3, move 1/73, alpha=-4.200000, beta=-4.200000
[10:48:06.821] [DEBUG] [Move 3] MINIMAX: Root move 15: push eval=4.200000
[10:48:06.843] [DEBUG] [Move 3] MINIMAX: Beta cutoff at depth 3, move 1/73, alpha=-4.200000, beta=-4.200000
[10:48:06.843] [DEBUG] [Move 3] MINIMAX: Root move 16: flip eval=4.200000
[10:48:06.867] [DEBUG] [Move 3] MINIMAX: Beta cutoff at depth 3, move 1/73, alpha=-4.200000, beta=-4.200000
[10:48:06.867] [DEBUG] [Move 3] MINIMAX: Root move 17: flip eval=4.200000
[10:48:06.887] [DEBUG] [Move 3] MINIMAX: Beta cutoff at depth 3, move 1/73, alpha=-4.200000, beta=-4.200000
[10:48:06.887] [DEBUG] [Move 3] MINIMAX: Root move 18: push eval=4.200000
[10:48:06.887] [DEBUG] [Move 3] MINIMAX: TT HIT at depth 3, eval=-4.200000, move=move
[10:48:06.887] [DEBUG] [Move 3] MINIMAX: Root move 19: push eval=4.200000
[10:48:06.908] [DEBUG] [Move 3] MINIMAX: Beta cutoff at depth 3, move 1/73, alpha=-4.200000, beta=-4.200000
[10:48:06.908] [DEBUG] [Move 3] MINIMAX: Root move 20: flip eval=4.200000
[10:48:06.929] [DEBUG] [Move 3] MINIMAX: Beta cutoff at depth 3, move 1/73, alpha=-4.200000, beta=-4.200000
[10:48:06.929] [DEBUG] [Move 3] MINIMAX: Root move 21: flip eval=4.200000
[10:48:06.950] [DEBUG] [Move 3] MINIMAX: Beta cutoff at depth 3, move 1/73, alpha=-4.200000, beta=-4.200000
[10:48:06.950] [DEBUG] [Move 3] MINIMAX: Root move 22: move eval=4.200000
[10:48:06.969] [DEBUG] [Move 3] MINIMAX: Beta cutoff at depth 3, move 1/73, alpha=-4.200000, beta=-4.200000
[10:48:06.969] [DEBUG] [Move 3] MINIMAX: Root move 23: move eval=4.200000
[10:48:06.986] [DEBUG] [Move 3] MINIMAX: Beta cutoff at depth 3, move 1/73, alpha=-4.200000, beta=-4.200000
[10:48:06.986] [DEBUG] [Move 3] MINIMAX: Root move 24: push eval=4.200000
[10:48:07.010] [DEBUG] [Move 3] MINIMAX: Beta cutoff at depth 3, move 1/73, alpha=-4.200000, beta=-4.200000
[10:48:07.010] [DEBUG] [Move 3] MINIMAX: Root move 25: flip eval=4.200000
[10:48:07.037] [DEBUG] [Move 3] MINIMAX: Beta cutoff at depth 3, move 1/73, alpha=-4.200000, beta=-4.200000
[10:48:07.037] [DEBUG] [Move 3] MINIMAX: Root move 26: flip eval=4.200000
[10:48:07.057] [DEBUG] [Move 3] MINIMAX: Beta cutoff at depth 3, move 1/88, alpha=-4.200000, beta=-4.200000
[10:48:07.058] [DEBUG] [Move 3] MINIMAX: Root move 27: move eval=4.200000
[10:48:07.076] [DEBUG] [Move 3] MINIMAX: Beta cutoff at depth 3, move 1/76, alpha=-4.200000, beta=-4.200000
[10:48:07.076] [DEBUG] [Move 3] MINIMAX: Root move 28: move eval=4.200000
[10:48:07.102] [DEBUG] [Move 3] MINIMAX: Beta cutoff at depth 3, move 1/70, alpha=-4.200000, beta=-4.200000
[10:48:07.102] [DEBUG] [Move 3] MINIMAX: Root move 29: move eval=4.200000
[10:48:07.121] [DEBUG] [Move 3] MINIMAX: Beta cutoff at depth 3, move 1/82, alpha=-4.200000, beta=-4.200000
[10:48:07.121] [DEBUG] [Move 3] MINIMAX: Root move 30: flip eval=4.200000
[10:48:07.141] [DEBUG] [Move 3] MINIMAX: Beta cutoff at depth 3, move 1/85, alpha=-4.200000, beta=-4.200000
[10:48:07.141] [DEBUG] [Move 3] MINIMAX: Root move 31: flip eval=4.200000
[10:48:07.157] [DEBUG] [Move 3] MINIMAX: Beta cutoff at depth 3, move 1/69, alpha=-4.200000, beta=-4.200000
[10:48:07.157] [DEBUG] [Move 3] MINIMAX: Root move 32: move eval=4.200000
[10:48:07.179] [DEBUG] [Move 3] MINIMAX: Beta cutoff at depth 3, move 1/77, alpha=-4.200000, beta=-4.200000
[10:48:07.179] [DEBUG] [Move 3] MINIMAX: Root move 33: push eval=4.200000
[10:48:07.193] [DEBUG] [Move 3] MINIMAX: Beta cutoff at depth 3, move 1/73, alpha=-4.200000, beta=-4.200000
[10:48:07.193] [DEBUG] [Move 3] MINIMAX: Root move 34: flip eval=4.200000
[10:48:07.216] [DEBUG] [Move 3] MINIMAX: Beta cutoff at depth 3, move 1/73, alpha=-4.200000, beta=-4.200000
[10:48:07.216] [DEBUG] [Move 3] MINIMAX: Root move 35: flip eval=4.200000
[10:48:07.238] [DEBUG] [Move 3] MINIMAX: Beta cutoff at depth 3, move 1/72, alpha=-4.200000, beta=-4.200000
[10:48:07.238] [DEBUG] [Move 3] MINIMAX: Root move 36: move eval=4.200000
[10:48:07.252] [DEBUG] [Move 3] MINIMAX: Beta cutoff at depth 3, move 1/73, alpha=-4.200000, beta=-4.200000
[10:48:07.252] [DEBUG] [Move 3] MINIMAX: Root move 37: flip eval=4.200000
[10:48:07.270] [DEBUG] [Move 3] MINIMAX: Beta cutoff at depth 3, move 1/73, alpha=-4.200000, beta=-4.200000
[10:48:07.270] [DEBUG] [Move 3] MINIMAX: Root move 38: flip eval=4.200000
[10:48:07.283] [DEBUG] [Move 3] MINIMAX: Beta cutoff at depth 3, move 1/73, alpha=-4.200000, beta=-4.200000
[10:48:07.283] [DEBUG] [Move 3] MINIMAX: Root move 39: move eval=4.200000
[10:48:07.298] [DEBUG] [Move 3] MINIMAX: Beta cutoff at depth 3, move 1/73, alpha=-4.200000, beta=-4.200000
[10:48:07.298] [DEBUG] [Move 3] MINIMAX: Root move 40: flip eval=4.200000
[10:48:07.329] [DEBUG] [Move 3] MINIMAX: Beta cutoff at depth 3, move 1/73, alpha=-4.200000, beta=-4.200000
[10:48:07.329] [DEBUG] [Move 3] MINIMAX: Root move 41: flip eval=4.200000
[10:48:07.343] [DEBUG] [Move 3] MINIMAX: Beta cutoff at depth 3, move 1/73, alpha=-4.200000, beta=-4.200000
[10:48:07.343] [DEBUG] [Move 3] MINIMAX: Root move 42: move eval=4.200000
[10:48:07.351] [DEBUG] [Move 3] MINIMAX: Beta cutoff at depth 3, move 1/73, alpha=-4.200000, beta=-4.200000
[10:48:07.351] [DEBUG] [Move 3] MINIMAX: Root move 43: push eval=4.200000
[10:48:07.362] [DEBUG] [Move 3] MINIMAX: Beta cutoff at depth 3, move 1/73, alpha=-4.200000, beta=-4.200000
[10:48:07.362] [DEBUG] [Move 3] MINIMAX: Root move 44: flip eval=4.200000
[10:48:07.382] [DEBUG] [Move 3] MINIMAX: Beta cutoff at depth 3, move 1/73, alpha=-4.200000, beta=-4.200000
[10:48:07.382] [DEBUG] [Move 3] MINIMAX: Root move 45: flip eval=4.200000
[10:48:07.389] [DEBUG] [Move 3] MINIMAX: Beta cutoff at depth 3, move 1/73, alpha=-4.200000, beta=-4.200000
[10:48:07.389] [DEBUG] [Move 3] MINIMAX: Root move 46: move eval=4.200000
[10:48:07.394] [DEBUG] [Move 3] MINIMAX: Beta cutoff at depth 3, move 1/73, alpha=-4.200000, beta=-4.200000
[10:48:07.394] [DEBUG] [Move 3] MINIMAX: Root move 47: move eval=4.200000
[10:48:07.399] [DEBUG] [Move 3] MINIMAX: Beta cutoff at depth 3, move 1/73, alpha=-4.200000, beta=-4.200000
[10:48:07.399] [DEBUG] [Move 3] MINIMAX: Root move 48: push eval=4.200000
[10:48:07.405] [DEBUG] [Move 3] MINIMAX: Beta cutoff at depth 3, move 1/73, alpha=-4.200000, beta=-4.200000
[10:48:07.405] [DEBUG] [Move 3] MINIMAX: Root move 49: flip eval=4.200000
[10:48:07.412] [DEBUG] [Move 3] MINIMAX: Beta cutoff at depth 3, move 1/73, alpha=-4.200000, beta=-4.200000
[10:48:07.412] [DEBUG] [Move 3] MINIMAX: Root move 50: flip eval=4.200000
[10:48:07.412] [DEBUG] [Move 3] MINIMAX: Root search complete - evaluated=50/50, cutoffs=0
[10:48:07.412] [DEBUG] [Move 3] MINIMAX: Depth 4 completed, nodes=8640, eval=4.200000, move=move
[10:48:07.412] [DEBUG] [Move 3] MINIMAX: Searching at depth 5
[10:48:07.518] [DEBUG] [Move 3] MINIMAX: New best at depth 4, move=move, eval=4.900001
[10:48:07.567] [DEBUG] [Move 3] MINIMAX: Beta cutoff at depth 3, move 1/49, alpha=-4.900001, beta=-4.900001
[10:48:07.627] [DEBUG] [Move 3] MINIMAX: Beta cutoff at depth 3, move 1/49, alpha=-4.900001, beta=-4.900001
[10:48:07.676] [DEBUG] [Move 3] MINIMAX: Beta cutoff at depth 3, move 1/49, alpha=-4.900001, beta=-4.900001
[10:48:07.729] [DEBUG] [Move 3] MINIMAX: Beta cutoff at depth 3, move 1/49, alpha=-4.900001, beta=-4.900001
[10:48:07.768] [DEBUG] [Move 3] MINIMAX: Beta cutoff at depth 3, move 1/49, alpha=-4.900001, beta=-4.900001
[10:48:07.768] [DEBUG] [Move 3] MINIMAX: TT HIT at depth 3, eval=-4.900001, move=move
[10:48:07.768] [DEBUG] [Move 3] MINIMAX: TT HIT at depth 3, eval=-4.900001, move=move
[10:48:07.768] [DEBUG] [Move 3] MINIMAX: TT HIT at depth 3, eval=-4.900001, move=move
[10:48:07.768] [DEBUG] [Move 3] MINIMAX: TT HIT at depth 3, eval=-4.900001, move=move
[10:48:07.768] [DEBUG] [Move 3] MINIMAX: TT HIT at depth 3, eval=-4.900001, move=move
[10:48:07.801] [DEBUG] [Move 3] MINIMAX: Beta cutoff at depth 3, move 1/49, alpha=-4.900001, beta=-4.900001
[10:48:07.841] [DEBUG] [Move 3] MINIMAX: Beta cutoff at depth 3, move 1/49, alpha=-4.900001, beta=-4.900001
[10:48:07.876] [DEBUG] [Move 3] MINIMAX: Beta cutoff at depth 3, move 1/53, alpha=-4.900001, beta=-4.900001
[10:48:07.924] [DEBUG] [Move 3] MINIMAX: Beta cutoff at depth 3, move 1/49, alpha=-4.900001, beta=-4.900001
[10:48:07.970] [DEBUG] [Move 3] MINIMAX: Beta cutoff at depth 3, move 1/49, alpha=-4.900001, beta=-4.900001
[10:48:08.001] [DEBUG] [Move 3] MINIMAX: Beta cutoff at depth 3, move 1/49, alpha=-4.900001, beta=-4.900001
[10:48:08.033] [DEBUG] [Move 3] MINIMAX: Beta cutoff at depth 3, move 1/49, alpha=-4.900001, beta=-4.900001
[10:48:08.033] [DEBUG] [Move 3] MINIMAX: TT HIT at depth 3, eval=-4.900001, move=move
[10:48:08.033] [DEBUG] [Move 3] MINIMAX: TT HIT at depth 3, eval=-4.900001, move=move
[10:48:08.086] [DEBUG] [Move 3] MINIMAX: Beta cutoff at depth 3, move 1/49, alpha=-4.900001, beta=-4.900001
[10:48:08.086] [DEBUG] [Move 3] MINIMAX: TT HIT at depth 3, eval=-4.900001, move=move
[10:48:08.086] [DEBUG] [Move 3] MINIMAX: TT HIT at depth 3, eval=-4.900001, move=move
[10:48:08.124] [DEBUG] [Move 3] MINIMAX: Beta cutoff at depth 3, move 1/49, alpha=-4.900001, beta=-4.900001
[10:48:08.157] [DEBUG] [Move 3] MINIMAX: Beta cutoff at depth 3, move 1/49, alpha=-4.900001, beta=-4.900001
[10:48:08.198] [DEBUG] [Move 3] MINIMAX: Beta cutoff at depth 3, move 1/48, alpha=-4.900001, beta=-4.900001
[10:48:08.243] [DEBUG] [Move 3] MINIMAX: Beta cutoff at depth 3, move 1/49, alpha=-4.900001, beta=-4.900001
[10:48:08.288] [DEBUG] [Move 3] MINIMAX: Beta cutoff at depth 3, move 1/49, alpha=-4.900001, beta=-4.900001
[10:48:08.336] [DEBUG] [Move 3] MINIMAX: Beta cutoff at depth 3, move 1/49, alpha=-4.900001, beta=-4.900001
[10:48:08.374] [DEBUG] [Move 3] MINIMAX: Beta cutoff at depth 3, move 1/49, alpha=-4.900001, beta=-4.900001
[10:48:08.408] [DEBUG] [Move 3] MINIMAX: Beta cutoff at depth 3, move 1/49, alpha=-4.900001, beta=-4.900001
[10:48:08.438] [DEBUG] [Move 3] MINIMAX: Beta cutoff at depth 3, move 1/49, alpha=-4.900001, beta=-4.900001
[10:48:08.468] [DEBUG] [Move 3] MINIMAX: Beta cutoff at depth 3, move 1/49, alpha=-4.900001, beta=-4.900001
[10:48:08.502] [DEBUG] [Move 3] MINIMAX: Beta cutoff at depth 3, move 1/49, alpha=-4.900001, beta=-4.900001
[10:48:08.529] [DEBUG] [Move 3] MINIMAX: Beta cutoff at depth 3, move 1/49, alpha=-4.900001, beta=-4.900001
[10:48:08.554] [DEBUG] [Move 3] MINIMAX: Beta cutoff at depth 3, move 1/49, alpha=-4.900001, beta=-4.900001
[10:48:08.580] [DEBUG] [Move 3] MINIMAX: Beta cutoff at depth 3, move 1/49, alpha=-4.900001, beta=-4.900001
[10:48:08.611] [DEBUG] [Move 3] MINIMAX: Beta cutoff at depth 3, move 1/49, alpha=-4.900001, beta=-4.900001
[10:48:08.635] [DEBUG] [Move 3] MINIMAX: Beta cutoff at depth 3, move 1/49, alpha=-4.900001, beta=-4.900001
[10:48:08.661] [DEBUG] [Move 3] MINIMAX: Beta cutoff at depth 3, move 1/49, alpha=-4.900001, beta=-4.900001
[10:48:08.687] [DEBUG] [Move 3] MINIMAX: Beta cutoff at depth 3, move 1/49, alpha=-4.900001, beta=-4.900001
[10:48:08.713] [DEBUG] [Move 3] MINIMAX: Beta cutoff at depth 3, move 1/49, alpha=-4.900001, beta=-4.900001
[10:48:08.741] [DEBUG] [Move 3] MINIMAX: Beta cutoff at depth 3, move 1/49, alpha=-4.900001, beta=-4.900001
[10:48:08.781] [DEBUG] [Move 3] MINIMAX: Beta cutoff at depth 3, move 1/49, alpha=-4.900001, beta=-4.900001
[10:48:08.810] [DEBUG] [Move 3] MINIMAX: Beta cutoff at depth 3, move 1/49, alpha=-4.900001, beta=-4.900001
[10:48:08.838] [DEBUG] [Move 3] MINIMAX: Beta cutoff at depth 3, move 1/49, alpha=-4.900001, beta=-4.900001
[10:48:08.881] [DEBUG] [Move 3] MINIMAX: Beta cutoff at depth 3, move 1/49, alpha=-4.900001, beta=-4.900001
[10:48:08.903] [DEBUG] [Move 3] MINIMAX: Beta cutoff at depth 3, move 1/49, alpha=-4.900001, beta=-4.900001
[10:48:08.927] [DEBUG] [Move 3] MINIMAX: Beta cutoff at depth 3, move 1/49, alpha=-4.900001, beta=-4.900001
[10:48:08.960] [DEBUG] [Move 3] MINIMAX: Beta cutoff at depth 3, move 1/49, alpha=-4.900001, beta=-4.900001
[10:48:08.982] [DEBUG] [Move 3] MINIMAX: Beta cutoff at depth 3, move 1/49, alpha=-4.900001, beta=-4.900001
[10:48:09.007] [DEBUG] [Move 3] MINIMAX: Beta cutoff at depth 3, move 1/49, alpha=-4.900001, beta=-4.900001
[10:48:09.038] [DEBUG] [Move 3] MINIMAX: Beta cutoff at depth 3, move 1/48, alpha=-4.900001, beta=-4.900001
[10:48:09.068] [DEBUG] [Move 3] MINIMAX: Beta cutoff at depth 3, move 1/49, alpha=-4.900001, beta=-4.900001
[10:48:09.089] [DEBUG] [Move 3] MINIMAX: Beta cutoff at depth 3, move 1/49, alpha=-4.900001, beta=-4.900001
[10:48:09.107] [DEBUG] [Move 3] MINIMAX: Beta cutoff at depth 3, move 1/49, alpha=-4.900001, beta=-4.900001
[10:48:09.123] [DEBUG] [Move 3] MINIMAX: Beta cutoff at depth 3, move 1/49, alpha=-4.900001, beta=-4.900001
[10:48:09.145] [DEBUG] [Move 3] MINIMAX: Beta cutoff at depth 3, move 1/49, alpha=-4.900001, beta=-4.900001
[10:48:09.173] [DEBUG] [Move 3] MINIMAX: Beta cutoff at depth 3, move 1/49, alpha=-4.900001, beta=-4.900001
[10:48:09.185] [DEBUG] [Move 3] MINIMAX: Beta cutoff at depth 3, move 1/49, alpha=-4.900001, beta=-4.900001
[10:48:09.187] [DEBUG] [Move 3] MINIMAX: New best at depth 4, move=flip, eval=1000000.000000
[10:48:09.187] [DEBUG] [Move 3] MINIMAX: Beta cutoff at depth 4, move 61/73, alpha=1000000.000000, beta=1000000.000000
[10:48:09.187] [DEBUG] [Move 3] MINIMAX: Root move 1: move eval=-1000000.000000
[10:48:09.187] [DEBUG] [Move 3] MINIMAX: Timeout at root level after 1/50 moves
[10:48:09.187] [DEBUG] [Move 3] MINIMAX: Root search complete - evaluated=1/50, cutoffs=0
[10:48:09.187] [DEBUG] [Move 3] MINIMAX: Depth 5 completed, nodes=8434, eval=-1000000.000000, move=move
[10:48:09.187] [DEBUG] [Move 3] MINIMAX: Time limit reached at depth 6
[10:48:09.187] [INFO] [Move 3] MINIMAX: Search complete - depth=4, nodes=20050, TT_size=52932, time=3.000000s
[10:48:09.188] [DEBUG] [Move 3] VALIDATION DEBUG: Generated 50 legal moves for validation
[10:48:09.188] [DEBUG] [Move 3] VALIDATION DEBUG: Minimax returned move: move (1,3) -> (0,3)
[10:48:09.188] [DEBUG] [Move 3] VALIDATION DEBUG: Legal move 1: move (1,3) -> (0,3)
[10:48:09.188] [DEBUG] [Move 3] VALIDATION DEBUG: Legal move 2: move (1,3) -> (1,2)
[10:48:09.188] [DEBUG] [Move 3] VALIDATION DEBUG: Legal move 3: move (1,3) -> (1,4)
[10:48:09.188] [DEBUG] [Move 3] VALIDATION DEBUG: Legal move 4: move (1,3) -> (2,3)
[10:48:09.188] [DEBUG] [Move 3] VALIDATION DEBUG: Legal move 5: flip (1,3) -> (1,3)
[10:48:09.188] [DEBUG] [Move 3] VALIDATION DEBUG: Move found in legal moves - SUCCESS!
[10:48:09.188] [DECISION] [Move 3] FINAL DECISION: move (1,3) -> (0,3) | Reasoning: Minimax search
[10:48:09.188] [DECISION] [Move 3] === MOVE DECISION END ===
[10:48:09.227] [DECISION] [Move 4] === MOVE DECISION START === Player: square, Board: 13x12, Time: 50.9943s (vs 59.9857s)
[10:48:09.227] [DEBUG] [Move 4] MINIMAX: Starting search for square, time=50.994343s
[10:48:09.228] [DEBUG] [Move 4] MINIMAX: Found 49 legal moves at root
[10:48:09.228] [DEBUG] [Move 4] MINIMAX: Starting iterative deepening
[10:48:09.228] [DEBUG] [Move 4] MINIMAX: Searching at depth 1
[10:48:09.228] [DEBUG] [Move 4] MINIMAX: Root move 1: move eval=-4.900001
[10:48:09.228] [DEBUG] [Move 4] MINIMAX: Alpha improved at root: -1000000.000000 -> -4.900001
[10:48:09.228] [DEBUG] [Move 4] MINIMAX: Root move 2: move eval=-4.900001
[10:48:09.228] [DEBUG] [Move 4] MINIMAX: Root move 3: move eval=-4.900001
[10:48:09.228] [DEBUG] [Move 4] MINIMAX: Root move 4: flip eval=-4.900001
[10:48:09.228] [DEBUG] [Move 4] MINIMAX: Root move 5: flip eval=-4.900001
[10:48:09.228] [DEBUG] [Move 4] MINIMAX: Root move 6: move eval=-4.900001
[10:48:09.228] [DEBUG] [Move 4] MINIMAX: Root move 7: push eval=-4.900001
[10:48:09.228] [DEBUG] [Move 4] MINIMAX: Root move 8: flip eval=-4.900001
[10:48:09.228] [DEBUG] [Move 4] MINIMAX: Root move 9: flip eval=-4.900001
[10:48:09.228] [DEBUG] [Move 4] MINIMAX: Root move 10: push eval=-4.900001
[10:48:09.228] [DEBUG] [Move 4] MINIMAX: Root move 11: push eval=-4.900001
[10:48:09.228] [DEBUG] [Move 4] MINIMAX: Root move 12: flip eval=-4.900001
[10:48:09.228] [DEBUG] [Move 4] MINIMAX: Root move 13: flip eval=-4.900001
[10:48:09.228] [DEBUG] [Move 4] MINIMAX: Root move 14: push eval=-4.900001
[10:48:09.228] [DEBUG] [Move 4] MINIMAX: Root move 15: flip eval=-4.900001
[10:48:09.228] [DEBUG] [Move 4] MINIMAX: Root move 16: flip eval=-4.900001
[10:48:09.228] [DEBUG] [Move 4] MINIMAX: Root move 17: push eval=-4.900001
[10:48:09.228] [DEBUG] [Move 4] MINIMAX: Root move 18: push eval=-4.900001
[10:48:09.228] [DEBUG] [Move 4] MINIMAX: Root move 19: flip eval=-4.900001
[10:48:09.228] [DEBUG] [Move 4] MINIMAX: Root move 20: flip eval=-4.900001
[10:48:09.228] [DEBUG] [Move 4] MINIMAX: Root move 21: move eval=-4.900001
[10:48:09.228] [DEBUG] [Move 4] MINIMAX: Root move 22: move eval=-4.900001
[10:48:09.228] [DEBUG] [Move 4] MINIMAX: Root move 23: push eval=-4.900001
[10:48:09.228] [DEBUG] [Move 4] MINIMAX: Root move 24: flip eval=-4.900001
[10:48:09.228] [DEBUG] [Move 4] MINIMAX: Root move 25: flip eval=-4.900001
[10:48:09.228] [DEBUG] [Move 4] MINIMAX: Root move 26: move eval=-4.900001
[10:48:09.229] [DEBUG] [Move 4] MINIMAX: Root move 27: move eval=-4.900001
[10:48:09.229] [DEBUG] [Move 4] MINIMAX: Root move 28: move eval=-4.900001
[10:48:09.229] [DEBUG] [Move 4] MINIMAX: Root move 29: flip eval=-4.900001
[10:48:09.229] [DEBUG] [Move 4] MINIMAX: Root move 30: flip eval=-4.900001
[10:48:09.229] [DEBUG] [Move 4] MINIMAX: Root move 31: move eval=-4.900001
[10:48:09.229] [DEBUG] [Move 4] MINIMAX: Root move 32: push eval=-4.900001
[10:48:09.229] [DEBUG] [Move 4] MINIMAX: Root move 33: flip eval=-4.900001
[10:48:09.229] [DEBUG] [Move 4] MINIMAX: Root move 34: flip eval=-4.900001
[10:48:09.229] [DEBUG] [Move 4] MINIMAX: Root move 35: move eval=-4.900001
[10:48:09.229] [DEBUG] [Move 4] MINIMAX: Root move 36: flip eval=-4.900001
[10:48:09.229] [DEBUG] [Move 4] MINIMAX: Root move 37: flip eval=-4.900001
[10:48:09.229] [DEBUG] [Move 4] MINIMAX: Root move 38: move eval=-4.900001
[10:48:09.229] [DEBUG] [Move 4] MINIMAX: Root move 39: flip eval=-4.900001
[10:48:09.229] [DEBUG] [Move 4] MINIMAX: Root move 40: flip eval=-4.900001
[10:48:09.229] [DEBUG] [Move 4] MINIMAX: Root move 41: move eval=-4.900001
[10:48:09.229] [DEBUG] [Move 4] MINIMAX: Root move 42: push eval=-4.900001
[10:48:09.229] [DEBUG] [Move 4] MINIMAX: Root move 43: flip eval=-4.900001
[10:48:09.229] [DEBUG] [Move 4] MINIMAX: Root move 44: flip eval=-4.900001
[10:48:09.229] [DEBUG] [Move 4] MINIMAX: Root move 45: move eval=-4.900001
[10:48:09.229] [DEBUG] [Move 4] MINIMAX: Root move 46: move eval=-4.900001
[10:48:09.229] [DEBUG] [Move 4] MINIMAX: Root move 47: push eval=-4.900001
[10:48:09.229] [DEBUG] [Move 4] MINIMAX: Root move 48: flip eval=-4.900001
[10:48:09.229] [DEBUG] [Move 4] MINIMAX: Root move 49: flip eval=-4.900001
[10:48:09.229] [DEBUG] [Move 4] MINIMAX: Root search complete - evaluated=49/49, cutoffs=0
[10:48:09.229] [DEBUG] [Move 4] MINIMAX: Depth 1 completed, nodes=49, eval=-4.900001, move=move
[10:48:09.229] [DEBUG] [Move 4] MINIMAX: Searching at depth 2
[10:48:09.231] [DEBUG] [Move 4] MINIMAX: Root move 1: move eval=4.200000
[10:48:09.231] [DEBUG] [Move 4] MINIMAX: Alpha improved at root: -1000000.000000 -> 4.200000
[10:48:09.232] [DEBUG] [Move 4] MINIMAX: Root move 2: move eval=4.200000
[10:48:09.233] [DEBUG] [Move 4] MINIMAX: Root move 3: move eval=4.200000
[10:48:09.234] [DEBUG] [Move 4] MINIMAX: Root move 4: flip eval=4.200000
[10:48:09.235] [DEBUG] [Move 4] MINIMAX: Root move 5: flip eval=4.200000
[10:48:09.236] [DEBUG] [Move 4] MINIMAX: Root move 6: move eval=4.200000
[10:48:09.237] [DEBUG] [Move 4] MINIMAX: Root move 7: push eval=4.200000
[10:48:09.237] [DEBUG] [Move 4] MINIMAX: Root move 8: flip eval=4.200000
[10:48:09.238] [DEBUG] [Move 4] MINIMAX: Root move 9: flip eval=4.200000
[10:48:09.239] [DEBUG] [Move 4] MINIMAX: Root move 10: push eval=4.200000
[10:48:09.239] [DEBUG] [Move 4] MINIMAX: Root move 11: push eval=4.200000
[10:48:09.240] [DEBUG] [Move 4] MINIMAX: Root move 12: flip eval=4.200000
[10:48:09.240] [DEBUG] [Move 4] MINIMAX: Root move 13: flip eval=4.200000
[10:48:09.241] [DEBUG] [Move 4] MINIMAX: Root move 14: push eval=4.200000
[10:48:09.242] [DEBUG] [Move 4] MINIMAX: Root move 15: flip eval=4.200000
[10:48:09.243] [DEBUG] [Move 4] MINIMAX: Root move 16: flip eval=4.200000
[10:48:09.243] [DEBUG] [Move 4] MINIMAX: Root move 17: push eval=4.200000
[10:48:09.243] [DEBUG] [Move 4] MINIMAX: Root move 18: push eval=4.200000
[10:48:09.244] [DEBUG] [Move 4] MINIMAX: Root move 19: flip eval=4.200000
[10:48:09.245] [DEBUG] [Move 4] MINIMAX: Root move 20: flip eval=4.200000
[10:48:09.246] [DEBUG] [Move 4] MINIMAX: Root move 21: move eval=4.200000
[10:48:09.246] [DEBUG] [Move 4] MINIMAX: Root move 22: move eval=4.200000
[10:48:09.247] [DEBUG] [Move 4] MINIMAX: Root move 23: push eval=4.200000
[10:48:09.248] [DEBUG] [Move 4] MINIMAX: Root move 24: flip eval=4.200000
[10:48:09.249] [DEBUG] [Move 4] MINIMAX: Root move 25: flip eval=4.200000
[10:48:09.250] [DEBUG] [Move 4] MINIMAX: Root move 26: move eval=4.200000
[10:48:09.251] [DEBUG] [Move 4] MINIMAX: Root move 27: move eval=4.200000
[10:48:09.252] [DEBUG] [Move 4] MINIMAX: Root move 28: move eval=4.200000
[10:48:09.252] [DEBUG] [Move 4] MINIMAX: Root move 29: flip eval=4.200000
[10:48:09.253] [DEBUG] [Move 4] MINIMAX: Root move 30: flip eval=4.200000
[10:48:09.254] [DEBUG] [Move 4] MINIMAX: Root move 31: move eval=4.200000
[10:48:09.255] [DEBUG] [Move 4] MINIMAX: Root move 32: push eval=4.200000
[10:48:09.256] [DEBUG] [Move 4] MINIMAX: Root move 33: flip eval=4.200000
[10:48:09.257] [DEBUG] [Move 4] MINIMAX: Root move 34: flip eval=4.200000
[10:48:09.258] [DEBUG] [Move 4] MINIMAX: Root move 35: move eval=4.200000
[10:48:09.259] [DEBUG] [Move 4] MINIMAX: Root move 36: flip eval=4.200000
[10:48:09.260] [DEBUG] [Move 4] MINIMAX: Root move 37: flip eval=4.200000
[10:48:09.261] [DEBUG] [Move 4] MINIMAX: Root move 38: move eval=4.200000
[10:48:09.261] [DEBUG] [Move 4] MINIMAX: Root move 39: flip eval=4.200000
[10:48:09.262] [DEBUG] [Move 4] MINIMAX: Root move 40: flip eval=4.200000
[10:48:09.263] [DEBUG] [Move 4] MINIMAX: Root move 41: move eval=4.200000
[10:48:09.264] [DEBUG] [Move 4] MINIMAX: Root move 42: push eval=4.200000
[10:48:09.265] [DEBUG] [Move 4] MINIMAX: Root move 43: flip eval=4.200000
[10:48:09.266] [DEBUG] [Move 4] MINIMAX: Root move 44: flip eval=4.200000
[10:48:09.266] [DEBUG] [Move 4] MINIMAX: Root move 45: move eval=4.200000
[10:48:09.267] [DEBUG] [Move 4] MINIMAX: Root move 46: move eval=4.200000
[10:48:09.268] [DEBUG] [Move 4] MINIMAX: Root move 47: push eval=4.200000
[10:48:09.268] [DEBUG] [Move 4] MINIMAX: Root move 48: flip eval=4.200000
[10:48:09.269] [DEBUG] [Move 4] MINIMAX: Root move 49: flip eval=4.200000
[10:48:09.269] [DEBUG] [Move 4] MINIMAX: Root search complete - evaluated=49/49, cutoffs=0
[10:48:09.269] [DEBUG] [Move 4] MINIMAX: Depth 2 completed, nodes=179, eval=4.200000, move=move
[10:48:09.269] [DEBUG] [Move 4] MINIMAX: Searching at depth 3
[10:48:09.287] [DEBUG] [Move 4] MINIMAX: Root move 1: move eval=-4.900001
[10:48:09.287] [DEBUG] [Move 4] MINIMAX: Alpha improved at root: -1000000.000000 -> -4.900001
[10:48:09.289] [DEBUG] [Move 4] MINIMAX: Root move 2: move eval=-4.900001
[10:48:09.292] [DEBUG] [Move 4] MINIMAX: Root move 3: move eval=-4.900001
[10:48:09.294] [DEBUG] [Move 4] MINIMAX: Root move 4: flip eval=-4.900001
[10:48:09.295] [DEBUG] [Move 4] MINIMAX: Root move 5: flip eval=-4.900001
[10:48:09.297] [DEBUG] [Move 4] MINIMAX: Root move 6: move eval=-4.900001
[10:48:09.298] [DEBUG] [Move 4] MINIMAX: Root move 7: push eval=-4.900001
[10:48:09.300] [DEBUG] [Move 4] MINIMAX: Root move 8: flip eval=-4.900001
[10:48:09.302] [DEBUG] [Move 4] MINIMAX: Root move 9: flip eval=-4.900001
[10:48:09.304] [DEBUG] [Move 4] MINIMAX: Root move 10: push eval=-4.900001
[10:48:09.304] [DEBUG] [Move 4] MINIMAX: Root move 11: push eval=-4.900001
[10:48:09.306] [DEBUG] [Move 4] MINIMAX: Root move 12: flip eval=-4.900001
[10:48:09.307] [DEBUG] [Move 4] MINIMAX: Root move 13: flip eval=-4.900001
[10:48:09.309] [DEBUG] [Move 4] MINIMAX: Root move 14: push eval=-4.900001
[10:48:09.310] [DEBUG] [Move 4] MINIMAX: Root move 15: flip eval=-4.900001
[10:48:09.312] [DEBUG] [Move 4] MINIMAX: Root move 16: flip eval=-4.900001
[10:48:09.313] [DEBUG] [Move 4] MINIMAX: Root move 17: push eval=-4.900001
[10:48:09.313] [DEBUG] [Move 4] MINIMAX: Root move 18: push eval=-4.900001
[10:48:09.315] [DEBUG] [Move 4] MINIMAX: Root move 19: flip eval=-4.900001
[10:48:09.317] [DEBUG] [Move 4] MINIMAX: Root move 20: flip eval=-4.900001
[10:48:09.318] [DEBUG] [Move 4] MINIMAX: Root move 21: move eval=-4.900001
[10:48:09.320] [DEBUG] [Move 4] MINIMAX: Root move 22: move eval=-4.900001
[10:48:09.321] [DEBUG] [Move 4] MINIMAX: Root move 23: push eval=-4.900001
[10:48:09.323] [DEBUG] [Move 4] MINIMAX: Root move 24: flip eval=-4.900001
[10:48:09.325] [DEBUG] [Move 4] MINIMAX: Root move 25: flip eval=-4.900001
[10:48:09.326] [DEBUG] [Move 4] MINIMAX: Root move 26: move eval=-4.900001
[10:48:09.328] [DEBUG] [Move 4] MINIMAX: Root move 27: move eval=-4.900001
[10:48:09.329] [DEBUG] [Move 4] MINIMAX: Root move 28: move eval=-4.900001
[10:48:09.331] [DEBUG] [Move 4] MINIMAX: Root move 29: flip eval=-4.900001
[10:48:09.332] [DEBUG] [Move 4] MINIMAX: Root move 30: flip eval=-4.900001
[10:48:09.334] [DEBUG] [Move 4] MINIMAX: Root move 31: move eval=-4.900001
[10:48:09.335] [DEBUG] [Move 4] MINIMAX: Root move 32: push eval=-4.900001
[10:48:09.337] [DEBUG] [Move 4] MINIMAX: Root move 33: flip eval=-4.900001
[10:48:09.339] [DEBUG] [Move 4] MINIMAX: Root move 34: flip eval=-4.900001
[10:48:09.341] [DEBUG] [Move 4] MINIMAX: Root move 35: move eval=-4.900001
[10:48:09.343] [DEBUG] [Move 4] MINIMAX: Root move 36: flip eval=-4.900001
[10:48:09.345] [DEBUG] [Move 4] MINIMAX: Root move 37: flip eval=-4.900001
[10:48:09.347] [DEBUG] [Move 4] MINIMAX: Root move 38: move eval=-4.900001
[10:48:09.349] [DEBUG] [Move 4] MINIMAX: Root move 39: flip eval=-4.900001
[10:48:09.351] [DEBUG] [Move 4] MINIMAX: Root move 40: flip eval=-4.900001
[10:48:09.353] [DEBUG] [Move 4] MINIMAX: Root move 41: move eval=-4.900001
[10:48:09.355] [DEBUG] [Move 4] MINIMAX: Root move 42: push eval=-4.900001
[10:48:09.356] [DEBUG] [Move 4] MINIMAX: Root move 43: flip eval=-4.900001
[10:48:09.358] [DEBUG] [Move 4] MINIMAX: Root move 44: flip eval=-4.900001
[10:48:09.360] [DEBUG] [Move 4] MINIMAX: Root move 45: move eval=-4.900001
[10:48:09.361] [DEBUG] [Move 4] MINIMAX: Root move 46: move eval=-4.900001
[10:48:09.363] [DEBUG] [Move 4] MINIMAX: Root move 47: push eval=-4.900001
[10:48:09.365] [DEBUG] [Move 4] MINIMAX: Root move 48: flip eval=-4.900001
[10:48:09.366] [DEBUG] [Move 4] MINIMAX: Root move 49: flip eval=-4.900001
[10:48:09.366] [DEBUG] [Move 4] MINIMAX: Root search complete - evaluated=49/49, cutoffs=0
[10:48:09.366] [DEBUG] [Move 4] MINIMAX: Depth 3 completed, nodes=2695, eval=-4.900001, move=move
[10:48:09.366] [DEBUG] [Move 4] MINIMAX: Searching at depth 4
[10:48:09.561] [DEBUG] [Move 4] MINIMAX: Root move 1: move eval=4.200000
[10:48:09.562] [DEBUG] [Move 4] MINIMAX: Alpha improved at root: -1000000.000000 -> 4.200000
[10:48:09.604] [DEBUG] [Move 4] MINIMAX: Beta cutoff at depth 3, move 1/84, alpha=-4.200000, beta=-4.200000
[10:48:09.604] [DEBUG] [Move 4] MINIMAX: Root move 2: move eval=4.200000
[10:48:09.633] [DEBUG] [Move 4] MINIMAX: Beta cutoff at depth 3, move 1/84, alpha=-4.200000, beta=-4.200000
[10:48:09.633] [DEBUG] [Move 4] MINIMAX: Root move 3: move eval=4.200000
[10:48:09.668] [DEBUG] [Move 4] MINIMAX: Beta cutoff at depth 3, move 1/84, alpha=-4.200000, beta=-4.200000
[10:48:09.668] [DEBUG] [Move 4] MINIMAX: Root move 4: flip eval=4.200000
[10:48:09.709] [DEBUG] [Move 4] MINIMAX: Beta cutoff at depth 3, move 1/84, alpha=-4.200000, beta=-4.200000
[10:48:09.709] [DEBUG] [Move 4] MINIMAX: Root move 5: flip eval=4.200000
[10:48:09.755] [DEBUG] [Move 4] MINIMAX: Beta cutoff at depth 3, move 1/84, alpha=-4.200000, beta=-4.200000
[10:48:09.755] [DEBUG] [Move 4] MINIMAX: Root move 6: move eval=4.200000
[10:48:09.787] [DEBUG] [Move 4] MINIMAX: Beta cutoff at depth 3, move 1/84, alpha=-4.200000, beta=-4.200000
[10:48:09.787] [DEBUG] [Move 4] MINIMAX: Root move 7: push eval=4.200000
[10:48:09.820] [DEBUG] [Move 4] MINIMAX: Beta cutoff at depth 3, move 1/84, alpha=-4.200000, beta=-4.200000
[10:48:09.820] [DEBUG] [Move 4] MINIMAX: Root move 8: flip eval=4.200000
[10:48:09.858] [DEBUG] [Move 4] MINIMAX: Beta cutoff at depth 3, move 1/84, alpha=-4.200000, beta=-4.200000
[10:48:09.858] [DEBUG] [Move 4] MINIMAX: Root move 9: flip eval=4.200000
[10:48:09.890] [DEBUG] [Move 4] MINIMAX: Beta cutoff at depth 3, move 1/84, alpha=-4.200000, beta=-4.200000
[10:48:09.890] [DEBUG] [Move 4] MINIMAX: Root move 10: push eval=4.200000
[10:48:09.890] [DEBUG] [Move 4] MINIMAX: TT HIT at depth 3, eval=-4.200000, move=move
[10:48:09.890] [DEBUG] [Move 4] MINIMAX: Root move 11: push eval=4.200000
[10:48:09.918] [DEBUG] [Move 4] MINIMAX: Beta cutoff at depth 3, move 1/84, alpha=-4.200000, beta=-4.200000
[10:48:09.918] [DEBUG] [Move 4] MINIMAX: Root move 12: flip eval=4.200000
[10:48:09.964] [DEBUG] [Move 4] MINIMAX: Beta cutoff at depth 3, move 1/84, alpha=-4.200000, beta=-4.200000
[10:48:09.964] [DEBUG] [Move 4] MINIMAX: Root move 13: flip eval=4.200000
[10:48:09.987] [DEBUG] [Move 4] MINIMAX: Beta cutoff at depth 3, move 1/84, alpha=-4.200000, beta=-4.200000
[10:48:09.987] [DEBUG] [Move 4] MINIMAX: Root move 14: push eval=4.200000
[10:48:10.009] [DEBUG] [Move 4] MINIMAX: Beta cutoff at depth 3, move 1/84, alpha=-4.200000, beta=-4.200000
[10:48:10.009] [DEBUG] [Move 4] MINIMAX: Root move 15: flip eval=4.200000
[10:48:10.032] [DEBUG] [Move 4] MINIMAX: Beta cutoff at depth 3, move 1/84, alpha=-4.200000, beta=-4.200000
[10:48:10.032] [DEBUG] [Move 4] MINIMAX: Root move 16: flip eval=4.200000
[10:48:10.053] [DEBUG] [Move 4] MINIMAX: Beta cutoff at depth 3, move 1/84, alpha=-4.200000, beta=-4.200000
[10:48:10.053] [DEBUG] [Move 4] MINIMAX: Root move 17: push eval=4.200000
[10:48:10.053] [DEBUG] [Move 4] MINIMAX: TT HIT at depth 3, eval=-4.200000, move=move
[10:48:10.053] [DEBUG] [Move 4] MINIMAX: Root move 18: push eval=4.200000
[10:48:10.075] [DEBUG] [Move 4] MINIMAX: Beta cutoff at depth 3, move 1/84, alpha=-4.200000, beta=-4.200000
[10:48:10.075] [DEBUG] [Move 4] MINIMAX: Root move 19: flip eval=4.200000
[10:48:10.098] [DEBUG] [Move 4] MINIMAX: Beta cutoff at depth 3, move 1/84, alpha=-4.200000, beta=-4.200000
[10:48:10.098] [DEBUG] [Move 4] MINIMAX: Root move 20: flip eval=4.200000
[10:48:10.119] [DEBUG] [Move 4] MINIMAX: Beta cutoff at depth 3, move 1/84, alpha=-4.200000, beta=-4.200000
[10:48:10.119] [DEBUG] [Move 4] MINIMAX: Root move 21: move eval=4.200000
[10:48:10.138] [DEBUG] [Move 4] MINIMAX: Beta cutoff at depth 3, move 1/84, alpha=-4.200000, beta=-4.200000
[10:48:10.138] [DEBUG] [Move 4] MINIMAX: Root move 22: move eval=4.200000
[10:48:10.155] [DEBUG] [Move 4] MINIMAX: Beta cutoff at depth 3, move 1/84, alpha=-4.200000, beta=-4.200000
[10:48:10.155] [DEBUG] [Move 4] MINIMAX: Root move 23: push eval=4.200000
[10:48:10.180] [DEBUG] [Move 4] MINIMAX: Beta cutoff at depth 3, move 1/84, alpha=-4.200000, beta=-4.200000
[10:48:10.180] [DEBUG] [Move 4] MINIMAX: Root move 24: flip eval=4.200000
[10:48:10.208] [DEBUG] [Move 4] MINIMAX: Beta cutoff at depth 3, move 1/84, alpha=-4.200000, beta=-4.200000
[10:48:10.208] [DEBUG] [Move 4] MINIMAX: Root move 25: flip eval=4.200000
[10:48:10.232] [DEBUG] [Move 4] MINIMAX: Beta cutoff at depth 3, move 1/99, alpha=-4.200000, beta=-4.200000
[10:48:10.232] [DEBUG] [Move 4] MINIMAX: Root move 26: move eval=4.200000
[10:48:10.255] [DEBUG] [Move 4] MINIMAX: Beta cutoff at depth 3, move 1/87, alpha=-4.200000, beta=-4.200000
[10:48:10.255] [DEBUG] [Move 4] MINIMAX: Root move 27: move eval=4.200000
[10:48:10.272] [DEBUG] [Move 4] MINIMAX: Beta cutoff at depth 3, move 1/81, alpha=-4.200000, beta=-4.200000
[10:48:10.272] [DEBUG] [Move 4] MINIMAX: Root move 28: move eval=4.200000
[10:48:10.290] [DEBUG] [Move 4] MINIMAX: Beta cutoff at depth 3, move 1/93, alpha=-4.200000, beta=-4.200000
[10:48:10.290] [DEBUG] [Move 4] MINIMAX: Root move 29: flip eval=4.200000
[10:48:10.311] [DEBUG] [Move 4] MINIMAX: Beta cutoff at depth 3, move 1/96, alpha=-4.200000, beta=-4.200000
[10:48:10.311] [DEBUG] [Move 4] MINIMAX: Root move 30: flip eval=4.200000
[10:48:10.328] [DEBUG] [Move 4] MINIMAX: Beta cutoff at depth 3, move 1/80, alpha=-4.200000, beta=-4.200000
[10:48:10.328] [DEBUG] [Move 4] MINIMAX: Root move 31: move eval=4.200000
[10:48:10.343] [DEBUG] [Move 4] MINIMAX: Beta cutoff at depth 3, move 1/88, alpha=-4.200000, beta=-4.200000
[10:48:10.343] [DEBUG] [Move 4] MINIMAX: Root move 32: push eval=4.200000
[10:48:10.356] [DEBUG] [Move 4] MINIMAX: Beta cutoff at depth 3, move 1/84, alpha=-4.200000, beta=-4.200000
[10:48:10.356] [DEBUG] [Move 4] MINIMAX: Root move 33: flip eval=4.200000
[10:48:10.375] [DEBUG] [Move 4] MINIMAX: Beta cutoff at depth 3, move 1/84, alpha=-4.200000, beta=-4.200000
[10:48:10.375] [DEBUG] [Move 4] MINIMAX: Root move 34: flip eval=4.200000
[10:48:10.390] [DEBUG] [Move 4] MINIMAX: Beta cutoff at depth 3, move 1/83, alpha=-4.200000, beta=-4.200000
[10:48:10.390] [DEBUG] [Move 4] MINIMAX: Root move 35: move eval=4.200000
[10:48:10.404] [DEBUG] [Move 4] MINIMAX: Beta cutoff at depth 3, move 1/84, alpha=-4.200000, beta=-4.200000
[10:48:10.404] [DEBUG] [Move 4] MINIMAX: Root move 36: flip eval=4.200000
[10:48:10.423] [DEBUG] [Move 4] MINIMAX: Beta cutoff at depth 3, move 1/84, alpha=-4.200000, beta=-4.200000
[10:48:10.423] [DEBUG] [Move 4] MINIMAX: Root move 37: flip eval=4.200000
[10:48:10.439] [DEBUG] [Move 4] MINIMAX: Beta cutoff at depth 3, move 1/84, alpha=-4.200000, beta=-4.200000
[10:48:10.439] [DEBUG] [Move 4] MINIMAX: Root move 38: move eval=4.200000
[10:48:10.447] [DEBUG] [Move 4] MINIMAX: Beta cutoff at depth 3, move 1/84, alpha=-4.200000, beta=-4.200000
[10:48:10.447] [DEBUG] [Move 4] MINIMAX: Root move 39: flip eval=4.200000
[10:48:10.463] [DEBUG] [Move 4] MINIMAX: Beta cutoff at depth 3, move 1/84, alpha=-4.200000, beta=-4.200000
[10:48:10.463] [DEBUG] [Move 4] MINIMAX: Root move 40: flip eval=4.200000
[10:48:10.472] [DEBUG] [Move 4] MINIMAX: Beta cutoff at depth 3, move 1/84, alpha=-4.200000, beta=-4.200000
[10:48:10.472] [DEBUG] [Move 4] MINIMAX: Root move 41: move eval=4.200000
[10:48:10.478] [DEBUG] [Move 4] MINIMAX: Beta cutoff at depth 3, move 1/84, alpha=-4.200000, beta=-4.200000
[10:48:10.478] [DEBUG] [Move 4] MINIMAX: Root move 42: push eval=4.200000
[10:48:10.485] [DEBUG] [Move 4] MINIMAX: Beta cutoff at depth 3, move 1/84, alpha=-4.200000, beta=-4.200000
[10:48:10.485] [DEBUG] [Move 4] MINIMAX: Root move 43: flip eval=4.200000
[10:48:10.496] [DEBUG] [Move 4] MINIMAX: Beta cutoff at depth 3, move 1/84, alpha=-4.200000, beta=-4.200000
[10:48:10.496] [DEBUG] [Move 4] MINIMAX: Root move 44: flip eval=4.200000
[10:48:10.501] [DEBUG] [Move 4] MINIMAX: Beta cutoff at depth 3, move 1/82, alpha=-4.200000, beta=-4.200000
[10:48:10.502] [DEBUG] [Move 4] MINIMAX: Root move 45: move eval=4.200000
[10:48:10.507] [DEBUG] [Move 4] MINIMAX: Beta cutoff at depth 3, move 1/86, alpha=-4.200000, beta=-4.200000
[10:48:10.507] [DEBUG] [Move 4] MINIMAX: Root move 46: move eval=4.200000
[10:48:10.512] [DEBUG] [Move 4] MINIMAX: Beta cutoff at depth 3, move 1/86, alpha=-4.200000, beta=-4.200000
[10:48:10.512] [DEBUG] [Move 4] MINIMAX: Root move 47: push eval=4.200000
[10:48:10.518] [DEBUG] [Move 4] MINIMAX: Beta cutoff at depth 3, move 1/90, alpha=-4.200000, beta=-4.200000
[10:48:10.518] [DEBUG] [Move 4] MINIMAX: Root move 48: flip eval=4.200000
[10:48:10.526] [DEBUG] [Move 4] MINIMAX: Beta cutoff at depth 3, move 1/84, alpha=-4.200000, beta=-4.200000
[10:48:10.527] [DEBUG] [Move 4] MINIMAX: Root move 49: flip eval=4.200000
[10:48:10.527] [DEBUG] [Move 4] MINIMAX: Root search complete - evaluated=49/49, cutoffs=0
[10:48:10.527] [DEBUG] [Move 4] MINIMAX: Depth 4 completed, nodes=9731, eval=4.200000, move=move
[10:48:10.527] [DEBUG] [Move 4] MINIMAX: Searching at depth 5
[10:48:10.660] [DEBUG] [Move 4] MINIMAX: New best at depth 4, move=move, eval=4.900001
[10:48:10.700] [DEBUG] [Move 4] MINIMAX: Beta cutoff at depth 3, move 1/49, alpha=-4.900001, beta=-4.900001
[10:48:10.743] [DEBUG] [Move 4] MINIMAX: Beta cutoff at depth 3, move 1/49, alpha=-4.900001, beta=-4.900001
[10:48:10.813] [DEBUG] [Move 4] MINIMAX: Beta cutoff at depth 3, move 1/49, alpha=-4.900001, beta=-4.900001
[10:48:10.880] [DEBUG] [Move 4] MINIMAX: Beta cutoff at depth 3, move 1/49, alpha=-4.900001, beta=-4.900001
[10:48:10.926] [DEBUG] [Move 4] MINIMAX: Beta cutoff at depth 3, move 1/49, alpha=-4.900001, beta=-4.900001
[10:48:10.926] [DEBUG] [Move 4] MINIMAX: TT HIT at depth 3, eval=-4.900001, move=move
[10:48:10.927] [DEBUG] [Move 4] MINIMAX: TT HIT at depth 3, eval=-4.900001, move=move
[10:48:10.927] [DEBUG] [Move 4] MINIMAX: TT HIT at depth 3, eval=-4.900001, move=move
[10:48:10.927] [DEBUG] [Move 4] MINIMAX: TT HIT at depth 3, eval=-4.900001, move=move
[10:48:10.927] [DEBUG] [Move 4] MINIMAX: TT HIT at depth 3, eval=-4.900001, move=move
[10:48:10.965] [DEBUG] [Move 4] MINIMAX: Beta cutoff at depth 3, move 1/49, alpha=-4.900001, beta=-4.900001
[10:48:11.009] [DEBUG] [Move 4] MINIMAX: Beta cutoff at depth 3, move 1/49, alpha=-4.900001, beta=-4.900001
[10:48:11.051] [DEBUG] [Move 4] MINIMAX: Beta cutoff at depth 3, move 1/53, alpha=-4.900001, beta=-4.900001
[10:48:11.097] [DEBUG] [Move 4] MINIMAX: Beta cutoff at depth 3, move 1/49, alpha=-4.900001, beta=-4.900001
[10:48:11.134] [DEBUG] [Move 4] MINIMAX: Beta cutoff at depth 3, move 1/49, alpha=-4.900001, beta=-4.900001
[10:48:11.171] [DEBUG] [Move 4] MINIMAX: Beta cutoff at depth 3, move 1/49, alpha=-4.900001, beta=-4.900001
[10:48:11.210] [DEBUG] [Move 4] MINIMAX: Beta cutoff at depth 3, move 1/49, alpha=-4.900001, beta=-4.900001
[10:48:11.210] [DEBUG] [Move 4] MINIMAX: TT HIT at depth 3, eval=-4.900001, move=move
[10:48:11.210] [DEBUG] [Move 4] MINIMAX: TT HIT at depth 3, eval=-4.900001, move=move
[10:48:11.248] [DEBUG] [Move 4] MINIMAX: Beta cutoff at depth 3, move 1/49, alpha=-4.900001, beta=-4.900001
[10:48:11.248] [DEBUG] [Move 4] MINIMAX: TT HIT at depth 3, eval=-4.900001, move=move
[10:48:11.248] [DEBUG] [Move 4] MINIMAX: TT HIT at depth 3, eval=-4.900001, move=move
[10:48:11.282] [DEBUG] [Move 4] MINIMAX: Beta cutoff at depth 3, move 1/49, alpha=-4.900001, beta=-4.900001
[10:48:11.329] [DEBUG] [Move 4] MINIMAX: Beta cutoff at depth 3, move 1/49, alpha=-4.900001, beta=-4.900001
[10:48:11.373] [DEBUG] [Move 4] MINIMAX: Beta cutoff at depth 3, move 1/48, alpha=-4.900001, beta=-4.900001
[10:48:11.417] [DEBUG] [Move 4] MINIMAX: Beta cutoff at depth 3, move 1/49, alpha=-4.900001, beta=-4.900001
[10:48:11.454] [DEBUG] [Move 4] MINIMAX: Beta cutoff at depth 3, move 1/49, alpha=-4.900001, beta=-4.900001
[10:48:11.491] [DEBUG] [Move 4] MINIMAX: Beta cutoff at depth 3, move 1/49, alpha=-4.900001, beta=-4.900001
[10:48:11.536] [DEBUG] [Move 4] MINIMAX: Beta cutoff at depth 3, move 1/49, alpha=-4.900001, beta=-4.900001
[10:48:11.577] [DEBUG] [Move 4] MINIMAX: Beta cutoff at depth 3, move 1/49, alpha=-4.900001, beta=-4.900001
[10:48:11.617] [DEBUG] [Move 4] MINIMAX: Beta cutoff at depth 3, move 1/49, alpha=-4.900001, beta=-4.900001
[10:48:11.650] [DEBUG] [Move 4] MINIMAX: Beta cutoff at depth 3, move 1/49, alpha=-4.900001, beta=-4.900001
[10:48:11.691] [DEBUG] [Move 4] MINIMAX: Beta cutoff at depth 3, move 1/49, alpha=-4.900001, beta=-4.900001
[10:48:11.728] [DEBUG] [Move 4] MINIMAX: Beta cutoff at depth 3, move 1/49, alpha=-4.900001, beta=-4.900001
[10:48:11.762] [DEBUG] [Move 4] MINIMAX: Beta cutoff at depth 3, move 1/49, alpha=-4.900001, beta=-4.900001
[10:48:11.792] [DEBUG] [Move 4] MINIMAX: Beta cutoff at depth 3, move 1/49, alpha=-4.900001, beta=-4.900001
[10:48:11.839] [DEBUG] [Move 4] MINIMAX: Beta cutoff at depth 3, move 1/49, alpha=-4.900001, beta=-4.900001
[10:48:11.871] [DEBUG] [Move 4] MINIMAX: Beta cutoff at depth 3, move 1/48, alpha=-4.900001, beta=-4.900001
[10:48:11.908] [DEBUG] [Move 4] MINIMAX: Beta cutoff at depth 3, move 1/49, alpha=-4.900001, beta=-4.900001
[10:48:11.936] [DEBUG] [Move 4] MINIMAX: Beta cutoff at depth 3, move 1/49, alpha=-4.900001, beta=-4.900001
[10:48:11.962] [DEBUG] [Move 4] MINIMAX: Beta cutoff at depth 3, move 1/49, alpha=-4.900001, beta=-4.900001
[10:48:11.989] [DEBUG] [Move 4] MINIMAX: Beta cutoff at depth 3, move 1/49, alpha=-4.900001, beta=-4.900001
[10:48:12.019] [DEBUG] [Move 4] MINIMAX: Beta cutoff at depth 3, move 1/49, alpha=-4.900001, beta=-4.900001
[10:48:12.050] [DEBUG] [Move 4] MINIMAX: Beta cutoff at depth 3, move 1/49, alpha=-4.900001, beta=-4.900001
[10:48:12.081] [DEBUG] [Move 4] MINIMAX: Beta cutoff at depth 3, move 1/49, alpha=-4.900001, beta=-4.900001
[10:48:12.112] [DEBUG] [Move 4] MINIMAX: Beta cutoff at depth 3, move 1/49, alpha=-4.900001, beta=-4.900001
[10:48:12.147] [DEBUG] [Move 4] MINIMAX: Beta cutoff at depth 3, move 1/49, alpha=-4.900001, beta=-4.900001
[10:48:12.202] [DEBUG] [Move 4] MINIMAX: Beta cutoff at depth 3, move 1/49, alpha=-4.900001, beta=-4.900001
[10:48:12.228] [DEBUG] [Move 4] MINIMAX: New best at depth 4, move=move, eval=1000000.000000
[10:48:12.228] [DEBUG] [Move 4] MINIMAX: Beta cutoff at depth 4, move 50/84, alpha=1000000.000000, beta=1000000.000000
[10:48:12.228] [DEBUG] [Move 4] MINIMAX: Root move 1: move eval=-1000000.000000
[10:48:12.228] [DEBUG] [Move 4] MINIMAX: Timeout at root level after 1/49 moves
[10:48:12.228] [DEBUG] [Move 4] MINIMAX: Root search complete - evaluated=1/49, cutoffs=0
[10:48:12.228] [DEBUG] [Move 4] MINIMAX: Depth 5 completed, nodes=8055, eval=-1000000.000000, move=move
[10:48:12.228] [DEBUG] [Move 4] MINIMAX: Time limit reached at depth 6
[10:48:12.228] [INFO] [Move 4] MINIMAX: Search complete - depth=4, nodes=20709, TT_size=61494, time=3.001000s
[10:48:12.230] [DEBUG] [Move 4] VALIDATION DEBUG: Generated 49 legal moves for validation
[10:48:12.230] [DEBUG] [Move 4] VALIDATION DEBUG: Minimax returned move: move (0,3) -> (0,2)
[10:48:12.230] [DEBUG] [Move 4] VALIDATION DEBUG: Legal move 1: move (0,3) -> (0,2)
[10:48:12.230] [DEBUG] [Move 4] VALIDATION DEBUG: Legal move 2: move (0,3) -> (0,4)
[10:48:12.230] [DEBUG] [Move 4] VALIDATION DEBUG: Legal move 3: move (0,3) -> (1,3)
[10:48:12.230] [DEBUG] [Move 4] VALIDATION DEBUG: Legal move 4: flip (0,3) -> (0,3)
[10:48:12.230] [DEBUG] [Move 4] VALIDATION DEBUG: Legal move 5: flip (0,3) -> (0,3)
[10:48:12.230] [DEBUG] [Move 4] VALIDATION DEBUG: Move found in legal moves - SUCCESS!
[10:48:12.230] [DECISION] [Move 4] FINAL DECISION: move (0,3) -> (0,2) | Reasoning: Minimax search
[10:48:12.230] [DECISION] [Move 4] === MOVE DECISION END ===
[10:48:12.269] [DECISION] [Move 5] === MOVE DECISION START === Player: square, Board: 13x12, Time: 47.9908s (vs 59.9785s)
[10:48:12.270] [DEBUG] [Move 5] MINIMAX: Starting search for square, time=47.990837s
[10:48:12.271] [DEBUG] [Move 5] MINIMAX: Found 49 legal moves at root
[10:48:12.271] [DEBUG] [Move 5] MINIMAX: Starting iterative deepening
[10:48:12.271] [DEBUG] [Move 5] MINIMAX: Searching at depth 1
[10:48:12.271] [DEBUG] [Move 5] MINIMAX: Root move 1: move eval=-4.900001
[10:48:12.271] [DEBUG] [Move 5] MINIMAX: Alpha improved at root: -1000000.000000 -> -4.900001
[10:48:12.271] [DEBUG] [Move 5] MINIMAX: Root move 2: move eval=-1000000.000000
[10:48:12.271] [DEBUG] [Move 5] MINIMAX: Root move 3: move eval=-4.900001
[10:48:12.271] [DEBUG] [Move 5] MINIMAX: Root move 4: flip eval=-4.900001
[10:48:12.271] [DEBUG] [Move 5] MINIMAX: Root move 5: flip eval=-4.900001
[10:48:12.271] [DEBUG] [Move 5] MINIMAX: Root move 6: move eval=-4.900001
[10:48:12.271] [DEBUG] [Move 5] MINIMAX: Root move 7: push eval=-4.900001
[10:48:12.271] [DEBUG] [Move 5] MINIMAX: Root move 8: flip eval=-4.900001
[10:48:12.271] [DEBUG] [Move 5] MINIMAX: Root move 9: flip eval=-4.900001
[10:48:12.271] [DEBUG] [Move 5] MINIMAX: Root move 10: push eval=-4.900001
[10:48:12.271] [DEBUG] [Move 5] MINIMAX: Root move 11: push eval=-4.900001
[10:48:12.271] [DEBUG] [Move 5] MINIMAX: Root move 12: flip eval=-4.900001
[10:48:12.271] [DEBUG] [Move 5] MINIMAX: Root move 13: flip eval=-4.900001
[10:48:12.271] [DEBUG] [Move 5] MINIMAX: Root move 14: push eval=-4.900001
[10:48:12.271] [DEBUG] [Move 5] MINIMAX: Root move 15: flip eval=-4.900001
[10:48:12.271] [DEBUG] [Move 5] MINIMAX: Root move 16: flip eval=-4.900001
[10:48:12.271] [DEBUG] [Move 5] MINIMAX: Root move 17: push eval=-4.900001
[10:48:12.271] [DEBUG] [Move 5] MINIMAX: Root move 18: push eval=-4.900001
[10:48:12.271] [DEBUG] [Move 5] MINIMAX: Root move 19: flip eval=-4.900001
[10:48:12.271] [DEBUG] [Move 5] MINIMAX: Root move 20: flip eval=-4.900001
[10:48:12.271] [DEBUG] [Move 5] MINIMAX: Root move 21: move eval=-4.900001
[10:48:12.271] [DEBUG] [Move 5] MINIMAX: Root move 22: move eval=-4.900001
[10:48:12.271] [DEBUG] [Move 5] MINIMAX: Root move 23: push eval=-4.900001
[10:48:12.271] [DEBUG] [Move 5] MINIMAX: Root move 24: flip eval=-4.900001
[10:48:12.271] [DEBUG] [Move 5] MINIMAX: Root move 25: flip eval=-4.900001
[10:48:12.271] [DEBUG] [Move 5] MINIMAX: Root move 26: move eval=-4.900001
[10:48:12.271] [DEBUG] [Move 5] MINIMAX: Root move 27: move eval=-4.900001
[10:48:12.271] [DEBUG] [Move 5] MINIMAX: Root move 28: move eval=-4.900001
[10:48:12.271] [DEBUG] [Move 5] MINIMAX: Root move 29: flip eval=-4.900001
[10:48:12.271] [DEBUG] [Move 5] MINIMAX: Root move 30: flip eval=-4.900001
[10:48:12.271] [DEBUG] [Move 5] MINIMAX: Root move 31: move eval=-4.900001
[10:48:12.271] [DEBUG] [Move 5] MINIMAX: Root move 32: push eval=-4.900001
[10:48:12.271] [DEBUG] [Move 5] MINIMAX: Root move 33: flip eval=-4.900001
[10:48:12.271] [DEBUG] [Move 5] MINIMAX: Root move 34: flip eval=-4.900001
[10:48:12.271] [DEBUG] [Move 5] MINIMAX: Root move 35: move eval=-4.900001
[10:48:12.271] [DEBUG] [Move 5] MINIMAX: Root move 36: flip eval=-4.900001
[10:48:12.271] [DEBUG] [Move 5] MINIMAX: Root move 37: flip eval=-4.900001
[10:48:12.271] [DEBUG] [Move 5] MINIMAX: Root move 38: move eval=-4.900001
[10:48:12.271] [DEBUG] [Move 5] MINIMAX: Root move 39: flip eval=-4.900001
[10:48:12.271] [DEBUG] [Move 5] MINIMAX: Root move 40: flip eval=-4.900001
[10:48:12.271] [DEBUG] [Move 5] MINIMAX: Root move 41: move eval=-4.900001
[10:48:12.272] [DEBUG] [Move 5] MINIMAX: Root move 42: push eval=-4.900001
[10:48:12.272] [DEBUG] [Move 5] MINIMAX: Root move 43: flip eval=-4.900001
[10:48:12.272] [DEBUG] [Move 5] MINIMAX: Root move 44: flip eval=-4.900001
[10:48:12.272] [DEBUG] [Move 5] MINIMAX: Root move 45: move eval=-4.900001
[10:48:12.272] [DEBUG] [Move 5] MINIMAX: Root move 46: move eval=-4.900001
[10:48:12.272] [DEBUG] [Move 5] MINIMAX: Root move 47: push eval=-4.900001
[10:48:12.272] [DEBUG] [Move 5] MINIMAX: Root move 48: flip eval=-4.900001
[10:48:12.272] [DEBUG] [Move 5] MINIMAX: Root move 49: flip eval=-4.900001
[10:48:12.272] [DEBUG] [Move 5] MINIMAX: Root search complete - evaluated=49/49, cutoffs=0
[10:48:12.272] [DEBUG] [Move 5] MINIMAX: Depth 1 completed, nodes=49, eval=-4.900001, move=move
[10:48:12.272] [DEBUG] [Move 5] MINIMAX: Searching at depth 2
[10:48:12.273] [DEBUG] [Move 5] MINIMAX: Root move 1: move eval=4.200000
[10:48:12.273] [DEBUG] [Move 5] MINIMAX: Alpha improved at root: -1000000.000000 -> 4.200000
[10:48:12.273] [DEBUG] [Move 5] MINIMAX: Root move 2: move eval=-1000000.000000
[10:48:12.273] [DEBUG] [Move 5] MINIMAX: Root move 3: move eval=4.200000
[10:48:12.274] [DEBUG] [Move 5] MINIMAX: Root move 4: flip eval=4.200000
[10:48:12.276] [DEBUG] [Move 5] MINIMAX: Root move 5: flip eval=4.200000
[10:48:12.277] [DEBUG] [Move 5] MINIMAX: Root move 6: move eval=4.200000
[10:48:12.279] [DEBUG] [Move 5] MINIMAX: Root move 7: push eval=4.200000
[10:48:12.280] [DEBUG] [Move 5] MINIMAX: Root move 8: flip eval=4.200000
[10:48:12.282] [DEBUG] [Move 5] MINIMAX: Root move 9: flip eval=4.200000
[10:48:12.284] [DEBUG] [Move 5] MINIMAX: Root move 10: push eval=4.200000
[10:48:12.284] [DEBUG] [Move 5] MINIMAX: Root move 11: push eval=4.200000
[10:48:12.285] [DEBUG] [Move 5] MINIMAX: Root move 12: flip eval=4.200000
[10:48:12.287] [DEBUG] [Move 5] MINIMAX: Root move 13: flip eval=4.200000
[10:48:12.288] [DEBUG] [Move 5] MINIMAX: Root move 14: push eval=4.200000
[10:48:12.289] [DEBUG] [Move 5] MINIMAX: Root move 15: flip eval=4.200000
[10:48:12.290] [DEBUG] [Move 5] MINIMAX: Root move 16: flip eval=4.200000
[10:48:12.291] [DEBUG] [Move 5] MINIMAX: Root move 17: push eval=4.200000
[10:48:12.291] [DEBUG] [Move 5] MINIMAX: Root move 18: push eval=4.200000
[10:48:12.292] [DEBUG] [Move 5] MINIMAX: Root move 19: flip eval=4.200000
[10:48:12.293] [DEBUG] [Move 5] MINIMAX: Root move 20: flip eval=4.200000
[10:48:12.294] [DEBUG] [Move 5] MINIMAX: Root move 21: move eval=4.200000
[10:48:12.295] [DEBUG] [Move 5] MINIMAX: Root move 22: move eval=4.200000
[10:48:12.296] [DEBUG] [Move 5] MINIMAX: Root move 23: push eval=4.200000
[10:48:12.297] [DEBUG] [Move 5] MINIMAX: Root move 24: flip eval=4.200000
[10:48:12.298] [DEBUG] [Move 5] MINIMAX: Root move 25: flip eval=4.200000
[10:48:12.300] [DEBUG] [Move 5] MINIMAX: Root move 26: move eval=4.200000
[10:48:12.301] [DEBUG] [Move 5] MINIMAX: Root move 27: move eval=4.200000
[10:48:12.302] [DEBUG] [Move 5] MINIMAX: Root move 28: move eval=4.200000
[10:48:12.304] [DEBUG] [Move 5] MINIMAX: Root move 29: flip eval=4.200000
[10:48:12.305] [DEBUG] [Move 5] MINIMAX: Root move 30: flip eval=4.200000
[10:48:12.307] [DEBUG] [Move 5] MINIMAX: Root move 31: move eval=4.200000
[10:48:12.308] [DEBUG] [Move 5] MINIMAX: Root move 32: push eval=4.200000
[10:48:12.310] [DEBUG] [Move 5] MINIMAX: Root move 33: flip eval=4.200000
[10:48:12.311] [DEBUG] [Move 5] MINIMAX: Root move 34: flip eval=4.200000
[10:48:12.312] [DEBUG] [Move 5] MINIMAX: Root move 35: move eval=4.200000
[10:48:12.313] [DEBUG] [Move 5] MINIMAX: Root move 36: flip eval=4.200000
[10:48:12.314] [DEBUG] [Move 5] MINIMAX: Root move 37: flip eval=4.200000
[10:48:12.315] [DEBUG] [Move 5] MINIMAX: Root move 38: move eval=4.200000
[10:48:12.316] [DEBUG] [Move 5] MINIMAX: Root move 39: flip eval=4.200000
[10:48:12.317] [DEBUG] [Move 5] MINIMAX: Root move 40: flip eval=4.200000
[10:48:12.318] [DEBUG] [Move 5] MINIMAX: Root move 41: move eval=4.200000
[10:48:12.318] [DEBUG] [Move 5] MINIMAX: Root move 42: push eval=4.200000
[10:48:12.319] [DEBUG] [Move 5] MINIMAX: Root move 43: flip eval=4.200000
[10:48:12.320] [DEBUG] [Move 5] MINIMAX: Root move 44: flip eval=4.200000
[10:48:12.320] [DEBUG] [Move 5] MINIMAX: Root move 45: move eval=4.200000
[10:48:12.321] [DEBUG] [Move 5] MINIMAX: Root move 46: move eval=4.200000
[10:48:12.322] [DEBUG] [Move 5] MINIMAX: Root move 47: push eval=4.200000
[10:48:12.322] [DEBUG] [Move 5] MINIMAX: Root move 48: flip eval=4.200000
[10:48:12.323] [DEBUG] [Move 5] MINIMAX: Root move 49: flip eval=4.200000
[10:48:12.323] [DEBUG] [Move 5] MINIMAX: Root search complete - evaluated=49/49, cutoffs=0
[10:48:12.323] [DEBUG] [Move 5] MINIMAX: Depth 2 completed, nodes=166, eval=4.200000, move=move
[10:48:12.323] [DEBUG] [Move 5] MINIMAX: Searching at depth 3
[10:48:12.344] [DEBUG] [Move 5] MINIMAX: Root move 1: move eval=-4.900001
[10:48:12.344] [DEBUG] [Move 5] MINIMAX: Alpha improved at root: -1000000.000000 -> -4.900001
[10:48:12.344] [DEBUG] [Move 5] MINIMAX: Root move 2: move eval=-1000000.000000
[10:48:12.345] [DEBUG] [Move 5] MINIMAX: Root move 3: move eval=-4.900001
[10:48:12.347] [DEBUG] [Move 5] MINIMAX: Root move 4: flip eval=-4.900001
[10:48:12.349] [DEBUG] [Move 5] MINIMAX: Root move 5: flip eval=-4.900001
[10:48:12.351] [DEBUG] [Move 5] MINIMAX: Root move 6: move eval=-4.900001
[10:48:12.352] [DEBUG] [Move 5] MINIMAX: Root move 7: push eval=-4.900001
[10:48:12.354] [DEBUG] [Move 5] MINIMAX: Root move 8: flip eval=-4.900001
[10:48:12.356] [DEBUG] [Move 5] MINIMAX: Root move 9: flip eval=-4.900001
[10:48:12.358] [DEBUG] [Move 5] MINIMAX: Root move 10: push eval=-4.900001
[10:48:12.358] [DEBUG] [Move 5] MINIMAX: Root move 11: push eval=-4.900001
[10:48:12.360] [DEBUG] [Move 5] MINIMAX: Root move 12: flip eval=-4.900001
[10:48:12.363] [DEBUG] [Move 5] MINIMAX: Root move 13: flip eval=-4.900001
[10:48:12.367] [DEBUG] [Move 5] MINIMAX: Root move 14: push eval=-4.900001
[10:48:12.369] [DEBUG] [Move 5] MINIMAX: Root move 15: flip eval=-4.900001
[10:48:12.372] [DEBUG] [Move 5] MINIMAX: Root move 16: flip eval=-4.900001
[10:48:12.373] [DEBUG] [Move 5] MINIMAX: Root move 17: push eval=-4.900001
[10:48:12.374] [DEBUG] [Move 5] MINIMAX: Root move 18: push eval=-4.900001
[10:48:12.376] [DEBUG] [Move 5] MINIMAX: Root move 19: flip eval=-4.900001
[10:48:12.379] [DEBUG] [Move 5] MINIMAX: Root move 20: flip eval=-4.900001
[10:48:12.381] [DEBUG] [Move 5] MINIMAX: Root move 21: move eval=-4.900001
[10:48:12.384] [DEBUG] [Move 5] MINIMAX: Root move 22: move eval=-4.900001
[10:48:12.387] [DEBUG] [Move 5] MINIMAX: Root move 23: push eval=-4.900001
[10:48:12.390] [DEBUG] [Move 5] MINIMAX: Root move 24: flip eval=-4.900001
[10:48:12.394] [DEBUG] [Move 5] MINIMAX: Root move 25: flip eval=-4.900001
[10:48:12.397] [DEBUG] [Move 5] MINIMAX: Root move 26: move eval=-4.900001
[10:48:12.400] [DEBUG] [Move 5] MINIMAX: Root move 27: move eval=-4.900001
[10:48:12.403] [DEBUG] [Move 5] MINIMAX: Root move 28: move eval=-4.900001
[10:48:12.406] [DEBUG] [Move 5] MINIMAX: Root move 29: flip eval=-4.900001
[10:48:12.409] [DEBUG] [Move 5] MINIMAX: Root move 30: flip eval=-4.900001
[10:48:12.411] [DEBUG] [Move 5] MINIMAX: Root move 31: move eval=-4.900001
[10:48:12.413] [DEBUG] [Move 5] MINIMAX: Root move 32: push eval=-4.900001
[10:48:12.415] [DEBUG] [Move 5] MINIMAX: Root move 33: flip eval=-4.900001
[10:48:12.417] [DEBUG] [Move 5] MINIMAX: Root move 34: flip eval=-4.900001
[10:48:12.418] [DEBUG] [Move 5] MINIMAX: Root move 35: move eval=-4.900001
[10:48:12.420] [DEBUG] [Move 5] MINIMAX: Root move 36: flip eval=-4.900001
[10:48:12.422] [DEBUG] [Move 5] MINIMAX: Root move 37: flip eval=-4.900001
[10:48:12.423] [DEBUG] [Move 5] MINIMAX: Root move 38: move eval=-4.900001
[10:48:12.425] [DEBUG] [Move 5] MINIMAX: Root move 39: flip eval=-4.900001
[10:48:12.426] [DEBUG] [Move 5] MINIMAX: Root move 40: flip eval=-4.900001
[10:48:12.428] [DEBUG] [Move 5] MINIMAX: Root move 41: move eval=-4.900001
[10:48:12.430] [DEBUG] [Move 5] MINIMAX: Root move 42: push eval=-4.900001
[10:48:12.432] [DEBUG] [Move 5] MINIMAX: Root move 43: flip eval=-4.900001
[10:48:12.433] [DEBUG] [Move 5] MINIMAX: Root move 44: flip eval=-4.900001
[10:48:12.435] [DEBUG] [Move 5] MINIMAX: Root move 45: move eval=-4.900001
[10:48:12.436] [DEBUG] [Move 5] MINIMAX: Root move 46: move eval=-4.900001
[10:48:12.438] [DEBUG] [Move 5] MINIMAX: Root move 47: push eval=-4.900001
[10:48:12.440] [DEBUG] [Move 5] MINIMAX: Root move 48: flip eval=-4.900001
[10:48:12.441] [DEBUG] [Move 5] MINIMAX: Root move 49: flip eval=-4.900001
[10:48:12.441] [DEBUG] [Move 5] MINIMAX: Root search complete - evaluated=49/49, cutoffs=0
[10:48:12.441] [DEBUG] [Move 5] MINIMAX: Depth 3 completed, nodes=2648, eval=-4.900001, move=move
[10:48:12.441] [DEBUG] [Move 5] MINIMAX: Searching at depth 4
[10:48:12.575] [DEBUG] [Move 5] MINIMAX: Root move 1: move eval=4.200000
[10:48:12.575] [DEBUG] [Move 5] MINIMAX: Alpha improved at root: -1000000.000000 -> 4.200000
[10:48:12.575] [DEBUG] [Move 5] MINIMAX: TT HIT at depth 3, eval=1000000.000000, move=flip
[10:48:12.575] [DEBUG] [Move 5] MINIMAX: Root move 2: move eval=-1000000.000000
[10:48:12.575] [DEBUG] [Move 5] MINIMAX: TT HIT at depth 3, eval=-4.200000, move=move
[10:48:12.575] [DEBUG] [Move 5] MINIMAX: Root move 3: move eval=4.200000
[10:48:12.604] [DEBUG] [Move 5] MINIMAX: Beta cutoff at depth 3, move 1/73, alpha=-4.200000, beta=-4.200000
[10:48:12.604] [DEBUG] [Move 5] MINIMAX: Root move 4: flip eval=4.200000
[10:48:12.634] [DEBUG] [Move 5] MINIMAX: Beta cutoff at depth 3, move 1/73, alpha=-4.200000, beta=-4.200000
[10:48:12.634] [DEBUG] [Move 5] MINIMAX: Root move 5: flip eval=4.200000
[10:48:12.663] [DEBUG] [Move 5] MINIMAX: Beta cutoff at depth 3, move 1/73, alpha=-4.200000, beta=-4.200000
[10:48:12.663] [DEBUG] [Move 5] MINIMAX: Root move 6: move eval=4.200000
[10:48:12.691] [DEBUG] [Move 5] MINIMAX: Beta cutoff at depth 3, move 1/73, alpha=-4.200000, beta=-4.200000
[10:48:12.691] [DEBUG] [Move 5] MINIMAX: Root move 7: push eval=4.200000
[10:48:12.725] [DEBUG] [Move 5] MINIMAX: Beta cutoff at depth 3, move 1/73, alpha=-4.200000, beta=-4.200000
[10:48:12.725] [DEBUG] [Move 5] MINIMAX: Root move 8: flip eval=4.200000
[10:48:12.752] [DEBUG] [Move 5] MINIMAX: Beta cutoff at depth 3, move 1/73, alpha=-4.200000, beta=-4.200000
[10:48:12.752] [DEBUG] [Move 5] MINIMAX: Root move 9: flip eval=4.200000
[10:48:12.777] [DEBUG] [Move 5] MINIMAX: Beta cutoff at depth 3, move 1/73, alpha=-4.200000, beta=-4.200000
[10:48:12.777] [DEBUG] [Move 5] MINIMAX: Root move 10: push eval=4.200000
[10:48:12.777] [DEBUG] [Move 5] MINIMAX: TT HIT at depth 3, eval=-4.200000, move=move
[10:48:12.777] [DEBUG] [Move 5] MINIMAX: Root move 11: push eval=4.200000
[10:48:12.803] [DEBUG] [Move 5] MINIMAX: Beta cutoff at depth 3, move 1/73, alpha=-4.200000, beta=-4.200000
[10:48:12.803] [DEBUG] [Move 5] MINIMAX: Root move 12: flip eval=4.200000
[10:48:12.831] [DEBUG] [Move 5] MINIMAX: Beta cutoff at depth 3, move 1/73, alpha=-4.200000, beta=-4.200000
[10:48:12.831] [DEBUG] [Move 5] MINIMAX: Root move 13: flip eval=4.200000
[10:48:12.854] [DEBUG] [Move 5] MINIMAX: Beta cutoff at depth 3, move 1/73, alpha=-4.200000, beta=-4.200000
[10:48:12.854] [DEBUG] [Move 5] MINIMAX: Root move 14: push eval=4.200000
[10:48:12.876] [DEBUG] [Move 5] MINIMAX: Beta cutoff at depth 3, move 1/73, alpha=-4.200000, beta=-4.200000
[10:48:12.876] [DEBUG] [Move 5] MINIMAX: Root move 15: flip eval=4.200000
[10:48:12.900] [DEBUG] [Move 5] MINIMAX: Beta cutoff at depth 3, move 1/73, alpha=-4.200000, beta=-4.200000
[10:48:12.900] [DEBUG] [Move 5] MINIMAX: Root move 16: flip eval=4.200000
[10:48:12.920] [DEBUG] [Move 5] MINIMAX: Beta cutoff at depth 3, move 1/73, alpha=-4.200000, beta=-4.200000
[10:48:12.920] [DEBUG] [Move 5] MINIMAX: Root move 17: push eval=4.200000
[10:48:12.920] [DEBUG] [Move 5] MINIMAX: TT HIT at depth 3, eval=-4.200000, move=move
[10:48:12.920] [DEBUG] [Move 5] MINIMAX: Root move 18: push eval=4.200000
[10:48:12.943] [DEBUG] [Move 5] MINIMAX: Beta cutoff at depth 3, move 1/73, alpha=-4.200000, beta=-4.200000
[10:48:12.943] [DEBUG] [Move 5] MINIMAX: Root move 19: flip eval=4.200000
[10:48:12.966] [DEBUG] [Move 5] MINIMAX: Beta cutoff at depth 3, move 1/73, alpha=-4.200000, beta=-4.200000
[10:48:12.966] [DEBUG] [Move 5] MINIMAX: Root move 20: flip eval=4.200000
[10:48:12.986] [DEBUG] [Move 5] MINIMAX: Beta cutoff at depth 3, move 1/73, alpha=-4.200000, beta=-4.200000
[10:48:12.986] [DEBUG] [Move 5] MINIMAX: Root move 21: move eval=4.200000
[10:48:13.007] [DEBUG] [Move 5] MINIMAX: Beta cutoff at depth 3, move 1/73, alpha=-4.200000, beta=-4.200000
[10:48:13.007] [DEBUG] [Move 5] MINIMAX: Root move 22: move eval=4.200000
[10:48:13.024] [DEBUG] [Move 5] MINIMAX: Beta cutoff at depth 3, move 1/73, alpha=-4.200000, beta=-4.200000
[10:48:13.024] [DEBUG] [Move 5] MINIMAX: Root move 23: push eval=4.200000
[10:48:13.045] [DEBUG] [Move 5] MINIMAX: Beta cutoff at depth 3, move 1/73, alpha=-4.200000, beta=-4.200000
[10:48:13.045] [DEBUG] [Move 5] MINIMAX: Root move 24: flip eval=4.200000
[10:48:13.067] [DEBUG] [Move 5] MINIMAX: Beta cutoff at depth 3, move 1/73, alpha=-4.200000, beta=-4.200000
[10:48:13.067] [DEBUG] [Move 5] MINIMAX: Root move 25: flip eval=4.200000
[10:48:13.085] [DEBUG] [Move 5] MINIMAX: Beta cutoff at depth 3, move 1/88, alpha=-4.200000, beta=-4.200000
[10:48:13.085] [DEBUG] [Move 5] MINIMAX: Root move 26: move eval=4.200000
[10:48:13.100] [DEBUG] [Move 5] MINIMAX: Beta cutoff at depth 3, move 1/76, alpha=-4.200000, beta=-4.200000
[10:48:13.100] [DEBUG] [Move 5] MINIMAX: Root move 27: move eval=4.200000
[10:48:13.117] [DEBUG] [Move 5] MINIMAX: Beta cutoff at depth 3, move 1/70, alpha=-4.200000, beta=-4.200000
[10:48:13.117] [DEBUG] [Move 5] MINIMAX: Root move 28: move eval=4.200000
[10:48:13.133] [DEBUG] [Move 5] MINIMAX: Beta cutoff at depth 3, move 1/82, alpha=-4.200000, beta=-4.200000
[10:48:13.133] [DEBUG] [Move 5] MINIMAX: Root move 29: flip eval=4.200000
[10:48:13.152] [DEBUG] [Move 5] MINIMAX: Beta cutoff at depth 3, move 1/85, alpha=-4.200000, beta=-4.200000
[10:48:13.152] [DEBUG] [Move 5] MINIMAX: Root move 30: flip eval=4.200000
[10:48:13.168] [DEBUG] [Move 5] MINIMAX: Beta cutoff at depth 3, move 1/69, alpha=-4.200000, beta=-4.200000
[10:48:13.168] [DEBUG] [Move 5] MINIMAX: Root move 31: move eval=4.200000
[10:48:13.183] [DEBUG] [Move 5] MINIMAX: Beta cutoff at depth 3, move 1/77, alpha=-4.200000, beta=-4.200000
[10:48:13.184] [DEBUG] [Move 5] MINIMAX: Root move 32: push eval=4.200000
[10:48:13.197] [DEBUG] [Move 5] MINIMAX: Beta cutoff at depth 3, move 1/73, alpha=-4.200000, beta=-4.200000
[10:48:13.197] [DEBUG] [Move 5] MINIMAX: Root move 33: flip eval=4.200000
[10:48:13.216] [DEBUG] [Move 5] MINIMAX: Beta cutoff at depth 3, move 1/73, alpha=-4.200000, beta=-4.200000
[10:48:13.216] [DEBUG] [Move 5] MINIMAX: Root move 34: flip eval=4.200000
[10:48:13.230] [DEBUG] [Move 5] MINIMAX: Beta cutoff at depth 3, move 1/72, alpha=-4.200000, beta=-4.200000
[10:48:13.230] [DEBUG] [Move 5] MINIMAX: Root move 35: move eval=4.200000
[10:48:13.240] [DEBUG] [Move 5] MINIMAX: Beta cutoff at depth 3, move 1/73, alpha=-4.200000, beta=-4.200000
[10:48:13.241] [DEBUG] [Move 5] MINIMAX: Root move 36: flip eval=4.200000
[10:48:13.262] [DEBUG] [Move 5] MINIMAX: Beta cutoff at depth 3, move 1/73, alpha=-4.200000, beta=-4.200000
[10:48:13.262] [DEBUG] [Move 5] MINIMAX: Root move 37: flip eval=4.200000
[10:48:13.275] [DEBUG] [Move 5] MINIMAX: Beta cutoff at depth 3, move 1/73, alpha=-4.200000, beta=-4.200000
[10:48:13.275] [DEBUG] [Move 5] MINIMAX: Root move 38: move eval=4.200000
[10:48:13.283] [DEBUG] [Move 5] MINIMAX: Beta cutoff at depth 3, move 1/73, alpha=-4.200000, beta=-4.200000
[10:48:13.283] [DEBUG] [Move 5] MINIMAX: Root move 39: flip eval=4.200000
[10:48:13.299] [DEBUG] [Move 5] MINIMAX: Beta cutoff at depth 3, move 1/73, alpha=-4.200000, beta=-4.200000
[10:48:13.299] [DEBUG] [Move 5] MINIMAX: Root move 40: flip eval=4.200000
[10:48:13.309] [DEBUG] [Move 5] MINIMAX: Beta cutoff at depth 3, move 1/73, alpha=-4.200000, beta=-4.200000
[10:48:13.309] [DEBUG] [Move 5] MINIMAX: Root move 41: move eval=4.200000
[10:48:13.314] [DEBUG] [Move 5] MINIMAX: Beta cutoff at depth 3, move 1/73, alpha=-4.200000, beta=-4.200000
[10:48:13.314] [DEBUG] [Move 5] MINIMAX: Root move 42: push eval=4.200000
[10:48:13.321] [DEBUG] [Move 5] MINIMAX: Beta cutoff at depth 3, move 1/73, alpha=-4.200000, beta=-4.200000
[10:48:13.321] [DEBUG] [Move 5] MINIMAX: Root move 43: flip eval=4.200000
[10:48:13.333] [DEBUG] [Move 5] MINIMAX: Beta cutoff at depth 3, move 1/73, alpha=-4.200000, beta=-4.200000
[10:48:13.333] [DEBUG] [Move 5] MINIMAX: Root move 44: flip eval=4.200000
[10:48:13.339] [DEBUG] [Move 5] MINIMAX: Beta cutoff at depth 3, move 1/73, alpha=-4.200000, beta=-4.200000
[10:48:13.339] [DEBUG] [Move 5] MINIMAX: Root move 45: move eval=4.200000
[10:48:13.344] [DEBUG] [Move 5] MINIMAX: Beta cutoff at depth 3, move 1/73, alpha=-4.200000, beta=-4.200000
[10:48:13.344] [DEBUG] [Move 5] MINIMAX: Root move 46: move eval=4.200000
[10:48:13.348] [DEBUG] [Move 5] MINIMAX: Beta cutoff at depth 3, move 1/73, alpha=-4.200000, beta=-4.200000
[10:48:13.348] [DEBUG] [Move 5] MINIMAX: Root move 47: push eval=4.200000
[10:48:13.354] [DEBUG] [Move 5] MINIMAX: Beta cutoff at depth 3, move 1/73, alpha=-4.200000, beta=-4.200000
[10:48:13.354] [DEBUG] [Move 5] MINIMAX: Root move 48: flip eval=4.200000
[10:48:13.362] [DEBUG] [Move 5] MINIMAX: Beta cutoff at depth 3, move 1/73, alpha=-4.200000, beta=-4.200000
[10:48:13.362] [DEBUG] [Move 5] MINIMAX: Root move 49: flip eval=4.200000
[10:48:13.362] [DEBUG] [Move 5] MINIMAX: Root search complete - evaluated=49/49, cutoffs=0
[10:48:13.362] [DEBUG] [Move 5] MINIMAX: Depth 4 completed, nodes=8321, eval=4.200000, move=move
[10:48:13.362] [DEBUG] [Move 5] MINIMAX: Searching at depth 5
[10:48:13.476] [DEBUG] [Move 5] MINIMAX: New best at depth 4, move=move, eval=4.900001
[10:48:13.512] [DEBUG] [Move 5] MINIMAX: Beta cutoff at depth 3, move 1/49, alpha=-4.900001, beta=-4.900001
[10:48:13.549] [DEBUG] [Move 5] MINIMAX: Beta cutoff at depth 3, move 1/49, alpha=-4.900001, beta=-4.900001
[10:48:13.584] [DEBUG] [Move 5] MINIMAX: Beta cutoff at depth 3, move 1/49, alpha=-4.900001, beta=-4.900001
[10:48:13.619] [DEBUG] [Move 5] MINIMAX: Beta cutoff at depth 3, move 1/49, alpha=-4.900001, beta=-4.900001
[10:48:13.656] [DEBUG] [Move 5] MINIMAX: Beta cutoff at depth 3, move 1/49, alpha=-4.900001, beta=-4.900001
[10:48:13.656] [DEBUG] [Move 5] MINIMAX: TT HIT at depth 3, eval=-4.900001, move=move
[10:48:13.656] [DEBUG] [Move 5] MINIMAX: TT HIT at depth 3, eval=-4.900001, move=move
[10:48:13.656] [DEBUG] [Move 5] MINIMAX: TT HIT at depth 3, eval=-4.900001, move=move
[10:48:13.656] [DEBUG] [Move 5] MINIMAX: TT HIT at depth 3, eval=-4.900001, move=move
[10:48:13.656] [DEBUG] [Move 5] MINIMAX: TT HIT at depth 3, eval=-4.900001, move=move
[10:48:13.690] [DEBUG] [Move 5] MINIMAX: Beta cutoff at depth 3, move 1/49, alpha=-4.900001, beta=-4.900001
[10:48:13.730] [DEBUG] [Move 5] MINIMAX: Beta cutoff at depth 3, move 1/49, alpha=-4.900001, beta=-4.900001
[10:48:13.767] [DEBUG] [Move 5] MINIMAX: Beta cutoff at depth 3, move 1/53, alpha=-4.900001, beta=-4.900001
[10:48:13.802] [DEBUG] [Move 5] MINIMAX: Beta cutoff at depth 3, move 1/49, alpha=-4.900001, beta=-4.900001
[10:48:13.837] [DEBUG] [Move 5] MINIMAX: Beta cutoff at depth 3, move 1/49, alpha=-4.900001, beta=-4.900001
[10:48:13.869] [DEBUG] [Move 5] MINIMAX: Beta cutoff at depth 3, move 1/49, alpha=-4.900001, beta=-4.900001
[10:48:13.902] [DEBUG] [Move 5] MINIMAX: Beta cutoff at depth 3, move 1/49, alpha=-4.900001, beta=-4.900001
[10:48:13.902] [DEBUG] [Move 5] MINIMAX: TT HIT at depth 3, eval=-4.900001, move=move
[10:48:13.902] [DEBUG] [Move 5] MINIMAX: TT HIT at depth 3, eval=-4.900001, move=move
[10:48:13.943] [DEBUG] [Move 5] MINIMAX: Beta cutoff at depth 3, move 1/49, alpha=-4.900001, beta=-4.900001
[10:48:13.943] [DEBUG] [Move 5] MINIMAX: TT HIT at depth 3, eval=-4.900001, move=move
[10:48:13.943] [DEBUG] [Move 5] MINIMAX: TT HIT at depth 3, eval=-4.900001, move=move
[10:48:13.972] [DEBUG] [Move 5] MINIMAX: Beta cutoff at depth 3, move 1/49, alpha=-4.900001, beta=-4.900001
[10:48:14.006] [DEBUG] [Move 5] MINIMAX: Beta cutoff at depth 3, move 1/49, alpha=-4.900001, beta=-4.900001
[10:48:14.042] [DEBUG] [Move 5] MINIMAX: Beta cutoff at depth 3, move 1/48, alpha=-4.900001, beta=-4.900001
[10:48:14.091] [DEBUG] [Move 5] MINIMAX: Beta cutoff at depth 3, move 1/49, alpha=-4.900001, beta=-4.900001
[10:48:14.150] [DEBUG] [Move 5] MINIMAX: Beta cutoff at depth 3, move 1/49, alpha=-4.900001, beta=-4.900001
[10:48:14.212] [DEBUG] [Move 5] MINIMAX: Beta cutoff at depth 3, move 1/49, alpha=-4.900001, beta=-4.900001
[10:48:14.255] [DEBUG] [Move 5] MINIMAX: Beta cutoff at depth 3, move 1/49, alpha=-4.900001, beta=-4.900001
[10:48:14.289] [DEBUG] [Move 5] MINIMAX: Beta cutoff at depth 3, move 1/49, alpha=-4.900001, beta=-4.900001
[10:48:14.318] [DEBUG] [Move 5] MINIMAX: Beta cutoff at depth 3, move 1/49, alpha=-4.900001, beta=-4.900001
[10:48:14.354] [DEBUG] [Move 5] MINIMAX: Beta cutoff at depth 3, move 1/49, alpha=-4.900001, beta=-4.900001
[10:48:14.404] [DEBUG] [Move 5] MINIMAX: Beta cutoff at depth 3, move 1/49, alpha=-4.900001, beta=-4.900001
[10:48:14.432] [DEBUG] [Move 5] MINIMAX: Beta cutoff at depth 3, move 1/49, alpha=-4.900001, beta=-4.900001
[10:48:14.458] [DEBUG] [Move 5] MINIMAX: Beta cutoff at depth 3, move 1/49, alpha=-4.900001, beta=-4.900001
[10:48:14.484] [DEBUG] [Move 5] MINIMAX: Beta cutoff at depth 3, move 1/49, alpha=-4.900001, beta=-4.900001
[10:48:14.516] [DEBUG] [Move 5] MINIMAX: Beta cutoff at depth 3, move 1/49, alpha=-4.900001, beta=-4.900001
[10:48:14.555] [DEBUG] [Move 5] MINIMAX: Beta cutoff at depth 3, move 1/49, alpha=-4.900001, beta=-4.900001
[10:48:14.592] [DEBUG] [Move 5] MINIMAX: Beta cutoff at depth 3, move 1/49, alpha=-4.900001, beta=-4.900001
[10:48:14.613] [DEBUG] [Move 5] MINIMAX: Beta cutoff at depth 3, move 1/49, alpha=-4.900001, beta=-4.900001
[10:48:14.655] [DEBUG] [Move 5] MINIMAX: Beta cutoff at depth 3, move 1/49, alpha=-4.900001, beta=-4.900001
[10:48:14.684] [DEBUG] [Move 5] MINIMAX: Beta cutoff at depth 3, move 1/49, alpha=-4.900001, beta=-4.900001
[10:48:14.706] [DEBUG] [Move 5] MINIMAX: Beta cutoff at depth 3, move 1/49, alpha=-4.900001, beta=-4.900001
[10:48:14.732] [DEBUG] [Move 5] MINIMAX: Beta cutoff at depth 3, move 1/49, alpha=-4.900001, beta=-4.900001
[10:48:14.759] [DEBUG] [Move 5] MINIMAX: Beta cutoff at depth 3, move 1/49, alpha=-4.900001, beta=-4.900001
[10:48:14.787] [DEBUG] [Move 5] MINIMAX: Beta cutoff at depth 3, move 1/49, alpha=-4.900001, beta=-4.900001
[10:48:14.805] [DEBUG] [Move 5] MINIMAX: Beta cutoff at depth 3, move 1/49, alpha=-4.900001, beta=-4.900001
[10:48:14.828] [DEBUG] [Move 5] MINIMAX: Beta cutoff at depth 3, move 1/49, alpha=-4.900001, beta=-4.900001
[10:48:14.858] [DEBUG] [Move 5] MINIMAX: Beta cutoff at depth 3, move 1/49, alpha=-4.900001, beta=-4.900001
[10:48:14.888] [DEBUG] [Move 5] MINIMAX: Beta cutoff at depth 3, move 1/49, alpha=-4.900001, beta=-4.900001
[10:48:14.924] [DEBUG] [Move 5] MINIMAX: Beta cutoff at depth 3, move 1/49, alpha=-4.900001, beta=-4.900001
[10:48:14.952] [DEBUG] [Move 5] MINIMAX: Beta cutoff at depth 3, move 1/48, alpha=-4.900001, beta=-4.900001
[10:48:14.971] [DEBUG] [Move 5] MINIMAX: Beta cutoff at depth 3, move 1/49, alpha=-4.900001, beta=-4.900001
[10:48:14.992] [DEBUG] [Move 5] MINIMAX: Beta cutoff at depth 3, move 1/49, alpha=-4.900001, beta=-4.900001
[10:48:15.013] [DEBUG] [Move 5] MINIMAX: Beta cutoff at depth 3, move 1/49, alpha=-4.900001, beta=-4.900001
[10:48:15.030] [DEBUG] [Move 5] MINIMAX: Beta cutoff at depth 3, move 1/49, alpha=-4.900001, beta=-4.900001
[10:48:15.050] [DEBUG] [Move 5] MINIMAX: Beta cutoff at depth 3, move 1/49, alpha=-4.900001, beta=-4.900001
[10:48:15.064] [DEBUG] [Move 5] MINIMAX: Beta cutoff at depth 3, move 1/49, alpha=-4.900001, beta=-4.900001
[10:48:15.074] [DEBUG] [Move 5] MINIMAX: Beta cutoff at depth 3, move 1/49, alpha=-4.900001, beta=-4.900001
[10:48:15.089] [DEBUG] [Move 5] MINIMAX: Beta cutoff at depth 3, move 1/49, alpha=-4.900001, beta=-4.900001
[10:48:15.100] [DEBUG] [Move 5] MINIMAX: Beta cutoff at depth 3, move 1/49, alpha=-4.900001, beta=-4.900001
[10:48:15.110] [DEBUG] [Move 5] MINIMAX: Beta cutoff at depth 3, move 1/49, alpha=-4.900001, beta=-4.900001
[10:48:15.119] [DEBUG] [Move 5] MINIMAX: Beta cutoff at depth 3, move 1/49, alpha=-4.900001, beta=-4.900001
[10:48:15.123] [DEBUG] [Move 5] MINIMAX: Beta cutoff at depth 3, move 1/49, alpha=-4.900001, beta=-4.900001
[10:48:15.123] [DEBUG] [Move 5] MINIMAX: TT HIT at depth 3, eval=-4.900001, move=move
[10:48:15.130] [DEBUG] [Move 5] MINIMAX: Beta cutoff at depth 3, move 1/49, alpha=-4.900001, beta=-4.900001
[10:48:15.136] [DEBUG] [Move 5] MINIMAX: Beta cutoff at depth 3, move 1/49, alpha=-4.900001, beta=-4.900001
[10:48:15.142] [DEBUG] [Move 5] MINIMAX: Beta cutoff at depth 3, move 1/49, alpha=-4.900001, beta=-4.900001
[10:48:15.146] [DEBUG] [Move 5] MINIMAX: Beta cutoff at depth 3, move 1/49, alpha=-4.900001, beta=-4.900001
[10:48:15.151] [DEBUG] [Move 5] MINIMAX: Beta cutoff at depth 3, move 1/49, alpha=-4.900001, beta=-4.900001
[10:48:15.157] [DEBUG] [Move 5] MINIMAX: Beta cutoff at depth 3, move 1/49, alpha=-4.900001, beta=-4.900001
[10:48:15.164] [DEBUG] [Move 5] MINIMAX: Beta cutoff at depth 3, move 1/49, alpha=-4.900001, beta=-4.900001
[10:48:15.164] [DEBUG] [Move 5] MINIMAX: Root move 1: move eval=-4.900001
[10:48:15.164] [DEBUG] [Move 5] MINIMAX: Alpha improved at root: -1000000.000000 -> -4.900001
[10:48:15.164] [DEBUG] [Move 5] MINIMAX: TT HIT at depth 4, eval=1000000.000000, move=flip
[10:48:15.164] [DEBUG] [Move 5] MINIMAX: Root move 2: move eval=-1000000.000000
[10:48:15.236] [DEBUG] [Move 5] MINIMAX: New best at depth 4, move=move, eval=4.900001
[10:48:15.236] [DEBUG] [Move 5] MINIMAX: Beta cutoff at depth 4, move 1/73, alpha=4.900001, beta=4.900001
[10:48:15.236] [DEBUG] [Move 5] MINIMAX: Root move 3: move eval=-4.900001
[10:48:15.270] [DEBUG] [Move 5] MINIMAX: New best at depth 4, move=move, eval=4.900001
[10:48:15.270] [DEBUG] [Move 5] MINIMAX: Beta cutoff at depth 4, move 1/73, alpha=4.900001, beta=4.900001
[10:48:15.270] [DEBUG] [Move 5] MINIMAX: Root move 4: flip eval=-4.900001
[10:48:15.270] [DEBUG] [Move 5] MINIMAX: Timeout at root level after 4/49 moves
[10:48:15.270] [DEBUG] [Move 5] MINIMAX: Root search complete - evaluated=4/49, cutoffs=0
[10:48:15.270] [DEBUG] [Move 5] MINIMAX: Depth 5 completed, nodes=13080, eval=-4.900001, move=move
[10:48:15.270] [DEBUG] [Move 5] MINIMAX: Time limit reached at depth 6
[10:48:15.270] [INFO] [Move 5] MINIMAX: Search complete - depth=4, nodes=24264, TT_size=69187, time=3.000000s
[10:48:15.271] [DEBUG] [Move 5] VALIDATION DEBUG: Generated 49 legal moves for validation
[10:48:15.271] [DEBUG] [Move 5] VALIDATION DEBUG: Minimax returned move: move (0,2) -> (0,1)
[10:48:15.271] [DEBUG] [Move 5] VALIDATION DEBUG: Legal move 1: move (0,2) -> (0,1)
[10:48:15.271] [DEBUG] [Move 5] VALIDATION DEBUG: Legal move 2: move (0,2) -> (0,3)
[10:48:15.271] [DEBUG] [Move 5] VALIDATION DEBUG: Legal move 3: move (0,2) -> (1,2)
[10:48:15.271] [DEBUG] [Move 5] VALIDATION DEBUG: Legal move 4: flip (0,2) -> (0,2)
[10:48:15.271] [DEBUG] [Move 5] VALIDATION DEBUG: Legal move 5: flip (0,2) -> (0,2)
[10:48:15.271] [DEBUG] [Move 5] VALIDATION DEBUG: Move found in legal moves - SUCCESS!
[10:48:15.271] [DECISION] [Move 5] FINAL DECISION: move (0,2) -> (0,1) | Reasoning: Minimax search
[10:48:15.271] [DECISION] [Move 5] === MOVE DECISION END ===
[10:48:15.308] [DECISION] [Move 6] === MOVE DECISION START === Player: square, Board: 13x12, Time: 44.9891s (vs 59.9752s)
[10:48:15.308] [DEBUG] [Move 6] MINIMAX: Starting search for square, time=44.989094s
[10:48:15.309] [DEBUG] [Move 6] MINIMAX: Found 49 legal moves at root
[10:48:15.309] [DEBUG] [Move 6] MINIMAX: Starting iterative deepening
[10:48:15.309] [DEBUG] [Move 6] MINIMAX: Searching at depth 1
[10:48:15.309] [DEBUG] [Move 6] MINIMAX: Root move 1: move eval=-4.900001
[10:48:15.309] [DEBUG] [Move 6] MINIMAX: Alpha improved at root: -1000000.000000 -> -4.900001
[10:48:15.309] [DEBUG] [Move 6] MINIMAX: Root move 2: move eval=-4.900001
[10:48:15.309] [DEBUG] [Move 6] MINIMAX: Root move 3: move eval=-4.900001
[10:48:15.309] [DEBUG] [Move 6] MINIMAX: Root move 4: flip eval=-4.900001
[10:48:15.309] [DEBUG] [Move 6] MINIMAX: Root move 5: flip eval=-4.900001
[10:48:15.309] [DEBUG] [Move 6] MINIMAX: Root move 6: move eval=-4.900001
[10:48:15.309] [DEBUG] [Move 6] MINIMAX: Root move 7: push eval=-4.900001
[10:48:15.309] [DEBUG] [Move 6] MINIMAX: Root move 8: flip eval=-4.900001
[10:48:15.309] [DEBUG] [Move 6] MINIMAX: Root move 9: flip eval=-4.900001
[10:48:15.309] [DEBUG] [Move 6] MINIMAX: Root move 10: push eval=-4.900001
[10:48:15.309] [DEBUG] [Move 6] MINIMAX: Root move 11: push eval=-4.900001
[10:48:15.309] [DEBUG] [Move 6] MINIMAX: Root move 12: flip eval=-4.900001
[10:48:15.309] [DEBUG] [Move 6] MINIMAX: Root move 13: flip eval=-4.900001
[10:48:15.309] [DEBUG] [Move 6] MINIMAX: Root move 14: push eval=-4.900001
[10:48:15.309] [DEBUG] [Move 6] MINIMAX: Root move 15: flip eval=-4.900001
[10:48:15.309] [DEBUG] [Move 6] MINIMAX: Root move 16: flip eval=-4.900001
[10:48:15.309] [DEBUG] [Move 6] MINIMAX: Root move 17: push eval=-4.900001
[10:48:15.309] [DEBUG] [Move 6] MINIMAX: Root move 18: push eval=-4.900001
[10:48:15.309] [DEBUG] [Move 6] MINIMAX: Root move 19: flip eval=-4.900001
[10:48:15.309] [DEBUG] [Move 6] MINIMAX: Root move 20: flip eval=-4.900001
[10:48:15.309] [DEBUG] [Move 6] MINIMAX: Root move 21: move eval=-4.900001
[10:48:15.309] [DEBUG] [Move 6] MINIMAX: Root move 22: move eval=-4.900001
[10:48:15.309] [DEBUG] [Move 6] MINIMAX: Root move 23: push eval=-4.900001
[10:48:15.309] [DEBUG] [Move 6] MINIMAX: Root move 24: flip eval=-4.900001
[10:48:15.309] [DEBUG] [Move 6] MINIMAX: Root move 25: flip eval=-4.900001
[10:48:15.309] [DEBUG] [Move 6] MINIMAX: Root move 26: move eval=-4.900001
[10:48:15.309] [DEBUG] [Move 6] MINIMAX: Root move 27: move eval=-4.900001
[10:48:15.309] [DEBUG] [Move 6] MINIMAX: Root move 28: move eval=-4.900001
[10:48:15.309] [DEBUG] [Move 6] MINIMAX: Root move 29: flip eval=-4.900001
[10:48:15.309] [DEBUG] [Move 6] MINIMAX: Root move 30: flip eval=-4.900001
[10:48:15.309] [DEBUG] [Move 6] MINIMAX: Root move 31: move eval=-4.900001
[10:48:15.309] [DEBUG] [Move 6] MINIMAX: Root move 32: push eval=-4.900001
[10:48:15.309] [DEBUG] [Move 6] MINIMAX: Root move 33: flip eval=-4.900001
[10:48:15.309] [DEBUG] [Move 6] MINIMAX: Root move 34: flip eval=-4.900001
[10:48:15.309] [DEBUG] [Move 6] MINIMAX: Root move 35: move eval=-4.900001
[10:48:15.309] [DEBUG] [Move 6] MINIMAX: Root move 36: flip eval=-4.900001
[10:48:15.309] [DEBUG] [Move 6] MINIMAX: Root move 37: flip eval=-4.900001
[10:48:15.309] [DEBUG] [Move 6] MINIMAX: Root move 38: move eval=-4.900001
[10:48:15.309] [DEBUG] [Move 6] MINIMAX: Root move 39: flip eval=-4.900001
[10:48:15.309] [DEBUG] [Move 6] MINIMAX: Root move 40: flip eval=-4.900001
[10:48:15.309] [DEBUG] [Move 6] MINIMAX: Root move 41: move eval=-4.900001
[10:48:15.309] [DEBUG] [Move 6] MINIMAX: Root move 42: push eval=-4.900001
[10:48:15.309] [DEBUG] [Move 6] MINIMAX: Root move 43: flip eval=-4.900001
[10:48:15.309] [DEBUG] [Move 6] MINIMAX: Root move 44: flip eval=-4.900001
[10:48:15.309] [DEBUG] [Move 6] MINIMAX: Root move 45: move eval=-4.900001
[10:48:15.309] [DEBUG] [Move 6] MINIMAX: Root move 46: move eval=-4.900001
[10:48:15.309] [DEBUG] [Move 6] MINIMAX: Root move 47: push eval=-4.900001
[10:48:15.309] [DEBUG] [Move 6] MINIMAX: Root move 48: flip eval=-4.900001
[10:48:15.309] [DEBUG] [Move 6] MINIMAX: Root move 49: flip eval=-4.900001
[10:48:15.309] [DEBUG] [Move 6] MINIMAX: Root search complete - evaluated=49/49, cutoffs=0
[10:48:15.309] [DEBUG] [Move 6] MINIMAX: Depth 1 completed, nodes=49, eval=-4.900001, move=move
[10:48:15.309] [DEBUG] [Move 6] MINIMAX: Searching at depth 2
[10:48:15.310] [DEBUG] [Move 6] MINIMAX: Root move 1: move eval=4.200000
[10:48:15.311] [DEBUG] [Move 6] MINIMAX: Alpha improved at root: -1000000.000000 -> 4.200000
[10:48:15.311] [DEBUG] [Move 6] MINIMAX: Root move 2: move eval=4.200000
[10:48:15.312] [DEBUG] [Move 6] MINIMAX: Root move 3: move eval=4.200000
[10:48:15.313] [DEBUG] [Move 6] MINIMAX: Root move 4: flip eval=4.200000
[10:48:15.314] [DEBUG] [Move 6] MINIMAX: Root move 5: flip eval=4.200000
[10:48:15.314] [DEBUG] [Move 6] MINIMAX: Root move 6: move eval=4.200000
[10:48:15.315] [DEBUG] [Move 6] MINIMAX: Root move 7: push eval=4.200000
[10:48:15.316] [DEBUG] [Move 6] MINIMAX: Root move 8: flip eval=4.200000
[10:48:15.316] [DEBUG] [Move 6] MINIMAX: Root move 9: flip eval=4.200000
[10:48:15.317] [DEBUG] [Move 6] MINIMAX: Root move 10: push eval=4.200000
[10:48:15.317] [DEBUG] [Move 6] MINIMAX: Root move 11: push eval=4.200000
[10:48:15.318] [DEBUG] [Move 6] MINIMAX: Root move 12: flip eval=4.200000
[10:48:15.319] [DEBUG] [Move 6] MINIMAX: Root move 13: flip eval=4.200000
[10:48:15.320] [DEBUG] [Move 6] MINIMAX: Root move 14: push eval=4.200000
[10:48:15.321] [DEBUG] [Move 6] MINIMAX: Root move 15: flip eval=4.200000
[10:48:15.321] [DEBUG] [Move 6] MINIMAX: Root move 16: flip eval=4.200000
[10:48:15.322] [DEBUG] [Move 6] MINIMAX: Root move 17: push eval=4.200000
[10:48:15.322] [DEBUG] [Move 6] MINIMAX: Root move 18: push eval=4.200000
[10:48:15.323] [DEBUG] [Move 6] MINIMAX: Root move 19: flip eval=4.200000
[10:48:15.324] [DEBUG] [Move 6] MINIMAX: Root move 20: flip eval=4.200000
[10:48:15.325] [DEBUG] [Move 6] MINIMAX: Root move 21: move eval=4.200000
[10:48:15.325] [DEBUG] [Move 6] MINIMAX: Root move 22: move eval=4.200000
[10:48:15.326] [DEBUG] [Move 6] MINIMAX: Root move 23: push eval=4.200000
[10:48:15.327] [DEBUG] [Move 6] MINIMAX: Root move 24: flip eval=4.200000
[10:48:15.327] [DEBUG] [Move 6] MINIMAX: Root move 25: flip eval=4.200000
[10:48:15.328] [DEBUG] [Move 6] MINIMAX: Root move 26: move eval=4.200000
[10:48:15.329] [DEBUG] [Move 6] MINIMAX: Root move 27: move eval=4.200000
[10:48:15.330] [DEBUG] [Move 6] MINIMAX: Root move 28: move eval=4.200000
[10:48:15.331] [DEBUG] [Move 6] MINIMAX: Root move 29: flip eval=4.200000
[10:48:15.331] [DEBUG] [Move 6] MINIMAX: Root move 30: flip eval=4.200000
[10:48:15.332] [DEBUG] [Move 6] MINIMAX: Root move 31: move eval=4.200000
[10:48:15.333] [DEBUG] [Move 6] MINIMAX: Root move 32: push eval=4.200000
[10:48:15.333] [DEBUG] [Move 6] MINIMAX: Root move 33: flip eval=4.200000
[10:48:15.334] [DEBUG] [Move 6] MINIMAX: Root move 34: flip eval=4.200000
[10:48:15.335] [DEBUG] [Move 6] MINIMAX: Root move 35: move eval=4.200000
[10:48:15.335] [DEBUG] [Move 6] MINIMAX: Root move 36: flip eval=4.200000
[10:48:15.336] [DEBUG] [Move 6] MINIMAX: Root move 37: flip eval=4.200000
[10:48:15.337] [DEBUG] [Move 6] MINIMAX: Root move 38: move eval=4.200000
[10:48:15.337] [DEBUG] [Move 6] MINIMAX: Root move 39: flip eval=4.200000
[10:48:15.338] [DEBUG] [Move 6] MINIMAX: Root move 40: flip eval=4.200000
[10:48:15.339] [DEBUG] [Move 6] MINIMAX: Root move 41: move eval=4.200000
[10:48:15.340] [DEBUG] [Move 6] MINIMAX: Root move 42: push eval=4.200000
[10:48:15.340] [DEBUG] [Move 6] MINIMAX: Root move 43: flip eval=4.200000
[10:48:15.341] [DEBUG] [Move 6] MINIMAX: Root move 44: flip eval=4.200000
[10:48:15.342] [DEBUG] [Move 6] MINIMAX: Root move 45: move eval=4.200000
[10:48:15.342] [DEBUG] [Move 6] MINIMAX: Root move 46: move eval=4.200000
[10:48:15.343] [DEBUG] [Move 6] MINIMAX: Root move 47: push eval=4.200000
[10:48:15.344] [DEBUG] [Move 6] MINIMAX: Root move 48: flip eval=4.200000
[10:48:15.344] [DEBUG] [Move 6] MINIMAX: Root move 49: flip eval=4.200000
[10:48:15.344] [DEBUG] [Move 6] MINIMAX: Root search complete - evaluated=49/49, cutoffs=0
[10:48:15.344] [DEBUG] [Move 6] MINIMAX: Depth 2 completed, nodes=182, eval=4.200000, move=move
[10:48:15.344] [DEBUG] [Move 6] MINIMAX: Searching at depth 3
[10:48:15.347] [DEBUG] [Move 6] MINIMAX: Root move 1: move eval=-4.900001
[10:48:15.347] [DEBUG] [Move 6] MINIMAX: Alpha improved at root: -1000000.000000 -> -4.900001
[10:48:15.349] [DEBUG] [Move 6] MINIMAX: Root move 2: move eval=-4.900001
[10:48:15.350] [DEBUG] [Move 6] MINIMAX: Root move 3: move eval=-4.900001
[10:48:15.352] [DEBUG] [Move 6] MINIMAX: Root move 4: flip eval=-4.900001
[10:48:15.353] [DEBUG] [Move 6] MINIMAX: Root move 5: flip eval=-4.900001
[10:48:15.355] [DEBUG] [Move 6] MINIMAX: Root move 6: move eval=-4.900001
[10:48:15.356] [DEBUG] [Move 6] MINIMAX: Root move 7: push eval=-4.900001
[10:48:15.358] [DEBUG] [Move 6] MINIMAX: Root move 8: flip eval=-4.900001
[10:48:15.360] [DEBUG] [Move 6] MINIMAX: Root move 9: flip eval=-4.900001
[10:48:15.362] [DEBUG] [Move 6] MINIMAX: Root move 10: push eval=-4.900001
[10:48:15.362] [DEBUG] [Move 6] MINIMAX: Root move 11: push eval=-4.900001
[10:48:15.363] [DEBUG] [Move 6] MINIMAX: Root move 12: flip eval=-4.900001
[10:48:15.365] [DEBUG] [Move 6] MINIMAX: Root move 13: flip eval=-4.900001
[10:48:15.367] [DEBUG] [Move 6] MINIMAX: Root move 14: push eval=-4.900001
[10:48:15.368] [DEBUG] [Move 6] MINIMAX: Root move 15: flip eval=-4.900001
[10:48:15.370] [DEBUG] [Move 6] MINIMAX: Root move 16: flip eval=-4.900001
[10:48:15.372] [DEBUG] [Move 6] MINIMAX: Root move 17: push eval=-4.900001
[10:48:15.372] [DEBUG] [Move 6] MINIMAX: Root move 18: push eval=-4.900001
[10:48:15.373] [DEBUG] [Move 6] MINIMAX: Root move 19: flip eval=-4.900001
[10:48:15.375] [DEBUG] [Move 6] MINIMAX: Root move 20: flip eval=-4.900001
[10:48:15.377] [DEBUG] [Move 6] MINIMAX: Root move 21: move eval=-4.900001
[10:48:15.379] [DEBUG] [Move 6] MINIMAX: Root move 22: move eval=-4.900001
[10:48:15.382] [DEBUG] [Move 6] MINIMAX: Root move 23: push eval=-4.900001
[10:48:15.384] [DEBUG] [Move 6] MINIMAX: Root move 24: flip eval=-4.900001
[10:48:15.387] [DEBUG] [Move 6] MINIMAX: Root move 25: flip eval=-4.900001
[10:48:15.389] [DEBUG] [Move 6] MINIMAX: Root move 26: move eval=-4.900001
[10:48:15.390] [DEBUG] [Move 6] MINIMAX: Root move 27: move eval=-4.900001
[10:48:15.392] [DEBUG] [Move 6] MINIMAX: Root move 28: move eval=-4.900001
[10:48:15.393] [DEBUG] [Move 6] MINIMAX: Root move 29: flip eval=-4.900001
[10:48:15.395] [DEBUG] [Move 6] MINIMAX: Root move 30: flip eval=-4.900001
[10:48:15.396] [DEBUG] [Move 6] MINIMAX: Root move 31: move eval=-4.900001
[10:48:15.398] [DEBUG] [Move 6] MINIMAX: Root move 32: push eval=-4.900001
[10:48:15.400] [DEBUG] [Move 6] MINIMAX: Root move 33: flip eval=-4.900001
[10:48:15.401] [DEBUG] [Move 6] MINIMAX: Root move 34: flip eval=-4.900001
[10:48:15.404] [DEBUG] [Move 6] MINIMAX: Root move 35: move eval=-4.900001
[10:48:15.405] [DEBUG] [Move 6] MINIMAX: Root move 36: flip eval=-4.900001
[10:48:15.407] [DEBUG] [Move 6] MINIMAX: Root move 37: flip eval=-4.900001
[10:48:15.408] [DEBUG] [Move 6] MINIMAX: Root move 38: move eval=-4.900001
[10:48:15.410] [DEBUG] [Move 6] MINIMAX: Root move 39: flip eval=-4.900001
[10:48:15.412] [DEBUG] [Move 6] MINIMAX: Root move 40: flip eval=-4.900001
[10:48:15.413] [DEBUG] [Move 6] MINIMAX: Root move 41: move eval=-4.900001
[10:48:15.415] [DEBUG] [Move 6] MINIMAX: Root move 42: push eval=-4.900001
[10:48:15.416] [DEBUG] [Move 6] MINIMAX: Root move 43: flip eval=-4.900001
[10:48:15.418] [DEBUG] [Move 6] MINIMAX: Root move 44: flip eval=-4.900001
[10:48:15.420] [DEBUG] [Move 6] MINIMAX: Root move 45: move eval=-4.900001
[10:48:15.421] [DEBUG] [Move 6] MINIMAX: Root move 46: move eval=-4.900001
[10:48:15.423] [DEBUG] [Move 6] MINIMAX: Root move 47: push eval=-4.900001
[10:48:15.425] [DEBUG] [Move 6] MINIMAX: Root move 48: flip eval=-4.900001
[10:48:15.427] [DEBUG] [Move 6] MINIMAX: Root move 49: flip eval=-4.900001
[10:48:15.427] [DEBUG] [Move 6] MINIMAX: Root search complete - evaluated=49/49, cutoffs=0
[10:48:15.427] [DEBUG] [Move 6] MINIMAX: Depth 3 completed, nodes=2684, eval=-4.900001, move=move
[10:48:15.427] [DEBUG] [Move 6] MINIMAX: Searching at depth 4
[10:48:15.583] [DEBUG] [Move 6] MINIMAX: Root move 1: move eval=4.200000
[10:48:15.583] [DEBUG] [Move 6] MINIMAX: Alpha improved at root: -1000000.000000 -> 4.200000
[10:48:15.616] [DEBUG] [Move 6] MINIMAX: Beta cutoff at depth 3, move 1/87, alpha=-4.200000, beta=-4.200000
[10:48:15.617] [DEBUG] [Move 6] MINIMAX: Root move 2: move eval=4.200000
[10:48:15.649] [DEBUG] [Move 6] MINIMAX: Beta cutoff at depth 3, move 1/87, alpha=-4.200000, beta=-4.200000
[10:48:15.649] [DEBUG] [Move 6] MINIMAX: Root move 3: move eval=4.200000
[10:48:15.684] [DEBUG] [Move 6] MINIMAX: Beta cutoff at depth 3, move 1/87, alpha=-4.200000, beta=-4.200000
[10:48:15.684] [DEBUG] [Move 6] MINIMAX: Root move 4: flip eval=4.200000
[10:48:15.717] [DEBUG] [Move 6] MINIMAX: Beta cutoff at depth 3, move 1/87, alpha=-4.200000, beta=-4.200000
[10:48:15.717] [DEBUG] [Move 6] MINIMAX: Root move 5: flip eval=4.200000
[10:48:15.752] [DEBUG] [Move 6] MINIMAX: Beta cutoff at depth 3, move 1/87, alpha=-4.200000, beta=-4.200000
[10:48:15.752] [DEBUG] [Move 6] MINIMAX: Root move 6: move eval=4.200000
[10:48:15.780] [DEBUG] [Move 6] MINIMAX: Beta cutoff at depth 3, move 1/87, alpha=-4.200000, beta=-4.200000
[10:48:15.780] [DEBUG] [Move 6] MINIMAX: Root move 7: push eval=4.200000
[10:48:15.815] [DEBUG] [Move 6] MINIMAX: Beta cutoff at depth 3, move 1/87, alpha=-4.200000, beta=-4.200000
[10:48:15.815] [DEBUG] [Move 6] MINIMAX: Root move 8: flip eval=4.200000
[10:48:15.844] [DEBUG] [Move 6] MINIMAX: Beta cutoff at depth 3, move 1/87, alpha=-4.200000, beta=-4.200000
[10:48:15.844] [DEBUG] [Move 6] MINIMAX: Root move 9: flip eval=4.200000
[10:48:15.872] [DEBUG] [Move 6] MINIMAX: Beta cutoff at depth 3, move 1/87, alpha=-4.200000, beta=-4.200000
[10:48:15.872] [DEBUG] [Move 6] MINIMAX: Root move 10: push eval=4.200000
[10:48:15.872] [DEBUG] [Move 6] MINIMAX: TT HIT at depth 3, eval=-4.200000, move=move
[10:48:15.872] [DEBUG] [Move 6] MINIMAX: Root move 11: push eval=4.200000
[10:48:15.900] [DEBUG] [Move 6] MINIMAX: Beta cutoff at depth 3, move 1/87, alpha=-4.200000, beta=-4.200000
[10:48:15.900] [DEBUG] [Move 6] MINIMAX: Root move 12: flip eval=4.200000
[10:48:15.926] [DEBUG] [Move 6] MINIMAX: Beta cutoff at depth 3, move 1/87, alpha=-4.200000, beta=-4.200000
[10:48:15.926] [DEBUG] [Move 6] MINIMAX: Root move 13: flip eval=4.200000
[10:48:15.957] [DEBUG] [Move 6] MINIMAX: Beta cutoff at depth 3, move 1/87, alpha=-4.200000, beta=-4.200000
[10:48:15.957] [DEBUG] [Move 6] MINIMAX: Root move 14: push eval=4.200000
[10:48:15.991] [DEBUG] [Move 6] MINIMAX: Beta cutoff at depth 3, move 1/87, alpha=-4.200000, beta=-4.200000
[10:48:15.991] [DEBUG] [Move 6] MINIMAX: Root move 15: flip eval=4.200000
[10:48:16.015] [DEBUG] [Move 6] MINIMAX: Beta cutoff at depth 3, move 1/87, alpha=-4.200000, beta=-4.200000
[10:48:16.015] [DEBUG] [Move 6] MINIMAX: Root move 16: flip eval=4.200000
[10:48:16.040] [DEBUG] [Move 6] MINIMAX: Beta cutoff at depth 3, move 1/87, alpha=-4.200000, beta=-4.200000
[10:48:16.040] [DEBUG] [Move 6] MINIMAX: Root move 17: push eval=4.200000
[10:48:16.040] [DEBUG] [Move 6] MINIMAX: TT HIT at depth 3, eval=-4.200000, move=move
[10:48:16.040] [DEBUG] [Move 6] MINIMAX: Root move 18: push eval=4.200000
[10:48:16.084] [DEBUG] [Move 6] MINIMAX: Beta cutoff at depth 3, move 1/87, alpha=-4.200000, beta=-4.200000
[10:48:16.084] [DEBUG] [Move 6] MINIMAX: Root move 19: flip eval=4.200000
[10:48:16.124] [DEBUG] [Move 6] MINIMAX: Beta cutoff at depth 3, move 1/87, alpha=-4.200000, beta=-4.200000
[10:48:16.125] [DEBUG] [Move 6] MINIMAX: Root move 20: flip eval=4.200000
[10:48:16.151] [DEBUG] [Move 6] MINIMAX: Beta cutoff at depth 3, move 1/87, alpha=-4.200000, beta=-4.200000
[10:48:16.151] [DEBUG] [Move 6] MINIMAX: Root move 21: move eval=4.200000
[10:48:16.183] [DEBUG] [Move 6] MINIMAX: Beta cutoff at depth 3, move 1/87, alpha=-4.200000, beta=-4.200000
[10:48:16.183] [DEBUG] [Move 6] MINIMAX: Root move 22: move eval=4.200000
[10:48:16.208] [DEBUG] [Move 6] MINIMAX: Beta cutoff at depth 3, move 1/87, alpha=-4.200000, beta=-4.200000
[10:48:16.208] [DEBUG] [Move 6] MINIMAX: Root move 23: push eval=4.200000
[10:48:16.236] [DEBUG] [Move 6] MINIMAX: Beta cutoff at depth 3, move 1/87, alpha=-4.200000, beta=-4.200000
[10:48:16.236] [DEBUG] [Move 6] MINIMAX: Root move 24: flip eval=4.200000
[10:48:16.258] [DEBUG] [Move 6] MINIMAX: Beta cutoff at depth 3, move 1/87, alpha=-4.200000, beta=-4.200000
[10:48:16.258] [DEBUG] [Move 6] MINIMAX: Root move 25: flip eval=4.200000
[10:48:16.276] [DEBUG] [Move 6] MINIMAX: Beta cutoff at depth 3, move 1/102, alpha=-4.200000, beta=-4.200000
[10:48:16.276] [DEBUG] [Move 6] MINIMAX: Root move 26: move eval=4.200000
[10:48:16.298] [DEBUG] [Move 6] MINIMAX: Beta cutoff at depth 3, move 1/90, alpha=-4.200000, beta=-4.200000
[10:48:16.299] [DEBUG] [Move 6] MINIMAX: Root move 27: move eval=4.200000
[10:48:16.325] [DEBUG] [Move 6] MINIMAX: Beta cutoff at depth 3, move 1/84, alpha=-4.200000, beta=-4.200000
[10:48:16.325] [DEBUG] [Move 6] MINIMAX: Root move 28: move eval=4.200000
[10:48:16.347] [DEBUG] [Move 6] MINIMAX: Beta cutoff at depth 3, move 1/96, alpha=-4.200000, beta=-4.200000
[10:48:16.347] [DEBUG] [Move 6] MINIMAX: Root move 29: flip eval=4.200000
[10:48:16.368] [DEBUG] [Move 6] MINIMAX: Beta cutoff at depth 3, move 1/99, alpha=-4.200000, beta=-4.200000
[10:48:16.368] [DEBUG] [Move 6] MINIMAX: Root move 30: flip eval=4.200000
[10:48:16.384] [DEBUG] [Move 6] MINIMAX: Beta cutoff at depth 3, move 1/83, alpha=-4.200000, beta=-4.200000
[10:48:16.384] [DEBUG] [Move 6] MINIMAX: Root move 31: move eval=4.200000
[10:48:16.401] [DEBUG] [Move 6] MINIMAX: Beta cutoff at depth 3, move 1/91, alpha=-4.200000, beta=-4.200000
[10:48:16.401] [DEBUG] [Move 6] MINIMAX: Root move 32: push eval=4.200000
[10:48:16.416] [DEBUG] [Move 6] MINIMAX: Beta cutoff at depth 3, move 1/87, alpha=-4.200000, beta=-4.200000
[10:48:16.416] [DEBUG] [Move 6] MINIMAX: Root move 33: flip eval=4.200000
[10:48:16.438] [DEBUG] [Move 6] MINIMAX: Beta cutoff at depth 3, move 1/87, alpha=-4.200000, beta=-4.200000
[10:48:16.438] [DEBUG] [Move 6] MINIMAX: Root move 34: flip eval=4.200000
[10:48:16.453] [DEBUG] [Move 6] MINIMAX: Beta cutoff at depth 3, move 1/86, alpha=-4.200000, beta=-4.200000
[10:48:16.453] [DEBUG] [Move 6] MINIMAX: Root move 35: move eval=4.200000
[10:48:16.463] [DEBUG] [Move 6] MINIMAX: Beta cutoff at depth 3, move 1/87, alpha=-4.200000, beta=-4.200000
[10:48:16.463] [DEBUG] [Move 6] MINIMAX: Root move 36: flip eval=4.200000
[10:48:16.480] [DEBUG] [Move 6] MINIMAX: Beta cutoff at depth 3, move 1/87, alpha=-4.200000, beta=-4.200000
[10:48:16.481] [DEBUG] [Move 6] MINIMAX: Root move 37: flip eval=4.200000
[10:48:16.492] [DEBUG] [Move 6] MINIMAX: Beta cutoff at depth 3, move 1/87, alpha=-4.200000, beta=-4.200000
[10:48:16.492] [DEBUG] [Move 6] MINIMAX: Root move 38: move eval=4.200000
[10:48:16.500] [DEBUG] [Move 6] MINIMAX: Beta cutoff at depth 3, move 1/87, alpha=-4.200000, beta=-4.200000
[10:48:16.500] [DEBUG] [Move 6] MINIMAX: Root move 39: flip eval=4.200000
[10:48:16.518] [DEBUG] [Move 6] MINIMAX: Beta cutoff at depth 3, move 1/87, alpha=-4.200000, beta=-4.200000
[10:48:16.518] [DEBUG] [Move 6] MINIMAX: Root move 40: flip eval=4.200000
[10:48:16.528] [DEBUG] [Move 6] MINIMAX: Beta cutoff at depth 3, move 1/86, alpha=-4.200000, beta=-4.200000
[10:48:16.528] [DEBUG] [Move 6] MINIMAX: Root move 41: move eval=4.200000
[10:48:16.533] [DEBUG] [Move 6] MINIMAX: Beta cutoff at depth 3, move 1/88, alpha=-4.200000, beta=-4.200000
[10:48:16.533] [DEBUG] [Move 6] MINIMAX: Root move 42: push eval=4.200000
[10:48:16.542] [DEBUG] [Move 6] MINIMAX: Beta cutoff at depth 3, move 1/87, alpha=-4.200000, beta=-4.200000
[10:48:16.542] [DEBUG] [Move 6] MINIMAX: Root move 43: flip eval=4.200000
[10:48:16.561] [DEBUG] [Move 6] MINIMAX: Beta cutoff at depth 3, move 1/87, alpha=-4.200000, beta=-4.200000
[10:48:16.561] [DEBUG] [Move 6] MINIMAX: Root move 44: flip eval=4.200000
[10:48:16.573] [DEBUG] [Move 6] MINIMAX: Beta cutoff at depth 3, move 1/84, alpha=-4.200000, beta=-4.200000
[10:48:16.573] [DEBUG] [Move 6] MINIMAX: Root move 45: move eval=4.200000
[10:48:16.582] [DEBUG] [Move 6] MINIMAX: Beta cutoff at depth 3, move 1/90, alpha=-4.200000, beta=-4.200000
[10:48:16.582] [DEBUG] [Move 6] MINIMAX: Root move 46: move eval=4.200000
[10:48:16.589] [DEBUG] [Move 6] MINIMAX: Beta cutoff at depth 3, move 1/90, alpha=-4.200000, beta=-4.200000
[10:48:16.589] [DEBUG] [Move 6] MINIMAX: Root move 47: push eval=4.200000
[10:48:16.596] [DEBUG] [Move 6] MINIMAX: Beta cutoff at depth 3, move 1/96, alpha=-4.200000, beta=-4.200000
[10:48:16.596] [DEBUG] [Move 6] MINIMAX: Root move 48: flip eval=4.200000
[10:48:16.603] [DEBUG] [Move 6] MINIMAX: Beta cutoff at depth 3, move 1/87, alpha=-4.200000, beta=-4.200000
[10:48:16.603] [DEBUG] [Move 6] MINIMAX: Root move 49: flip eval=4.200000
[10:48:16.603] [DEBUG] [Move 6] MINIMAX: Root search complete - evaluated=49/49, cutoffs=0
[10:48:16.603] [DEBUG] [Move 6] MINIMAX: Depth 4 completed, nodes=9971, eval=4.200000, move=move
[10:48:16.603] [DEBUG] [Move 6] MINIMAX: Searching at depth 5
[10:48:16.724] [DEBUG] [Move 6] MINIMAX: New best at depth 4, move=move, eval=4.900001
[10:48:16.795] [DEBUG] [Move 6] MINIMAX: Beta cutoff at depth 3, move 1/48, alpha=-4.900001, beta=-4.900001
[10:48:16.841] [DEBUG] [Move 6] MINIMAX: Beta cutoff at depth 3, move 1/48, alpha=-4.900001, beta=-4.900001
[10:48:16.879] [DEBUG] [Move 6] MINIMAX: Beta cutoff at depth 3, move 1/48, alpha=-4.900001, beta=-4.900001
[10:48:16.917] [DEBUG] [Move 6] MINIMAX: Beta cutoff at depth 3, move 1/48, alpha=-4.900001, beta=-4.900001
[10:48:16.957] [DEBUG] [Move 6] MINIMAX: Beta cutoff at depth 3, move 1/48, alpha=-4.900001, beta=-4.900001
[10:48:16.957] [DEBUG] [Move 6] MINIMAX: TT HIT at depth 3, eval=-4.900001, move=move
[10:48:16.957] [DEBUG] [Move 6] MINIMAX: TT HIT at depth 3, eval=-4.900001, move=move
[10:48:16.957] [DEBUG] [Move 6] MINIMAX: TT HIT at depth 3, eval=-4.900001, move=move
[10:48:16.957] [DEBUG] [Move 6] MINIMAX: TT HIT at depth 3, eval=-4.900001, move=move
[10:48:16.957] [DEBUG] [Move 6] MINIMAX: TT HIT at depth 3, eval=-4.900001, move=move
[10:48:16.994] [DEBUG] [Move 6] MINIMAX: Beta cutoff at depth 3, move 1/48, alpha=-4.900001, beta=-4.900001
[10:48:17.045] [DEBUG] [Move 6] MINIMAX: Beta cutoff at depth 3, move 1/48, alpha=-4.900001, beta=-4.900001
[10:48:17.086] [DEBUG] [Move 6] MINIMAX: Beta cutoff at depth 3, move 1/52, alpha=-4.900001, beta=-4.900001
[10:48:17.123] [DEBUG] [Move 6] MINIMAX: Beta cutoff at depth 3, move 1/48, alpha=-4.900001, beta=-4.900001
[10:48:17.162] [DEBUG] [Move 6] MINIMAX: Beta cutoff at depth 3, move 1/48, alpha=-4.900001, beta=-4.900001
[10:48:17.224] [DEBUG] [Move 6] MINIMAX: Beta cutoff at depth 3, move 1/48, alpha=-4.900001, beta=-4.900001
[10:48:17.267] [DEBUG] [Move 6] MINIMAX: Beta cutoff at depth 3, move 1/48, alpha=-4.900001, beta=-4.900001
[10:48:17.267] [DEBUG] [Move 6] MINIMAX: TT HIT at depth 3, eval=-4.900001, move=move
[10:48:17.267] [DEBUG] [Move 6] MINIMAX: TT HIT at depth 3, eval=-4.900001, move=move
[10:48:17.303] [DEBUG] [Move 6] MINIMAX: Beta cutoff at depth 3, move 1/48, alpha=-4.900001, beta=-4.900001
[10:48:17.304] [DEBUG] [Move 6] MINIMAX: TT HIT at depth 3, eval=-4.900001, move=move
[10:48:17.304] [DEBUG] [Move 6] MINIMAX: TT HIT at depth 3, eval=-4.900001, move=move
[10:48:17.336] [DEBUG] [Move 6] MINIMAX: Beta cutoff at depth 3, move 1/48, alpha=-4.900001, beta=-4.900001
[10:48:17.375] [DEBUG] [Move 6] MINIMAX: Beta cutoff at depth 3, move 1/48, alpha=-4.900001, beta=-4.900001
[10:48:17.438] [DEBUG] [Move 6] MINIMAX: Beta cutoff at depth 3, move 1/47, alpha=-4.900001, beta=-4.900001
[10:48:17.490] [DEBUG] [Move 6] MINIMAX: Beta cutoff at depth 3, move 1/48, alpha=-4.900001, beta=-4.900001
[10:48:17.527] [DEBUG] [Move 6] MINIMAX: Beta cutoff at depth 3, move 1/48, alpha=-4.900001, beta=-4.900001
[10:48:17.563] [DEBUG] [Move 6] MINIMAX: Beta cutoff at depth 3, move 1/48, alpha=-4.900001, beta=-4.900001
[10:48:17.600] [DEBUG] [Move 6] MINIMAX: Beta cutoff at depth 3, move 1/48, alpha=-4.900001, beta=-4.900001
[10:48:17.639] [DEBUG] [Move 6] MINIMAX: Beta cutoff at depth 3, move 1/48, alpha=-4.900001, beta=-4.900001
[10:48:17.671] [DEBUG] [Move 6] MINIMAX: Beta cutoff at depth 3, move 1/48, alpha=-4.900001, beta=-4.900001
[10:48:17.702] [DEBUG] [Move 6] MINIMAX: Beta cutoff at depth 3, move 1/48, alpha=-4.900001, beta=-4.900001
[10:48:17.740] [DEBUG] [Move 6] MINIMAX: Beta cutoff at depth 3, move 1/48, alpha=-4.900001, beta=-4.900001
[10:48:17.771] [DEBUG] [Move 6] MINIMAX: Beta cutoff at depth 3, move 1/48, alpha=-4.900001, beta=-4.900001
[10:48:17.802] [DEBUG] [Move 6] MINIMAX: Beta cutoff at depth 3, move 1/47, alpha=-4.900001, beta=-4.900001
[10:48:17.832] [DEBUG] [Move 6] MINIMAX: Beta cutoff at depth 3, move 1/48, alpha=-4.900001, beta=-4.900001
[10:48:17.859] [DEBUG] [Move 6] MINIMAX: Beta cutoff at depth 3, move 1/48, alpha=-4.900001, beta=-4.900001
[10:48:17.890] [DEBUG] [Move 6] MINIMAX: Beta cutoff at depth 3, move 1/48, alpha=-4.900001, beta=-4.900001
[10:48:17.921] [DEBUG] [Move 6] MINIMAX: Beta cutoff at depth 3, move 1/48, alpha=-4.900001, beta=-4.900001
[10:48:17.946] [DEBUG] [Move 6] MINIMAX: Beta cutoff at depth 3, move 1/48, alpha=-4.900001, beta=-4.900001
[10:48:17.972] [DEBUG] [Move 6] MINIMAX: Beta cutoff at depth 3, move 1/48, alpha=-4.900001, beta=-4.900001
[10:48:17.998] [DEBUG] [Move 6] MINIMAX: Beta cutoff at depth 3, move 1/48, alpha=-4.900001, beta=-4.900001
[10:48:17.998] [DEBUG] [Move 6] MINIMAX: TT HIT at depth 3, eval=-4.900001, move=move
[10:48:17.998] [DEBUG] [Move 6] MINIMAX: TT HIT at depth 3, eval=-4.900001, move=move
[10:48:18.026] [DEBUG] [Move 6] MINIMAX: Beta cutoff at depth 3, move 1/48, alpha=-4.900001, beta=-4.900001
[10:48:18.026] [DEBUG] [Move 6] MINIMAX: TT HIT at depth 3, eval=-4.900001, move=move
[10:48:18.026] [DEBUG] [Move 6] MINIMAX: TT HIT at depth 3, eval=-4.900001, move=move
[10:48:18.026] [DEBUG] [Move 6] MINIMAX: TT HIT at depth 3, eval=-4.900001, move=move
[10:48:18.026] [DEBUG] [Move 6] MINIMAX: TT HIT at depth 3, eval=-4.900001, move=move
[10:48:18.026] [DEBUG] [Move 6] MINIMAX: TT HIT at depth 3, eval=-4.900001, move=move
[10:48:18.027] [DEBUG] [Move 6] MINIMAX: Beta cutoff at depth 3, move 1/48, alpha=-4.900001, beta=-4.900001
[10:48:18.053] [DEBUG] [Move 6] MINIMAX: Beta cutoff at depth 3, move 1/48, alpha=-4.900001, beta=-4.900001
[10:48:18.076] [DEBUG] [Move 6] MINIMAX: Beta cutoff at depth 3, move 1/48, alpha=-4.900001, beta=-4.900001
[10:48:18.105] [DEBUG] [Move 6] MINIMAX: Beta cutoff at depth 3, move 1/48, alpha=-4.900001, beta=-4.900001
[10:48:18.142] [DEBUG] [Move 6] MINIMAX: Beta cutoff at depth 3, move 1/48, alpha=-4.900001, beta=-4.900001
[10:48:18.177] [DEBUG] [Move 6] MINIMAX: Beta cutoff at depth 3, move 1/48, alpha=-4.900001, beta=-4.900001
[10:48:18.205] [DEBUG] [Move 6] MINIMAX: Beta cutoff at depth 3, move 1/48, alpha=-4.900001, beta=-4.900001
[10:48:18.231] [DEBUG] [Move 6] MINIMAX: Beta cutoff at depth 3, move 1/48, alpha=-4.900001, beta=-4.900001
[10:48:18.257] [DEBUG] [Move 6] MINIMAX: Beta cutoff at depth 3, move 1/48, alpha=-4.900001, beta=-4.900001
[10:48:18.280] [DEBUG] [Move 6] MINIMAX: Beta cutoff at depth 3, move 1/48, alpha=-4.900001, beta=-4.900001
[10:48:18.306] [DEBUG] [Move 6] MINIMAX: Beta cutoff at depth 3, move 1/48, alpha=-4.900001, beta=-4.900001
[10:48:18.308] [DEBUG] [Move 6] MINIMAX: New best at depth 4, move=move, eval=1000000.000000
[10:48:18.308] [DEBUG] [Move 6] MINIMAX: Beta cutoff at depth 4, move 63/87, alpha=1000000.000000, beta=1000000.000000
[10:48:18.308] [DEBUG] [Move 6] MINIMAX: Root move 1: move eval=-1000000.000000
[10:48:18.308] [DEBUG] [Move 6] MINIMAX: Timeout at root level after 1/49 moves
[10:48:18.308] [DEBUG] [Move 6] MINIMAX: Root search complete - evaluated=1/49, cutoffs=0
[10:48:18.308] [DEBUG] [Move 6] MINIMAX: Depth 5 completed, nodes=8480, eval=-1000000.000000, move=move
[10:48:18.308] [DEBUG] [Move 6] MINIMAX: Time limit reached at depth 6
[10:48:18.308] [INFO] [Move 6] MINIMAX: Search complete - depth=4, nodes=21366, TT_size=77696, time=3.000000s
[10:48:18.309] [DEBUG] [Move 6] VALIDATION DEBUG: Generated 49 legal moves for validation
[10:48:18.309] [DEBUG] [Move 6] VALIDATION DEBUG: Minimax returned move: move (0,1) -> (0,0)
[10:48:18.309] [DEBUG] [Move 6] VALIDATION DEBUG: Legal move 1: move (0,1) -> (0,0)
[10:48:18.309] [DEBUG] [Move 6] VALIDATION DEBUG: Legal move 2: move (0,1) -> (0,2)
[10:48:18.309] [DEBUG] [Move 6] VALIDATION DEBUG: Legal move 3: move (0,1) -> (1,1)
[10:48:18.309] [DEBUG] [Move 6] VALIDATION DEBUG: Legal move 4: flip (0,1) -> (0,1)
[10:48:18.309] [DEBUG] [Move 6] VALIDATION DEBUG: Legal move 5: flip (0,1) -> (0,1)
[10:48:18.309] [DEBUG] [Move 6] VALIDATION DEBUG: Move found in legal moves - SUCCESS!
[10:48:18.309] [DECISION] [Move 6] FINAL DECISION: move (0,1) -> (0,0) | Reasoning: Minimax search
[10:48:18.309] [DECISION] [Move 6] === MOVE DECISION END ===
[10:48:18.345] [DECISION] [Move 7] === MOVE DECISION START === Player: square, Board: 13x12, Time: 41.9873s (vs 59.972s)
[10:48:18.345] [DEBUG] [Move 7] MINIMAX: Starting search for square, time=41.987320s
[10:48:18.346] [DEBUG] [Move 7] MINIMAX: Found 48 legal moves at root
[10:48:18.346] [DEBUG] [Move 7] MINIMAX: Starting iterative deepening
[10:48:18.346] [DEBUG] [Move 7] MINIMAX: Searching at depth 1
[10:48:18.346] [DEBUG] [Move 7] MINIMAX: Root move 1: move eval=-4.900001
[10:48:18.346] [DEBUG] [Move 7] MINIMAX: Alpha improved at root: -1000000.000000 -> -4.900001
[10:48:18.346] [DEBUG] [Move 7] MINIMAX: Root move 2: move eval=-4.900001
[10:48:18.346] [DEBUG] [Move 7] MINIMAX: Root move 3: flip eval=-4.900001
[10:48:18.346] [DEBUG] [Move 7] MINIMAX: Root move 4: flip eval=-4.900001
[10:48:18.347] [DEBUG] [Move 7] MINIMAX: Root move 5: move eval=-4.900001
[10:48:18.347] [DEBUG] [Move 7] MINIMAX: Root move 6: push eval=-4.900001
[10:48:18.347] [DEBUG] [Move 7] MINIMAX: Root move 7: flip eval=-4.900001
[10:48:18.347] [DEBUG] [Move 7] MINIMAX: Root move 8: flip eval=-4.900001
[10:48:18.347] [DEBUG] [Move 7] MINIMAX: Root move 9: push eval=-4.900001
[10:48:18.347] [DEBUG] [Move 7] MINIMAX: Root move 10: push eval=-4.900001
[10:48:18.347] [DEBUG] [Move 7] MINIMAX: Root move 11: flip eval=-4.900001
[10:48:18.347] [DEBUG] [Move 7] MINIMAX: Root move 12: flip eval=-4.900001
[10:48:18.347] [DEBUG] [Move 7] MINIMAX: Root move 13: push eval=-4.900001
[10:48:18.347] [DEBUG] [Move 7] MINIMAX: Root move 14: flip eval=-4.900001
[10:48:18.347] [DEBUG] [Move 7] MINIMAX: Root move 15: flip eval=-4.900001
[10:48:18.347] [DEBUG] [Move 7] MINIMAX: Root move 16: push eval=-4.900001
[10:48:18.347] [DEBUG] [Move 7] MINIMAX: Root move 17: push eval=-4.900001
[10:48:18.347] [DEBUG] [Move 7] MINIMAX: Root move 18: flip eval=-4.900001
[10:48:18.347] [DEBUG] [Move 7] MINIMAX: Root move 19: flip eval=-4.900001
[10:48:18.347] [DEBUG] [Move 7] MINIMAX: Root move 20: move eval=-4.900001
[10:48:18.347] [DEBUG] [Move 7] MINIMAX: Root move 21: move eval=-4.900001
[10:48:18.347] [DEBUG] [Move 7] MINIMAX: Root move 22: push eval=-4.900001
[10:48:18.347] [DEBUG] [Move 7] MINIMAX: Root move 23: flip eval=-4.900001
[10:48:18.347] [DEBUG] [Move 7] MINIMAX: Root move 24: flip eval=-4.900001
[10:48:18.347] [DEBUG] [Move 7] MINIMAX: Root move 25: move eval=-4.900001
[10:48:18.347] [DEBUG] [Move 7] MINIMAX: Root move 26: move eval=-4.900001
[10:48:18.347] [DEBUG] [Move 7] MINIMAX: Root move 27: move eval=-4.900001
[10:48:18.347] [DEBUG] [Move 7] MINIMAX: Root move 28: flip eval=-4.900001
[10:48:18.347] [DEBUG] [Move 7] MINIMAX: Root move 29: flip eval=-4.900001
[10:48:18.347] [DEBUG] [Move 7] MINIMAX: Root move 30: move eval=-4.900001
[10:48:18.347] [DEBUG] [Move 7] MINIMAX: Root move 31: push eval=-4.900001
[10:48:18.347] [DEBUG] [Move 7] MINIMAX: Root move 32: flip eval=-4.900001
[10:48:18.347] [DEBUG] [Move 7] MINIMAX: Root move 33: flip eval=-4.900001
[10:48:18.347] [DEBUG] [Move 7] MINIMAX: Root move 34: move eval=-4.900001
[10:48:18.347] [DEBUG] [Move 7] MINIMAX: Root move 35: flip eval=-4.900001
[10:48:18.347] [DEBUG] [Move 7] MINIMAX: Root move 36: flip eval=-4.900001
[10:48:18.347] [DEBUG] [Move 7] MINIMAX: Root move 37: move eval=-4.900001
[10:48:18.347] [DEBUG] [Move 7] MINIMAX: Root move 38: flip eval=-4.900001
[10:48:18.347] [DEBUG] [Move 7] MINIMAX: Root move 39: flip eval=-4.900001
[10:48:18.347] [DEBUG] [Move 7] MINIMAX: Root move 40: move eval=-4.900001
[10:48:18.347] [DEBUG] [Move 7] MINIMAX: Root move 41: push eval=-4.900001
[10:48:18.347] [DEBUG] [Move 7] MINIMAX: Root move 42: flip eval=-4.900001
[10:48:18.347] [DEBUG] [Move 7] MINIMAX: Root move 43: flip eval=-4.900001
[10:48:18.347] [DEBUG] [Move 7] MINIMAX: Root move 44: move eval=-4.900001
[10:48:18.347] [DEBUG] [Move 7] MINIMAX: Root move 45: move eval=-4.900001
[10:48:18.347] [DEBUG] [Move 7] MINIMAX: Root move 46: push eval=-4.900001
[10:48:18.347] [DEBUG] [Move 7] MINIMAX: Root move 47: flip eval=-4.900001
[10:48:18.347] [DEBUG] [Move 7] MINIMAX: Root move 48: flip eval=-4.900001
[10:48:18.347] [DEBUG] [Move 7] MINIMAX: Root search complete - evaluated=48/48, cutoffs=0
[10:48:18.347] [DEBUG] [Move 7] MINIMAX: Depth 1 completed, nodes=48, eval=-4.900001, move=move
[10:48:18.347] [DEBUG] [Move 7] MINIMAX: Searching at depth 2
[10:48:18.349] [DEBUG] [Move 7] MINIMAX: Root move 1: move eval=4.200000
[10:48:18.349] [DEBUG] [Move 7] MINIMAX: Alpha improved at root: -1000000.000000 -> 4.200000
[10:48:18.351] [DEBUG] [Move 7] MINIMAX: Root move 2: move eval=4.200000
[10:48:18.352] [DEBUG] [Move 7] MINIMAX: Root move 3: flip eval=4.200000
[10:48:18.354] [DEBUG] [Move 7] MINIMAX: Root move 4: flip eval=4.200000
[10:48:18.355] [DEBUG] [Move 7] MINIMAX: Root move 5: move eval=4.200000
[10:48:18.357] [DEBUG] [Move 7] MINIMAX: Root move 6: push eval=4.200000
[10:48:18.358] [DEBUG] [Move 7] MINIMAX: Root move 7: flip eval=4.200000
[10:48:18.359] [DEBUG] [Move 7] MINIMAX: Root move 8: flip eval=4.200000
[10:48:18.360] [DEBUG] [Move 7] MINIMAX: Root move 9: push eval=4.200000
[10:48:18.360] [DEBUG] [Move 7] MINIMAX: Root move 10: push eval=4.200000
[10:48:18.361] [DEBUG] [Move 7] MINIMAX: Root move 11: flip eval=4.200000
[10:48:18.362] [DEBUG] [Move 7] MINIMAX: Root move 12: flip eval=4.200000
[10:48:18.363] [DEBUG] [Move 7] MINIMAX: Root move 13: push eval=4.200000
[10:48:18.365] [DEBUG] [Move 7] MINIMAX: Root move 14: flip eval=4.200000
[10:48:18.366] [DEBUG] [Move 7] MINIMAX: Root move 15: flip eval=4.200000
[10:48:18.367] [DEBUG] [Move 7] MINIMAX: Root move 16: push eval=4.200000
[10:48:18.367] [DEBUG] [Move 7] MINIMAX: Root move 17: push eval=4.200000
[10:48:18.368] [DEBUG] [Move 7] MINIMAX: Root move 18: flip eval=4.200000
[10:48:18.369] [DEBUG] [Move 7] MINIMAX: Root move 19: flip eval=4.200000
[10:48:18.370] [DEBUG] [Move 7] MINIMAX: Root move 20: move eval=4.200000
[10:48:18.371] [DEBUG] [Move 7] MINIMAX: Root move 21: move eval=4.200000
[10:48:18.371] [DEBUG] [Move 7] MINIMAX: Root move 22: push eval=4.200000
[10:48:18.372] [DEBUG] [Move 7] MINIMAX: Root move 23: flip eval=4.200000
[10:48:18.373] [DEBUG] [Move 7] MINIMAX: Root move 24: flip eval=4.200000
[10:48:18.374] [DEBUG] [Move 7] MINIMAX: Root move 25: move eval=4.200000
[10:48:18.374] [DEBUG] [Move 7] MINIMAX: Root move 26: move eval=4.200000
[10:48:18.375] [DEBUG] [Move 7] MINIMAX: Root move 27: move eval=4.200000
[10:48:18.376] [DEBUG] [Move 7] MINIMAX: Root move 28: flip eval=4.200000
[10:48:18.377] [DEBUG] [Move 7] MINIMAX: Root move 29: flip eval=4.200000
[10:48:18.378] [DEBUG] [Move 7] MINIMAX: Root move 30: move eval=4.200000
[10:48:18.379] [DEBUG] [Move 7] MINIMAX: Root move 31: push eval=4.200000
[10:48:18.380] [DEBUG] [Move 7] MINIMAX: Root move 32: flip eval=4.200000
[10:48:18.381] [DEBUG] [Move 7] MINIMAX: Root move 33: flip eval=4.200000
[10:48:18.382] [DEBUG] [Move 7] MINIMAX: Root move 34: move eval=4.200000
[10:48:18.383] [DEBUG] [Move 7] MINIMAX: Root move 35: flip eval=4.200000
[10:48:18.384] [DEBUG] [Move 7] MINIMAX: Root move 36: flip eval=4.200000
[10:48:18.384] [DEBUG] [Move 7] MINIMAX: Root move 37: move eval=4.200000
[10:48:18.385] [DEBUG] [Move 7] MINIMAX: Root move 38: flip eval=4.200000
[10:48:18.386] [DEBUG] [Move 7] MINIMAX: Root move 39: flip eval=4.200000
[10:48:18.387] [DEBUG] [Move 7] MINIMAX: Root move 40: move eval=4.200000
[10:48:18.387] [DEBUG] [Move 7] MINIMAX: Root move 41: push eval=4.200000
[10:48:18.388] [DEBUG] [Move 7] MINIMAX: Root move 42: flip eval=4.200000
[10:48:18.389] [DEBUG] [Move 7] MINIMAX: Root move 43: flip eval=4.200000
[10:48:18.390] [DEBUG] [Move 7] MINIMAX: Root move 44: move eval=4.200000
[10:48:18.390] [DEBUG] [Move 7] MINIMAX: Root move 45: move eval=4.200000
[10:48:18.391] [DEBUG] [Move 7] MINIMAX: Root move 46: push eval=4.200000
[10:48:18.392] [DEBUG] [Move 7] MINIMAX: Root move 47: flip eval=4.200000
[10:48:18.392] [DEBUG] [Move 7] MINIMAX: Root move 48: flip eval=4.200000
[10:48:18.392] [DEBUG] [Move 7] MINIMAX: Root search complete - evaluated=48/48, cutoffs=0
[10:48:18.392] [DEBUG] [Move 7] MINIMAX: Depth 2 completed, nodes=184, eval=4.200000, move=move
[10:48:18.392] [DEBUG] [Move 7] MINIMAX: Searching at depth 3
[10:48:18.410] [DEBUG] [Move 7] MINIMAX: Root move 1: move eval=-4.900001
[10:48:18.410] [DEBUG] [Move 7] MINIMAX: Alpha improved at root: -1000000.000000 -> -4.900001
[10:48:18.412] [DEBUG] [Move 7] MINIMAX: Root move 2: move eval=-4.900001
[10:48:18.413] [DEBUG] [Move 7] MINIMAX: Root move 3: flip eval=-4.900001
[10:48:18.415] [DEBUG] [Move 7] MINIMAX: Root move 4: flip eval=-4.900001
[10:48:18.417] [DEBUG] [Move 7] MINIMAX: Root move 5: move eval=-4.900001
[10:48:18.418] [DEBUG] [Move 7] MINIMAX: Root move 6: push eval=-4.900001
[10:48:18.420] [DEBUG] [Move 7] MINIMAX: Root move 7: flip eval=-4.900001
[10:48:18.422] [DEBUG] [Move 7] MINIMAX: Root move 8: flip eval=-4.900001
[10:48:18.423] [DEBUG] [Move 7] MINIMAX: Root move 9: push eval=-4.900001
[10:48:18.423] [DEBUG] [Move 7] MINIMAX: Root move 10: push eval=-4.900001
[10:48:18.425] [DEBUG] [Move 7] MINIMAX: Root move 11: flip eval=-4.900001
[10:48:18.427] [DEBUG] [Move 7] MINIMAX: Root move 12: flip eval=-4.900001
[10:48:18.429] [DEBUG] [Move 7] MINIMAX: Root move 13: push eval=-4.900001
[10:48:18.431] [DEBUG] [Move 7] MINIMAX: Root move 14: flip eval=-4.900001
[10:48:18.433] [DEBUG] [Move 7] MINIMAX: Root move 15: flip eval=-4.900001
[10:48:18.435] [DEBUG] [Move 7] MINIMAX: Root move 16: push eval=-4.900001
[10:48:18.435] [DEBUG] [Move 7] MINIMAX: Root move 17: push eval=-4.900001
[10:48:18.437] [DEBUG] [Move 7] MINIMAX: Root move 18: flip eval=-4.900001
[10:48:18.439] [DEBUG] [Move 7] MINIMAX: Root move 19: flip eval=-4.900001
[10:48:18.442] [DEBUG] [Move 7] MINIMAX: Root move 20: move eval=-4.900001
[10:48:18.444] [DEBUG] [Move 7] MINIMAX: Root move 21: move eval=-4.900001
[10:48:18.447] [DEBUG] [Move 7] MINIMAX: Root move 22: push eval=-4.900001
[10:48:18.449] [DEBUG] [Move 7] MINIMAX: Root move 23: flip eval=-4.900001
[10:48:18.451] [DEBUG] [Move 7] MINIMAX: Root move 24: flip eval=-4.900001
[10:48:18.453] [DEBUG] [Move 7] MINIMAX: Root move 25: move eval=-4.900001
[10:48:18.454] [DEBUG] [Move 7] MINIMAX: Root move 26: move eval=-4.900001
[10:48:18.456] [DEBUG] [Move 7] MINIMAX: Root move 27: move eval=-4.900001
[10:48:18.458] [DEBUG] [Move 7] MINIMAX: Root move 28: flip eval=-4.900001
[10:48:18.459] [DEBUG] [Move 7] MINIMAX: Root move 29: flip eval=-4.900001
[10:48:18.461] [DEBUG] [Move 7] MINIMAX: Root move 30: move eval=-4.900001
[10:48:18.463] [DEBUG] [Move 7] MINIMAX: Root move 31: push eval=-4.900001
[10:48:18.465] [DEBUG] [Move 7] MINIMAX: Root move 32: flip eval=-4.900001
[10:48:18.467] [DEBUG] [Move 7] MINIMAX: Root move 33: flip eval=-4.900001
[10:48:18.469] [DEBUG] [Move 7] MINIMAX: Root move 34: move eval=-4.900001
[10:48:18.473] [DEBUG] [Move 7] MINIMAX: Root move 35: flip eval=-4.900001
[10:48:18.476] [DEBUG] [Move 7] MINIMAX: Root move 36: flip eval=-4.900001
[10:48:18.479] [DEBUG] [Move 7] MINIMAX: Root move 37: move eval=-4.900001
[10:48:18.482] [DEBUG] [Move 7] MINIMAX: Root move 38: flip eval=-4.900001
[10:48:18.485] [DEBUG] [Move 7] MINIMAX: Root move 39: flip eval=-4.900001
[10:48:18.488] [DEBUG] [Move 7] MINIMAX: Root move 40: move eval=-4.900001
[10:48:18.490] [DEBUG] [Move 7] MINIMAX: Root move 41: push eval=-4.900001
[10:48:18.492] [DEBUG] [Move 7] MINIMAX: Root move 42: flip eval=-4.900001
[10:48:18.494] [DEBUG] [Move 7] MINIMAX: Root move 43: flip eval=-4.900001
[10:48:18.495] [DEBUG] [Move 7] MINIMAX: Root move 44: move eval=-4.900001
[10:48:18.497] [DEBUG] [Move 7] MINIMAX: Root move 45: move eval=-4.900001
[10:48:18.499] [DEBUG] [Move 7] MINIMAX: Root move 46: push eval=-4.900001
[10:48:18.502] [DEBUG] [Move 7] MINIMAX: Root move 47: flip eval=-4.900001
[10:48:18.505] [DEBUG] [Move 7] MINIMAX: Root move 48: flip eval=-4.900001
[10:48:18.505] [DEBUG] [Move 7] MINIMAX: Root search complete - evaluated=48/48, cutoffs=0
[10:48:18.505] [DEBUG] [Move 7] MINIMAX: Depth 3 completed, nodes=2617, eval=-4.900001, move=move
[10:48:18.505] [DEBUG] [Move 7] MINIMAX: Searching at depth 4
[10:48:18.676] [DEBUG] [Move 7] MINIMAX: Root move 1: move eval=4.200000
[10:48:18.676] [DEBUG] [Move 7] MINIMAX: Alpha improved at root: -1000000.000000 -> 4.200000
[10:48:18.708] [DEBUG] [Move 7] MINIMAX: Beta cutoff at depth 3, move 1/91, alpha=-4.200000, beta=-4.200000
[10:48:18.708] [DEBUG] [Move 7] MINIMAX: Root move 2: move eval=4.200000
[10:48:18.738] [DEBUG] [Move 7] MINIMAX: Beta cutoff at depth 3, move 1/91, alpha=-4.200000, beta=-4.200000
[10:48:18.739] [DEBUG] [Move 7] MINIMAX: Root move 3: flip eval=4.200000
[10:48:18.775] [DEBUG] [Move 7] MINIMAX: Beta cutoff at depth 3, move 1/91, alpha=-4.200000, beta=-4.200000
[10:48:18.776] [DEBUG] [Move 7] MINIMAX: Root move 4: flip eval=4.200000
[10:48:18.816] [DEBUG] [Move 7] MINIMAX: Beta cutoff at depth 3, move 1/91, alpha=-4.200000, beta=-4.200000
[10:48:18.816] [DEBUG] [Move 7] MINIMAX: Root move 5: move eval=4.200000
[10:48:18.853] [DEBUG] [Move 7] MINIMAX: Beta cutoff at depth 3, move 1/91, alpha=-4.200000, beta=-4.200000
[10:48:18.853] [DEBUG] [Move 7] MINIMAX: Root move 6: push eval=4.200000
[10:48:18.888] [DEBUG] [Move 7] MINIMAX: Beta cutoff at depth 3, move 1/91, alpha=-4.200000, beta=-4.200000
[10:48:18.888] [DEBUG] [Move 7] MINIMAX: Root move 7: flip eval=4.200000
[10:48:18.918] [DEBUG] [Move 7] MINIMAX: Beta cutoff at depth 3, move 1/91, alpha=-4.200000, beta=-4.200000
[10:48:18.918] [DEBUG] [Move 7] MINIMAX: Root move 8: flip eval=4.200000
[10:48:18.944] [DEBUG] [Move 7] MINIMAX: Beta cutoff at depth 3, move 1/91, alpha=-4.200000, beta=-4.200000
[10:48:18.944] [DEBUG] [Move 7] MINIMAX: Root move 9: push eval=4.200000
[10:48:18.944] [DEBUG] [Move 7] MINIMAX: TT HIT at depth 3, eval=-4.200000, move=move
[10:48:18.944] [DEBUG] [Move 7] MINIMAX: Root move 10: push eval=4.200000
[10:48:18.971] [DEBUG] [Move 7] MINIMAX: Beta cutoff at depth 3, move 1/91, alpha=-4.200000, beta=-4.200000
[10:48:18.971] [DEBUG] [Move 7] MINIMAX: Root move 11: flip eval=4.200000
[10:48:18.997] [DEBUG] [Move 7] MINIMAX: Beta cutoff at depth 3, move 1/91, alpha=-4.200000, beta=-4.200000
[10:48:18.997] [DEBUG] [Move 7] MINIMAX: Root move 12: flip eval=4.200000
[10:48:19.026] [DEBUG] [Move 7] MINIMAX: Beta cutoff at depth 3, move 1/91, alpha=-4.200000, beta=-4.200000
[10:48:19.026] [DEBUG] [Move 7] MINIMAX: Root move 13: push eval=4.200000
[10:48:19.052] [DEBUG] [Move 7] MINIMAX: Beta cutoff at depth 3, move 1/91, alpha=-4.200000, beta=-4.200000
[10:48:19.052] [DEBUG] [Move 7] MINIMAX: Root move 14: flip eval=4.200000
[10:48:19.077] [DEBUG] [Move 7] MINIMAX: Beta cutoff at depth 3, move 1/91, alpha=-4.200000, beta=-4.200000
[10:48:19.077] [DEBUG] [Move 7] MINIMAX: Root move 15: flip eval=4.200000
[10:48:19.099] [DEBUG] [Move 7] MINIMAX: Beta cutoff at depth 3, move 1/91, alpha=-4.200000, beta=-4.200000
[10:48:19.099] [DEBUG] [Move 7] MINIMAX: Root move 16: push eval=4.200000
[10:48:19.099] [DEBUG] [Move 7] MINIMAX: TT HIT at depth 3, eval=-4.200000, move=move
[10:48:19.099] [DEBUG] [Move 7] MINIMAX: Root move 17: push eval=4.200000
[10:48:19.123] [DEBUG] [Move 7] MINIMAX: Beta cutoff at depth 3, move 1/91, alpha=-4.200000, beta=-4.200000
[10:48:19.123] [DEBUG] [Move 7] MINIMAX: Root move 18: flip eval=4.200000
[10:48:19.149] [DEBUG] [Move 7] MINIMAX: Beta cutoff at depth 3, move 1/91, alpha=-4.200000, beta=-4.200000
[10:48:19.149] [DEBUG] [Move 7] MINIMAX: Root move 19: flip eval=4.200000
[10:48:19.171] [DEBUG] [Move 7] MINIMAX: Beta cutoff at depth 3, move 1/91, alpha=-4.200000, beta=-4.200000
[10:48:19.172] [DEBUG] [Move 7] MINIMAX: Root move 20: move eval=4.200000
[10:48:19.192] [DEBUG] [Move 7] MINIMAX: Beta cutoff at depth 3, move 1/91, alpha=-4.200000, beta=-4.200000
[10:48:19.192] [DEBUG] [Move 7] MINIMAX: Root move 21: move eval=4.200000
[10:48:19.209] [DEBUG] [Move 7] MINIMAX: Beta cutoff at depth 3, move 1/91, alpha=-4.200000, beta=-4.200000
[10:48:19.210] [DEBUG] [Move 7] MINIMAX: Root move 22: push eval=4.200000
[10:48:19.232] [DEBUG] [Move 7] MINIMAX: Beta cutoff at depth 3, move 1/91, alpha=-4.200000, beta=-4.200000
[10:48:19.232] [DEBUG] [Move 7] MINIMAX: Root move 23: flip eval=4.200000
[10:48:19.256] [DEBUG] [Move 7] MINIMAX: Beta cutoff at depth 3, move 1/91, alpha=-4.200000, beta=-4.200000
[10:48:19.256] [DEBUG] [Move 7] MINIMAX: Root move 24: flip eval=4.200000
[10:48:19.274] [DEBUG] [Move 7] MINIMAX: Beta cutoff at depth 3, move 1/106, alpha=-4.200000, beta=-4.200000
[10:48:19.274] [DEBUG] [Move 7] MINIMAX: Root move 25: move eval=4.200000
[10:48:19.290] [DEBUG] [Move 7] MINIMAX: Beta cutoff at depth 3, move 1/94, alpha=-4.200000, beta=-4.200000
[10:48:19.290] [DEBUG] [Move 7] MINIMAX: Root move 26: move eval=4.200000
[10:48:19.307] [DEBUG] [Move 7] MINIMAX: Beta cutoff at depth 3, move 1/88, alpha=-4.200000, beta=-4.200000
[10:48:19.307] [DEBUG] [Move 7] MINIMAX: Root move 27: move eval=4.200000
[10:48:19.326] [DEBUG] [Move 7] MINIMAX: Beta cutoff at depth 3, move 1/100, alpha=-4.200000, beta=-4.200000
[10:48:19.326] [DEBUG] [Move 7] MINIMAX: Root move 28: flip eval=4.200000
[10:48:19.355] [DEBUG] [Move 7] MINIMAX: Beta cutoff at depth 3, move 1/103, alpha=-4.200000, beta=-4.200000
[10:48:19.355] [DEBUG] [Move 7] MINIMAX: Root move 29: flip eval=4.200000
[10:48:19.371] [DEBUG] [Move 7] MINIMAX: Beta cutoff at depth 3, move 1/87, alpha=-4.200000, beta=-4.200000
[10:48:19.371] [DEBUG] [Move 7] MINIMAX: Root move 30: move eval=4.200000
[10:48:19.388] [DEBUG] [Move 7] MINIMAX: Beta cutoff at depth 3, move 1/95, alpha=-4.200000, beta=-4.200000
[10:48:19.388] [DEBUG] [Move 7] MINIMAX: Root move 31: push eval=4.200000
[10:48:19.402] [DEBUG] [Move 7] MINIMAX: Beta cutoff at depth 3, move 1/91, alpha=-4.200000, beta=-4.200000
[10:48:19.402] [DEBUG] [Move 7] MINIMAX: Root move 32: flip eval=4.200000
[10:48:19.422] [DEBUG] [Move 7] MINIMAX: Beta cutoff at depth 3, move 1/91, alpha=-4.200000, beta=-4.200000
[10:48:19.422] [DEBUG] [Move 7] MINIMAX: Root move 33: flip eval=4.200000
[10:48:19.439] [DEBUG] [Move 7] MINIMAX: Beta cutoff at depth 3, move 1/90, alpha=-4.200000, beta=-4.200000
[10:48:19.439] [DEBUG] [Move 7] MINIMAX: Root move 34: move eval=4.200000
[10:48:19.450] [DEBUG] [Move 7] MINIMAX: Beta cutoff at depth 3, move 1/91, alpha=-4.200000, beta=-4.200000
[10:48:19.450] [DEBUG] [Move 7] MINIMAX: Root move 35: flip eval=4.200000
[10:48:19.469] [DEBUG] [Move 7] MINIMAX: Beta cutoff at depth 3, move 1/91, alpha=-4.200000, beta=-4.200000
[10:48:19.469] [DEBUG] [Move 7] MINIMAX: Root move 36: flip eval=4.200000
[10:48:19.481] [DEBUG] [Move 7] MINIMAX: Beta cutoff at depth 3, move 1/89, alpha=-4.200000, beta=-4.200000
[10:48:19.481] [DEBUG] [Move 7] MINIMAX: Root move 37: move eval=4.200000
[10:48:19.489] [DEBUG] [Move 7] MINIMAX: Beta cutoff at depth 3, move 1/91, alpha=-4.200000, beta=-4.200000
[10:48:19.489] [DEBUG] [Move 7] MINIMAX: Root move 38: flip eval=4.200000
[10:48:19.505] [DEBUG] [Move 7] MINIMAX: Beta cutoff at depth 3, move 1/91, alpha=-4.200000, beta=-4.200000
[10:48:19.505] [DEBUG] [Move 7] MINIMAX: Root move 39: flip eval=4.200000
[10:48:19.515] [DEBUG] [Move 7] MINIMAX: Beta cutoff at depth 3, move 1/90, alpha=-4.200000, beta=-4.200000
[10:48:19.515] [DEBUG] [Move 7] MINIMAX: Root move 40: move eval=4.200000
[10:48:19.520] [DEBUG] [Move 7] MINIMAX: Beta cutoff at depth 3, move 1/92, alpha=-4.200000, beta=-4.200000
[10:48:19.520] [DEBUG] [Move 7] MINIMAX: Root move 41: push eval=4.200000
[10:48:19.527] [DEBUG] [Move 7] MINIMAX: Beta cutoff at depth 3, move 1/91, alpha=-4.200000, beta=-4.200000
[10:48:19.527] [DEBUG] [Move 7] MINIMAX: Root move 42: flip eval=4.200000
[10:48:19.539] [DEBUG] [Move 7] MINIMAX: Beta cutoff at depth 3, move 1/91, alpha=-4.200000, beta=-4.200000
[10:48:19.539] [DEBUG] [Move 7] MINIMAX: Root move 43: flip eval=4.200000
[10:48:19.545] [DEBUG] [Move 7] MINIMAX: Beta cutoff at depth 3, move 1/88, alpha=-4.200000, beta=-4.200000
[10:48:19.545] [DEBUG] [Move 7] MINIMAX: Root move 44: move eval=4.200000
[10:48:19.550] [DEBUG] [Move 7] MINIMAX: Beta cutoff at depth 3, move 1/94, alpha=-4.200000, beta=-4.200000
[10:48:19.550] [DEBUG] [Move 7] MINIMAX: Root move 45: move eval=4.200000
[10:48:19.555] [DEBUG] [Move 7] MINIMAX: Beta cutoff at depth 3, move 1/94, alpha=-4.200000, beta=-4.200000
[10:48:19.555] [DEBUG] [Move 7] MINIMAX: Root move 46: push eval=4.200000
[10:48:19.561] [DEBUG] [Move 7] MINIMAX: Beta cutoff at depth 3, move 1/100, alpha=-4.200000, beta=-4.200000
[10:48:19.561] [DEBUG] [Move 7] MINIMAX: Root move 47: flip eval=4.200000
[10:48:19.569] [DEBUG] [Move 7] MINIMAX: Beta cutoff at depth 3, move 1/91, alpha=-4.200000, beta=-4.200000
[10:48:19.569] [DEBUG] [Move 7] MINIMAX: Root move 48: flip eval=4.200000
[10:48:19.569] [DEBUG] [Move 7] MINIMAX: Root search complete - evaluated=48/48, cutoffs=0
[10:48:19.569] [DEBUG] [Move 7] MINIMAX: Depth 4 completed, nodes=10417, eval=4.200000, move=move
[10:48:19.569] [DEBUG] [Move 7] MINIMAX: Searching at depth 5
[10:48:19.703] [DEBUG] [Move 7] MINIMAX: New best at depth 4, move=move, eval=4.900001
[10:48:19.746] [DEBUG] [Move 7] MINIMAX: Beta cutoff at depth 3, move 1/49, alpha=-4.900001, beta=-4.900001
[10:48:19.787] [DEBUG] [Move 7] MINIMAX: Beta cutoff at depth 3, move 1/49, alpha=-4.900001, beta=-4.900001
[10:48:19.836] [DEBUG] [Move 7] MINIMAX: Beta cutoff at depth 3, move 1/49, alpha=-4.900001, beta=-4.900001
[10:48:19.907] [DEBUG] [Move 7] MINIMAX: Beta cutoff at depth 3, move 1/49, alpha=-4.900001, beta=-4.900001
[10:48:19.986] [DEBUG] [Move 7] MINIMAX: Beta cutoff at depth 3, move 1/49, alpha=-4.900001, beta=-4.900001
[10:48:19.986] [DEBUG] [Move 7] MINIMAX: TT HIT at depth 3, eval=-4.900001, move=move
[10:48:19.986] [DEBUG] [Move 7] MINIMAX: TT HIT at depth 3, eval=-4.900001, move=move
[10:48:19.986] [DEBUG] [Move 7] MINIMAX: TT HIT at depth 3, eval=-4.900001, move=move
[10:48:19.986] [DEBUG] [Move 7] MINIMAX: TT HIT at depth 3, eval=-4.900001, move=move
[10:48:19.986] [DEBUG] [Move 7] MINIMAX: TT HIT at depth 3, eval=-4.900001, move=move
[10:48:20.034] [DEBUG] [Move 7] MINIMAX: Beta cutoff at depth 3, move 1/49, alpha=-4.900001, beta=-4.900001
[10:48:20.077] [DEBUG] [Move 7] MINIMAX: Beta cutoff at depth 3, move 1/49, alpha=-4.900001, beta=-4.900001
[10:48:20.118] [DEBUG] [Move 7] MINIMAX: Beta cutoff at depth 3, move 1/53, alpha=-4.900001, beta=-4.900001
[10:48:20.162] [DEBUG] [Move 7] MINIMAX: Beta cutoff at depth 3, move 1/49, alpha=-4.900001, beta=-4.900001
[10:48:20.202] [DEBUG] [Move 7] MINIMAX: Beta cutoff at depth 3, move 1/49, alpha=-4.900001, beta=-4.900001
[10:48:20.259] [DEBUG] [Move 7] MINIMAX: Beta cutoff at depth 3, move 1/49, alpha=-4.900001, beta=-4.900001
[10:48:20.301] [DEBUG] [Move 7] MINIMAX: Beta cutoff at depth 3, move 1/49, alpha=-4.900001, beta=-4.900001
[10:48:20.301] [DEBUG] [Move 7] MINIMAX: TT HIT at depth 3, eval=-4.900001, move=move
[10:48:20.301] [DEBUG] [Move 7] MINIMAX: TT HIT at depth 3, eval=-4.900001, move=move
[10:48:20.350] [DEBUG] [Move 7] MINIMAX: Beta cutoff at depth 3, move 1/49, alpha=-4.900001, beta=-4.900001
[10:48:20.350] [DEBUG] [Move 7] MINIMAX: TT HIT at depth 3, eval=-4.900001, move=move
[10:48:20.350] [DEBUG] [Move 7] MINIMAX: TT HIT at depth 3, eval=-4.900001, move=move
[10:48:20.382] [DEBUG] [Move 7] MINIMAX: Beta cutoff at depth 3, move 1/49, alpha=-4.900001, beta=-4.900001
[10:48:20.441] [DEBUG] [Move 7] MINIMAX: Beta cutoff at depth 3, move 1/49, alpha=-4.900001, beta=-4.900001
[10:48:20.488] [DEBUG] [Move 7] MINIMAX: Beta cutoff at depth 3, move 1/48, alpha=-4.900001, beta=-4.900001
[10:48:20.536] [DEBUG] [Move 7] MINIMAX: Beta cutoff at depth 3, move 1/49, alpha=-4.900001, beta=-4.900001
[10:48:20.576] [DEBUG] [Move 7] MINIMAX: Beta cutoff at depth 3, move 1/49, alpha=-4.900001, beta=-4.900001
[10:48:20.614] [DEBUG] [Move 7] MINIMAX: Beta cutoff at depth 3, move 1/49, alpha=-4.900001, beta=-4.900001
[10:48:20.652] [DEBUG] [Move 7] MINIMAX: Beta cutoff at depth 3, move 1/49, alpha=-4.900001, beta=-4.900001
[10:48:20.694] [DEBUG] [Move 7] MINIMAX: Beta cutoff at depth 3, move 1/49, alpha=-4.900001, beta=-4.900001
[10:48:20.734] [DEBUG] [Move 7] MINIMAX: Beta cutoff at depth 3, move 1/48, alpha=-4.900001, beta=-4.900001
[10:48:20.774] [DEBUG] [Move 7] MINIMAX: Beta cutoff at depth 3, move 1/49, alpha=-4.900001, beta=-4.900001
[10:48:20.808] [DEBUG] [Move 7] MINIMAX: Beta cutoff at depth 3, move 1/49, alpha=-4.900001, beta=-4.900001
[10:48:20.839] [DEBUG] [Move 7] MINIMAX: Beta cutoff at depth 3, move 1/49, alpha=-4.900001, beta=-4.900001
[10:48:20.881] [DEBUG] [Move 7] MINIMAX: Beta cutoff at depth 3, move 1/49, alpha=-4.900001, beta=-4.900001
[10:48:20.924] [DEBUG] [Move 7] MINIMAX: Beta cutoff at depth 3, move 1/49, alpha=-4.900001, beta=-4.900001
[10:48:20.957] [DEBUG] [Move 7] MINIMAX: Beta cutoff at depth 3, move 1/48, alpha=-4.900001, beta=-4.900001
[10:48:20.988] [DEBUG] [Move 7] MINIMAX: Beta cutoff at depth 3, move 1/49, alpha=-4.900001, beta=-4.900001
[10:48:21.017] [DEBUG] [Move 7] MINIMAX: Beta cutoff at depth 3, move 1/49, alpha=-4.900001, beta=-4.900001
[10:48:21.052] [DEBUG] [Move 7] MINIMAX: Beta cutoff at depth 3, move 1/49, alpha=-4.900001, beta=-4.900001
[10:48:21.086] [DEBUG] [Move 7] MINIMAX: Beta cutoff at depth 3, move 1/49, alpha=-4.900001, beta=-4.900001
[10:48:21.109] [DEBUG] [Move 7] MINIMAX: Beta cutoff at depth 3, move 1/49, alpha=-4.900001, beta=-4.900001
[10:48:21.132] [DEBUG] [Move 7] MINIMAX: Beta cutoff at depth 3, move 1/49, alpha=-4.900001, beta=-4.900001
[10:48:21.159] [DEBUG] [Move 7] MINIMAX: Beta cutoff at depth 3, move 1/49, alpha=-4.900001, beta=-4.900001
[10:48:21.159] [DEBUG] [Move 7] MINIMAX: TT HIT at depth 3, eval=-4.900001, move=move
[10:48:21.159] [DEBUG] [Move 7] MINIMAX: TT HIT at depth 3, eval=-4.900001, move=move
[10:48:21.183] [DEBUG] [Move 7] MINIMAX: Beta cutoff at depth 3, move 1/49, alpha=-4.900001, beta=-4.900001
[10:48:21.183] [DEBUG] [Move 7] MINIMAX: TT HIT at depth 3, eval=-4.900001, move=move
[10:48:21.183] [DEBUG] [Move 7] MINIMAX: TT HIT at depth 3, eval=-4.900001, move=move
[10:48:21.183] [DEBUG] [Move 7] MINIMAX: TT HIT at depth 3, eval=-4.900001, move=move
[10:48:21.183] [DEBUG] [Move 7] MINIMAX: TT HIT at depth 3, eval=-4.900001, move=move
[10:48:21.183] [DEBUG] [Move 7] MINIMAX: TT HIT at depth 3, eval=-4.900001, move=move
[10:48:21.183] [DEBUG] [Move 7] MINIMAX: TT HIT at depth 3, eval=-4.900001, move=move
[10:48:21.206] [DEBUG] [Move 7] MINIMAX: Beta cutoff at depth 3, move 1/49, alpha=-4.900001, beta=-4.900001
[10:48:21.229] [DEBUG] [Move 7] MINIMAX: Beta cutoff at depth 3, move 1/49, alpha=-4.900001, beta=-4.900001
[10:48:21.258] [DEBUG] [Move 7] MINIMAX: Beta cutoff at depth 3, move 1/49, alpha=-4.900001, beta=-4.900001
[10:48:21.291] [DEBUG] [Move 7] MINIMAX: Beta cutoff at depth 3, move 1/49, alpha=-4.900001, beta=-4.900001
[10:48:21.320] [DEBUG] [Move 7] MINIMAX: Beta cutoff at depth 3, move 1/49, alpha=-4.900001, beta=-4.900001
[10:48:21.340] [DEBUG] [Move 7] MINIMAX: Beta cutoff at depth 3, move 1/49, alpha=-4.900001, beta=-4.900001
[10:48:21.345] [DEBUG] [Move 7] MINIMAX: New best at depth 4, move=move, eval=1000000.000000
[10:48:21.345] [DEBUG] [Move 7] MINIMAX: Beta cutoff at depth 4, move 61/91, alpha=1000000.000000, beta=1000000.000000
[10:48:21.346] [DEBUG] [Move 7] MINIMAX: Root move 1: move eval=-1000000.000000
[10:48:21.346] [DEBUG] [Move 7] MINIMAX: Timeout at root level after 1/48 moves
[10:48:21.346] [DEBUG] [Move 7] MINIMAX: Root search complete - evaluated=1/48, cutoffs=0
[10:48:21.346] [DEBUG] [Move 7] MINIMAX: Depth 5 completed, nodes=8666, eval=-1000000.000000, move=move
[10:48:21.346] [DEBUG] [Move 7] MINIMAX: Time limit reached at depth 6
[10:48:21.346] [INFO] [Move 7] MINIMAX: Search complete - depth=4, nodes=21932, TT_size=86476, time=3.000000s
[10:48:21.346] [DEBUG] [Move 7] VALIDATION DEBUG: Generated 48 legal moves for validation
[10:48:21.346] [DEBUG] [Move 7] VALIDATION DEBUG: Minimax returned move: move (0,0) -> (0,1)
[10:48:21.346] [DEBUG] [Move 7] VALIDATION DEBUG: Legal move 1: move (0,0) -> (0,1)
[10:48:21.346] [DEBUG] [Move 7] VALIDATION DEBUG: Legal move 2: move (0,0) -> (1,0)
[10:48:21.346] [DEBUG] [Move 7] VALIDATION DEBUG: Legal move 3: flip (0,0) -> (0,0)
[10:48:21.346] [DEBUG] [Move 7] VALIDATION DEBUG: Legal move 4: flip (0,0) -> (0,0)
[10:48:21.346] [DEBUG] [Move 7] VALIDATION DEBUG: Legal move 5: move (4,3) -> (3,3)
[10:48:21.346] [DEBUG] [Move 7] VALIDATION DEBUG: Move found in legal moves - SUCCESS!
[10:48:21.346] [DECISION] [Move 7] FINAL DECISION: move (0,0) -> (0,1) | Reasoning: Minimax search
[10:48:21.346] [DECISION] [Move 7] === MOVE DECISION END ===
[10:48:21.383] [DECISION] [Move 8] === MOVE DECISION START === Player: square, Board: 13x12, Time: 38.9854s (vs 59.9685s)
[10:48:21.383] [DEBUG] [Move 8] MINIMAX: Starting search for square, time=38.985386s
[10:48:21.384] [DEBUG] [Move 8] MINIMAX: Found 49 legal moves at root
[10:48:21.385] [DEBUG] [Move 8] MINIMAX: Starting iterative deepening
[10:48:21.385] [DEBUG] [Move 8] MINIMAX: Searching at depth 1
[10:48:21.385] [DEBUG] [Move 8] MINIMAX: Root move 1: move eval=-4.900001
[10:48:21.385] [DEBUG] [Move 8] MINIMAX: Alpha improved at root: -1000000.000000 -> -4.900001
[10:48:21.385] [DEBUG] [Move 8] MINIMAX: Root move 2: move eval=-4.900001
[10:48:21.385] [DEBUG] [Move 8] MINIMAX: Root move 3: move eval=-4.900001
[10:48:21.385] [DEBUG] [Move 8] MINIMAX: Root move 4: flip eval=-4.900001
[10:48:21.385] [DEBUG] [Move 8] MINIMAX: Root move 5: flip eval=-4.900001
[10:48:21.385] [DEBUG] [Move 8] MINIMAX: Root move 6: move eval=-4.900001
[10:48:21.385] [DEBUG] [Move 8] MINIMAX: Root move 7: push eval=-4.900001
[10:48:21.385] [DEBUG] [Move 8] MINIMAX: Root move 8: flip eval=-4.900001
[10:48:21.385] [DEBUG] [Move 8] MINIMAX: Root move 9: flip eval=-4.900001
[10:48:21.385] [DEBUG] [Move 8] MINIMAX: Root move 10: push eval=-4.900001
[10:48:21.385] [DEBUG] [Move 8] MINIMAX: Root move 11: push eval=-4.900001
[10:48:21.385] [DEBUG] [Move 8] MINIMAX: Root move 12: flip eval=-4.900001
[10:48:21.385] [DEBUG] [Move 8] MINIMAX: Root move 13: flip eval=-4.900001
[10:48:21.385] [DEBUG] [Move 8] MINIMAX: Root move 14: push eval=-4.900001
[10:48:21.385] [DEBUG] [Move 8] MINIMAX: Root move 15: flip eval=-4.900001
[10:48:21.385] [DEBUG] [Move 8] MINIMAX: Root move 16: flip eval=-4.900001
[10:48:21.385] [DEBUG] [Move 8] MINIMAX: Root move 17: push eval=-4.900001
[10:48:21.385] [DEBUG] [Move 8] MINIMAX: Root move 18: push eval=-4.900001
[10:48:21.385] [DEBUG] [Move 8] MINIMAX: Root move 19: flip eval=-4.900001
[10:48:21.385] [DEBUG] [Move 8] MINIMAX: Root move 20: flip eval=-4.900001
[10:48:21.385] [DEBUG] [Move 8] MINIMAX: Root move 21: move eval=-4.900001
[10:48:21.385] [DEBUG] [Move 8] MINIMAX: Root move 22: move eval=-4.900001
[10:48:21.385] [DEBUG] [Move 8] MINIMAX: Root move 23: push eval=-4.900001
[10:48:21.385] [DEBUG] [Move 8] MINIMAX: Root move 24: flip eval=-4.900001
[10:48:21.385] [DEBUG] [Move 8] MINIMAX: Root move 25: flip eval=-4.900001
[10:48:21.385] [DEBUG] [Move 8] MINIMAX: Root move 26: move eval=-4.900001
[10:48:21.385] [DEBUG] [Move 8] MINIMAX: Root move 27: move eval=-4.900001
[10:48:21.385] [DEBUG] [Move 8] MINIMAX: Root move 28: move eval=-4.900001
[10:48:21.385] [DEBUG] [Move 8] MINIMAX: Root move 29: flip eval=-4.900001
[10:48:21.385] [DEBUG] [Move 8] MINIMAX: Root move 30: flip eval=-4.900001
[10:48:21.385] [DEBUG] [Move 8] MINIMAX: Root move 31: move eval=-4.900001
[10:48:21.385] [DEBUG] [Move 8] MINIMAX: Root move 32: push eval=-4.900001
[10:48:21.385] [DEBUG] [Move 8] MINIMAX: Root move 33: flip eval=-4.900001
[10:48:21.385] [DEBUG] [Move 8] MINIMAX: Root move 34: flip eval=-4.900001
[10:48:21.385] [DEBUG] [Move 8] MINIMAX: Root move 35: move eval=-4.900001
[10:48:21.385] [DEBUG] [Move 8] MINIMAX: Root move 36: flip eval=-4.900001
[10:48:21.385] [DEBUG] [Move 8] MINIMAX: Root move 37: flip eval=-4.900001
[10:48:21.385] [DEBUG] [Move 8] MINIMAX: Root move 38: move eval=-4.900001
[10:48:21.385] [DEBUG] [Move 8] MINIMAX: Root move 39: flip eval=-4.900001
[10:48:21.385] [DEBUG] [Move 8] MINIMAX: Root move 40: flip eval=-4.900001
[10:48:21.385] [DEBUG] [Move 8] MINIMAX: Root move 41: move eval=-4.900001
[10:48:21.385] [DEBUG] [Move 8] MINIMAX: Root move 42: push eval=-4.900001
[10:48:21.386] [DEBUG] [Move 8] MINIMAX: Root move 43: flip eval=-4.900001
[10:48:21.386] [DEBUG] [Move 8] MINIMAX: Root move 44: flip eval=-4.900001
[10:48:21.386] [DEBUG] [Move 8] MINIMAX: Root move 45: move eval=-4.900001
[10:48:21.386] [DEBUG] [Move 8] MINIMAX: Root move 46: move eval=-4.900001
[10:48:21.386] [DEBUG] [Move 8] MINIMAX: Root move 47: push eval=-4.900001
[10:48:21.386] [DEBUG] [Move 8] MINIMAX: Root move 48: flip eval=-4.900001
[10:48:21.386] [DEBUG] [Move 8] MINIMAX: Root move 49: flip eval=-4.900001
[10:48:21.386] [DEBUG] [Move 8] MINIMAX: Root search complete - evaluated=49/49, cutoffs=0
[10:48:21.386] [DEBUG] [Move 8] MINIMAX: Depth 1 completed, nodes=49, eval=-4.900001, move=move
[10:48:21.386] [DEBUG] [Move 8] MINIMAX: Searching at depth 2
[10:48:21.388] [DEBUG] [Move 8] MINIMAX: Root move 1: move eval=4.200000
[10:48:21.388] [DEBUG] [Move 8] MINIMAX: Alpha improved at root: -1000000.000000 -> 4.200000
[10:48:21.390] [DEBUG] [Move 8] MINIMAX: Root move 2: move eval=4.200000
[10:48:21.391] [DEBUG] [Move 8] MINIMAX: Root move 3: move eval=4.200000
[10:48:21.394] [DEBUG] [Move 8] MINIMAX: Root move 4: flip eval=4.200000
[10:48:21.396] [DEBUG] [Move 8] MINIMAX: Root move 5: flip eval=4.200000
[10:48:21.397] [DEBUG] [Move 8] MINIMAX: Root move 6: move eval=4.200000
[10:48:21.399] [DEBUG] [Move 8] MINIMAX: Root move 7: push eval=4.200000
[10:48:21.400] [DEBUG] [Move 8] MINIMAX: Root move 8: flip eval=4.200000
[10:48:21.402] [DEBUG] [Move 8] MINIMAX: Root move 9: flip eval=4.200000
[10:48:21.403] [DEBUG] [Move 8] MINIMAX: Root move 10: push eval=4.200000
[10:48:21.403] [DEBUG] [Move 8] MINIMAX: Root move 11: push eval=4.200000
[10:48:21.405] [DEBUG] [Move 8] MINIMAX: Root move 12: flip eval=4.200000
[10:48:21.406] [DEBUG] [Move 8] MINIMAX: Root move 13: flip eval=4.200000
[10:48:21.408] [DEBUG] [Move 8] MINIMAX: Root move 14: push eval=4.200000
[10:48:21.409] [DEBUG] [Move 8] MINIMAX: Root move 15: flip eval=4.200000
[10:48:21.411] [DEBUG] [Move 8] MINIMAX: Root move 16: flip eval=4.200000
[10:48:21.412] [DEBUG] [Move 8] MINIMAX: Root move 17: push eval=4.200000
[10:48:21.412] [DEBUG] [Move 8] MINIMAX: Root move 18: push eval=4.200000
[10:48:21.414] [DEBUG] [Move 8] MINIMAX: Root move 19: flip eval=4.200000
[10:48:21.415] [DEBUG] [Move 8] MINIMAX: Root move 20: flip eval=4.200000
[10:48:21.417] [DEBUG] [Move 8] MINIMAX: Root move 21: move eval=4.200000
[10:48:21.418] [DEBUG] [Move 8] MINIMAX: Root move 22: move eval=4.200000
[10:48:21.419] [DEBUG] [Move 8] MINIMAX: Root move 23: push eval=4.200000
[10:48:21.421] [DEBUG] [Move 8] MINIMAX: Root move 24: flip eval=4.200000
[10:48:21.422] [DEBUG] [Move 8] MINIMAX: Root move 25: flip eval=4.200000
[10:48:21.424] [DEBUG] [Move 8] MINIMAX: Root move 26: move eval=4.200000
[10:48:21.425] [DEBUG] [Move 8] MINIMAX: Root move 27: move eval=4.200000
[10:48:21.427] [DEBUG] [Move 8] MINIMAX: Root move 28: move eval=4.200000
[10:48:21.428] [DEBUG] [Move 8] MINIMAX: Root move 29: flip eval=4.200000
[10:48:21.430] [DEBUG] [Move 8] MINIMAX: Root move 30: flip eval=4.200000
[10:48:21.431] [DEBUG] [Move 8] MINIMAX: Root move 31: move eval=4.200000
[10:48:21.432] [DEBUG] [Move 8] MINIMAX: Root move 32: push eval=4.200000
[10:48:21.433] [DEBUG] [Move 8] MINIMAX: Root move 33: flip eval=4.200000
[10:48:21.434] [DEBUG] [Move 8] MINIMAX: Root move 34: flip eval=4.200000
[10:48:21.435] [DEBUG] [Move 8] MINIMAX: Root move 35: move eval=4.200000
[10:48:21.437] [DEBUG] [Move 8] MINIMAX: Root move 36: flip eval=4.200000
[10:48:21.437] [DEBUG] [Move 8] MINIMAX: Root move 37: flip eval=4.200000
[10:48:21.438] [DEBUG] [Move 8] MINIMAX: Root move 38: move eval=4.200000
[10:48:21.439] [DEBUG] [Move 8] MINIMAX: Root move 39: flip eval=4.200000
[10:48:21.440] [DEBUG] [Move 8] MINIMAX: Root move 40: flip eval=4.200000
[10:48:21.440] [DEBUG] [Move 8] MINIMAX: Root move 41: move eval=4.200000
[10:48:21.441] [DEBUG] [Move 8] MINIMAX: Root move 42: push eval=4.200000
[10:48:21.442] [DEBUG] [Move 8] MINIMAX: Root move 43: flip eval=4.200000
[10:48:21.443] [DEBUG] [Move 8] MINIMAX: Root move 44: flip eval=4.200000
[10:48:21.443] [DEBUG] [Move 8] MINIMAX: Root move 45: move eval=4.200000
[10:48:21.444] [DEBUG] [Move 8] MINIMAX: Root move 46: move eval=4.200000
[10:48:21.445] [DEBUG] [Move 8] MINIMAX: Root move 47: push eval=4.200000
[10:48:21.445] [DEBUG] [Move 8] MINIMAX: Root move 48: flip eval=4.200000
[10:48:21.446] [DEBUG] [Move 8] MINIMAX: Root move 49: flip eval=4.200000
[10:48:21.446] [DEBUG] [Move 8] MINIMAX: Root search complete - evaluated=49/49, cutoffs=0
[10:48:21.446] [DEBUG] [Move 8] MINIMAX: Depth 2 completed, nodes=200, eval=4.200000, move=move
[10:48:21.446] [DEBUG] [Move 8] MINIMAX: Searching at depth 3
[10:48:21.448] [DEBUG] [Move 8] MINIMAX: Root move 1: move eval=-4.900001
[10:48:21.448] [DEBUG] [Move 8] MINIMAX: Alpha improved at root: -1000000.000000 -> -4.900001
[10:48:21.450] [DEBUG] [Move 8] MINIMAX: Root move 2: move eval=-4.900001
[10:48:21.451] [DEBUG] [Move 8] MINIMAX: Root move 3: move eval=-4.900001
[10:48:21.453] [DEBUG] [Move 8] MINIMAX: Root move 4: flip eval=-4.900001
[10:48:21.454] [DEBUG] [Move 8] MINIMAX: Root move 5: flip eval=-4.900001
[10:48:21.456] [DEBUG] [Move 8] MINIMAX: Root move 6: move eval=-4.900001
[10:48:21.458] [DEBUG] [Move 8] MINIMAX: Root move 7: push eval=-4.900001
[10:48:21.460] [DEBUG] [Move 8] MINIMAX: Root move 8: flip eval=-4.900001
[10:48:21.462] [DEBUG] [Move 8] MINIMAX: Root move 9: flip eval=-4.900001
[10:48:21.463] [DEBUG] [Move 8] MINIMAX: Root move 10: push eval=-4.900001
[10:48:21.463] [DEBUG] [Move 8] MINIMAX: Root move 11: push eval=-4.900001
[10:48:21.465] [DEBUG] [Move 8] MINIMAX: Root move 12: flip eval=-4.900001
[10:48:21.466] [DEBUG] [Move 8] MINIMAX: Root move 13: flip eval=-4.900001
[10:48:21.468] [DEBUG] [Move 8] MINIMAX: Root move 14: push eval=-4.900001
[10:48:21.469] [DEBUG] [Move 8] MINIMAX: Root move 15: flip eval=-4.900001
[10:48:21.471] [DEBUG] [Move 8] MINIMAX: Root move 16: flip eval=-4.900001
[10:48:21.473] [DEBUG] [Move 8] MINIMAX: Root move 17: push eval=-4.900001
[10:48:21.473] [DEBUG] [Move 8] MINIMAX: Root move 18: push eval=-4.900001
[10:48:21.474] [DEBUG] [Move 8] MINIMAX: Root move 19: flip eval=-4.900001
[10:48:21.476] [DEBUG] [Move 8] MINIMAX: Root move 20: flip eval=-4.900001
[10:48:21.477] [DEBUG] [Move 8] MINIMAX: Root move 21: move eval=-4.900001
[10:48:21.479] [DEBUG] [Move 8] MINIMAX: Root move 22: move eval=-4.900001
[10:48:21.481] [DEBUG] [Move 8] MINIMAX: Root move 23: push eval=-4.900001
[10:48:21.482] [DEBUG] [Move 8] MINIMAX: Root move 24: flip eval=-4.900001
[10:48:21.484] [DEBUG] [Move 8] MINIMAX: Root move 25: flip eval=-4.900001
[10:48:21.486] [DEBUG] [Move 8] MINIMAX: Root move 26: move eval=-4.900001
[10:48:21.488] [DEBUG] [Move 8] MINIMAX: Root move 27: move eval=-4.900001
[10:48:21.490] [DEBUG] [Move 8] MINIMAX: Root move 28: move eval=-4.900001
[10:48:21.493] [DEBUG] [Move 8] MINIMAX: Root move 29: flip eval=-4.900001
[10:48:21.496] [DEBUG] [Move 8] MINIMAX: Root move 30: flip eval=-4.900001
[10:48:21.498] [DEBUG] [Move 8] MINIMAX: Root move 31: move eval=-4.900001
[10:48:21.500] [DEBUG] [Move 8] MINIMAX: Root move 32: push eval=-4.900001
[10:48:21.502] [DEBUG] [Move 8] MINIMAX: Root move 33: flip eval=-4.900001
[10:48:21.506] [DEBUG] [Move 8] MINIMAX: Root move 34: flip eval=-4.900001
[10:48:21.508] [DEBUG] [Move 8] MINIMAX: Root move 35: move eval=-4.900001
[10:48:21.512] [DEBUG] [Move 8] MINIMAX: Root move 36: flip eval=-4.900001
[10:48:21.515] [DEBUG] [Move 8] MINIMAX: Root move 37: flip eval=-4.900001
[10:48:21.518] [DEBUG] [Move 8] MINIMAX: Root move 38: move eval=-4.900001
[10:48:21.521] [DEBUG] [Move 8] MINIMAX: Root move 39: flip eval=-4.900001
[10:48:21.524] [DEBUG] [Move 8] MINIMAX: Root move 40: flip eval=-4.900001
[10:48:21.527] [DEBUG] [Move 8] MINIMAX: Root move 41: move eval=-4.900001
[10:48:21.530] [DEBUG] [Move 8] MINIMAX: Root move 42: push eval=-4.900001
[10:48:21.533] [DEBUG] [Move 8] MINIMAX: Root move 43: flip eval=-4.900001
[10:48:21.536] [DEBUG] [Move 8] MINIMAX: Root move 44: flip eval=-4.900001
[10:48:21.539] [DEBUG] [Move 8] MINIMAX: Root move 45: move eval=-4.900001
[10:48:21.541] [DEBUG] [Move 8] MINIMAX: Root move 46: move eval=-4.900001
[10:48:21.544] [DEBUG] [Move 8] MINIMAX: Root move 47: push eval=-4.900001
[10:48:21.546] [DEBUG] [Move 8] MINIMAX: Root move 48: flip eval=-4.900001
[10:48:21.548] [DEBUG] [Move 8] MINIMAX: Root move 49: flip eval=-4.900001
[10:48:21.548] [DEBUG] [Move 8] MINIMAX: Root search complete - evaluated=49/49, cutoffs=0
[10:48:21.548] [DEBUG] [Move 8] MINIMAX: Depth 3 completed, nodes=2702, eval=-4.900001, move=move
[10:48:21.548] [DEBUG] [Move 8] MINIMAX: Searching at depth 4
[10:48:21.774] [DEBUG] [Move 8] MINIMAX: Root move 1: move eval=4.200000
[10:48:21.774] [DEBUG] [Move 8] MINIMAX: Alpha improved at root: -1000000.000000 -> 4.200000
[10:48:21.811] [DEBUG] [Move 8] MINIMAX: Beta cutoff at depth 3, move 1/105, alpha=-4.200000, beta=-4.200000
[10:48:21.811] [DEBUG] [Move 8] MINIMAX: Root move 2: move eval=4.200000
[10:48:21.843] [DEBUG] [Move 8] MINIMAX: Beta cutoff at depth 3, move 1/105, alpha=-4.200000, beta=-4.200000
[10:48:21.843] [DEBUG] [Move 8] MINIMAX: Root move 3: move eval=4.200000
[10:48:21.873] [DEBUG] [Move 8] MINIMAX: Beta cutoff at depth 3, move 1/105, alpha=-4.200000, beta=-4.200000
[10:48:21.874] [DEBUG] [Move 8] MINIMAX: Root move 4: flip eval=4.200000
[10:48:21.904] [DEBUG] [Move 8] MINIMAX: Beta cutoff at depth 3, move 1/105, alpha=-4.200000, beta=-4.200000
[10:48:21.905] [DEBUG] [Move 8] MINIMAX: Root move 5: flip eval=4.200000
[10:48:21.937] [DEBUG] [Move 8] MINIMAX: Beta cutoff at depth 3, move 1/105, alpha=-4.200000, beta=-4.200000
[10:48:21.937] [DEBUG] [Move 8] MINIMAX: Root move 6: move eval=4.200000
[10:48:21.966] [DEBUG] [Move 8] MINIMAX: Beta cutoff at depth 3, move 1/105, alpha=-4.200000, beta=-4.200000
[10:48:21.966] [DEBUG] [Move 8] MINIMAX: Root move 7: push eval=4.200000
[10:48:22.001] [DEBUG] [Move 8] MINIMAX: Beta cutoff at depth 3, move 1/105, alpha=-4.200000, beta=-4.200000
[10:48:22.001] [DEBUG] [Move 8] MINIMAX: Root move 8: flip eval=4.200000
[10:48:22.032] [DEBUG] [Move 8] MINIMAX: Beta cutoff at depth 3, move 1/105, alpha=-4.200000, beta=-4.200000
[10:48:22.032] [DEBUG] [Move 8] MINIMAX: Root move 9: flip eval=4.200000
[10:48:22.059] [DEBUG] [Move 8] MINIMAX: Beta cutoff at depth 3, move 1/105, alpha=-4.200000, beta=-4.200000
[10:48:22.059] [DEBUG] [Move 8] MINIMAX: Root move 10: push eval=4.200000
[10:48:22.059] [DEBUG] [Move 8] MINIMAX: TT HIT at depth 3, eval=-4.200000, move=move
[10:48:22.059] [DEBUG] [Move 8] MINIMAX: Root move 11: push eval=4.200000
[10:48:22.088] [DEBUG] [Move 8] MINIMAX: Beta cutoff at depth 3, move 1/105, alpha=-4.200000, beta=-4.200000
[10:48:22.088] [DEBUG] [Move 8] MINIMAX: Root move 12: flip eval=4.200000
[10:48:22.117] [DEBUG] [Move 8] MINIMAX: Beta cutoff at depth 3, move 1/105, alpha=-4.200000, beta=-4.200000
[10:48:22.117] [DEBUG] [Move 8] MINIMAX: Root move 13: flip eval=4.200000
[10:48:22.144] [DEBUG] [Move 8] MINIMAX: Beta cutoff at depth 3, move 1/105, alpha=-4.200000, beta=-4.200000
[10:48:22.144] [DEBUG] [Move 8] MINIMAX: Root move 14: push eval=4.200000
[10:48:22.169] [DEBUG] [Move 8] MINIMAX: Beta cutoff at depth 3, move 1/105, alpha=-4.200000, beta=-4.200000
[10:48:22.169] [DEBUG] [Move 8] MINIMAX: Root move 15: flip eval=4.200000
[10:48:22.194] [DEBUG] [Move 8] MINIMAX: Beta cutoff at depth 3, move 1/105, alpha=-4.200000, beta=-4.200000
[10:48:22.194] [DEBUG] [Move 8] MINIMAX: Root move 16: flip eval=4.200000
[10:48:22.218] [DEBUG] [Move 8] MINIMAX: Beta cutoff at depth 3, move 1/105, alpha=-4.200000, beta=-4.200000
[10:48:22.218] [DEBUG] [Move 8] MINIMAX: Root move 17: push eval=4.200000
[10:48:22.218] [DEBUG] [Move 8] MINIMAX: TT HIT at depth 3, eval=-4.200000, move=move
[10:48:22.218] [DEBUG] [Move 8] MINIMAX: Root move 18: push eval=4.200000
[10:48:22.242] [DEBUG] [Move 8] MINIMAX: Beta cutoff at depth 3, move 1/105, alpha=-4.200000, beta=-4.200000
[10:48:22.242] [DEBUG] [Move 8] MINIMAX: Root move 19: flip eval=4.200000
[10:48:22.268] [DEBUG] [Move 8] MINIMAX: Beta cutoff at depth 3, move 1/105, alpha=-4.200000, beta=-4.200000
[10:48:22.269] [DEBUG] [Move 8] MINIMAX: Root move 20: flip eval=4.200000
[10:48:22.303] [DEBUG] [Move 8] MINIMAX: Beta cutoff at depth 3, move 1/105, alpha=-4.200000, beta=-4.200000
[10:48:22.304] [DEBUG] [Move 8] MINIMAX: Root move 21: move eval=4.200000
[10:48:22.335] [DEBUG] [Move 8] MINIMAX: Beta cutoff at depth 3, move 1/105, alpha=-4.200000, beta=-4.200000
[10:48:22.335] [DEBUG] [Move 8] MINIMAX: Root move 22: move eval=4.200000
[10:48:22.359] [DEBUG] [Move 8] MINIMAX: Beta cutoff at depth 3, move 1/105, alpha=-4.200000, beta=-4.200000
[10:48:22.359] [DEBUG] [Move 8] MINIMAX: Root move 23: push eval=4.200000
[10:48:22.402] [DEBUG] [Move 8] MINIMAX: Beta cutoff at depth 3, move 1/105, alpha=-4.200000, beta=-4.200000
[10:48:22.402] [DEBUG] [Move 8] MINIMAX: Root move 24: flip eval=4.200000
[10:48:22.445] [DEBUG] [Move 8] MINIMAX: Beta cutoff at depth 3, move 1/105, alpha=-4.200000, beta=-4.200000
[10:48:22.445] [DEBUG] [Move 8] MINIMAX: Root move 25: flip eval=4.200000
[10:48:22.479] [DEBUG] [Move 8] MINIMAX: Beta cutoff at depth 3, move 1/120, alpha=-4.200000, beta=-4.200000
[10:48:22.479] [DEBUG] [Move 8] MINIMAX: Root move 26: move eval=4.200000
[10:48:22.512] [DEBUG] [Move 8] MINIMAX: Beta cutoff at depth 3, move 1/108, alpha=-4.200000, beta=-4.200000
[10:48:22.512] [DEBUG] [Move 8] MINIMAX: Root move 27: move eval=4.200000
[10:48:22.544] [DEBUG] [Move 8] MINIMAX: Beta cutoff at depth 3, move 1/102, alpha=-4.200000, beta=-4.200000
[10:48:22.544] [DEBUG] [Move 8] MINIMAX: Root move 28: move eval=4.200000
[10:48:22.571] [DEBUG] [Move 8] MINIMAX: Beta cutoff at depth 3, move 1/114, alpha=-4.200000, beta=-4.200000
[10:48:22.571] [DEBUG] [Move 8] MINIMAX: Root move 29: flip eval=4.200000
[10:48:22.606] [DEBUG] [Move 8] MINIMAX: Beta cutoff at depth 3, move 1/117, alpha=-4.200000, beta=-4.200000
[10:48:22.606] [DEBUG] [Move 8] MINIMAX: Root move 30: flip eval=4.200000
[10:48:22.628] [DEBUG] [Move 8] MINIMAX: Beta cutoff at depth 3, move 1/101, alpha=-4.200000, beta=-4.200000
[10:48:22.628] [DEBUG] [Move 8] MINIMAX: Root move 31: move eval=4.200000
[10:48:22.662] [DEBUG] [Move 8] MINIMAX: Beta cutoff at depth 3, move 1/109, alpha=-4.200000, beta=-4.200000
[10:48:22.662] [DEBUG] [Move 8] MINIMAX: Root move 32: push eval=4.200000
[10:48:22.680] [DEBUG] [Move 8] MINIMAX: Beta cutoff at depth 3, move 1/105, alpha=-4.200000, beta=-4.200000
[10:48:22.680] [DEBUG] [Move 8] MINIMAX: Root move 33: flip eval=4.200000
[10:48:22.702] [DEBUG] [Move 8] MINIMAX: Beta cutoff at depth 3, move 1/105, alpha=-4.200000, beta=-4.200000
[10:48:22.702] [DEBUG] [Move 8] MINIMAX: Root move 34: flip eval=4.200000
[10:48:22.719] [DEBUG] [Move 8] MINIMAX: Beta cutoff at depth 3, move 1/100, alpha=-4.200000, beta=-4.200000
[10:48:22.719] [DEBUG] [Move 8] MINIMAX: Root move 35: move eval=4.200000
[10:48:22.730] [DEBUG] [Move 8] MINIMAX: Beta cutoff at depth 3, move 1/105, alpha=-4.200000, beta=-4.200000
[10:48:22.730] [DEBUG] [Move 8] MINIMAX: Root move 36: flip eval=4.200000
[10:48:22.749] [DEBUG] [Move 8] MINIMAX: Beta cutoff at depth 3, move 1/105, alpha=-4.200000, beta=-4.200000
[10:48:22.749] [DEBUG] [Move 8] MINIMAX: Root move 37: flip eval=4.200000
[10:48:22.761] [DEBUG] [Move 8] MINIMAX: Beta cutoff at depth 3, move 1/102, alpha=-4.200000, beta=-4.200000
[10:48:22.761] [DEBUG] [Move 8] MINIMAX: Root move 38: move eval=4.200000
[10:48:22.769] [DEBUG] [Move 8] MINIMAX: Beta cutoff at depth 3, move 1/105, alpha=-4.200000, beta=-4.200000
[10:48:22.769] [DEBUG] [Move 8] MINIMAX: Root move 39: flip eval=4.200000
[10:48:22.785] [DEBUG] [Move 8] MINIMAX: Beta cutoff at depth 3, move 1/105, alpha=-4.200000, beta=-4.200000
[10:48:22.785] [DEBUG] [Move 8] MINIMAX: Root move 40: flip eval=4.200000
[10:48:22.795] [DEBUG] [Move 8] MINIMAX: Beta cutoff at depth 3, move 1/104, alpha=-4.200000, beta=-4.200000
[10:48:22.795] [DEBUG] [Move 8] MINIMAX: Root move 41: move eval=4.200000
[10:48:22.800] [DEBUG] [Move 8] MINIMAX: Beta cutoff at depth 3, move 1/106, alpha=-4.200000, beta=-4.200000
[10:48:22.800] [DEBUG] [Move 8] MINIMAX: Root move 42: push eval=4.200000
[10:48:22.807] [DEBUG] [Move 8] MINIMAX: Beta cutoff at depth 3, move 1/105, alpha=-4.200000, beta=-4.200000
[10:48:22.807] [DEBUG] [Move 8] MINIMAX: Root move 43: flip eval=4.200000
[10:48:22.818] [DEBUG] [Move 8] MINIMAX: Beta cutoff at depth 3, move 1/105, alpha=-4.200000, beta=-4.200000
[10:48:22.818] [DEBUG] [Move 8] MINIMAX: Root move 44: flip eval=4.200000
[10:48:22.826] [DEBUG] [Move 8] MINIMAX: Beta cutoff at depth 3, move 1/102, alpha=-4.200000, beta=-4.200000
[10:48:22.826] [DEBUG] [Move 8] MINIMAX: Root move 45: move eval=4.200000
[10:48:22.831] [DEBUG] [Move 8] MINIMAX: Beta cutoff at depth 3, move 1/108, alpha=-4.200000, beta=-4.200000
[10:48:22.831] [DEBUG] [Move 8] MINIMAX: Root move 46: move eval=4.200000
[10:48:22.836] [DEBUG] [Move 8] MINIMAX: Beta cutoff at depth 3, move 1/108, alpha=-4.200000, beta=-4.200000
[10:48:22.836] [DEBUG] [Move 8] MINIMAX: Root move 47: push eval=4.200000
[10:48:22.844] [DEBUG] [Move 8] MINIMAX: Beta cutoff at depth 3, move 1/114, alpha=-4.200000, beta=-4.200000
[10:48:22.844] [DEBUG] [Move 8] MINIMAX: Root move 48: flip eval=4.200000
[10:48:22.856] [DEBUG] [Move 8] MINIMAX: Beta cutoff at depth 3, move 1/105, alpha=-4.200000, beta=-4.200000
[10:48:22.856] [DEBUG] [Move 8] MINIMAX: Root move 49: flip eval=4.200000
[10:48:22.856] [DEBUG] [Move 8] MINIMAX: Root search complete - evaluated=49/49, cutoffs=0
[10:48:22.856] [DEBUG] [Move 8] MINIMAX: Depth 4 completed, nodes=12324, eval=4.200000, move=move
[10:48:22.856] [DEBUG] [Move 8] MINIMAX: Searching at depth 5
[10:48:22.997] [DEBUG] [Move 8] MINIMAX: New best at depth 4, move=move, eval=4.900001
[10:48:23.046] [DEBUG] [Move 8] MINIMAX: Beta cutoff at depth 3, move 1/48, alpha=-4.900001, beta=-4.900001
[10:48:23.096] [DEBUG] [Move 8] MINIMAX: Beta cutoff at depth 3, move 1/48, alpha=-4.900001, beta=-4.900001
[10:48:23.151] [DEBUG] [Move 8] MINIMAX: Beta cutoff at depth 3, move 1/48, alpha=-4.900001, beta=-4.900001
[10:48:23.218] [DEBUG] [Move 8] MINIMAX: Beta cutoff at depth 3, move 1/48, alpha=-4.900001, beta=-4.900001
[10:48:23.274] [DEBUG] [Move 8] MINIMAX: Beta cutoff at depth 3, move 1/48, alpha=-4.900001, beta=-4.900001
[10:48:23.274] [DEBUG] [Move 8] MINIMAX: TT HIT at depth 3, eval=-4.900001, move=move
[10:48:23.274] [DEBUG] [Move 8] MINIMAX: TT HIT at depth 3, eval=-4.900001, move=move
[10:48:23.274] [DEBUG] [Move 8] MINIMAX: TT HIT at depth 3, eval=-4.900001, move=move
[10:48:23.274] [DEBUG] [Move 8] MINIMAX: TT HIT at depth 3, eval=-4.900001, move=move
[10:48:23.274] [DEBUG] [Move 8] MINIMAX: TT HIT at depth 3, eval=-4.900001, move=move
[10:48:23.348] [DEBUG] [Move 8] MINIMAX: Beta cutoff at depth 3, move 1/48, alpha=-4.900001, beta=-4.900001
[10:48:23.428] [DEBUG] [Move 8] MINIMAX: Beta cutoff at depth 3, move 1/48, alpha=-4.900001, beta=-4.900001
[10:48:23.479] [DEBUG] [Move 8] MINIMAX: Beta cutoff at depth 3, move 1/52, alpha=-4.900001, beta=-4.900001
[10:48:23.535] [DEBUG] [Move 8] MINIMAX: Beta cutoff at depth 3, move 1/48, alpha=-4.900001, beta=-4.900001
[10:48:23.585] [DEBUG] [Move 8] MINIMAX: Beta cutoff at depth 3, move 1/48, alpha=-4.900001, beta=-4.900001
[10:48:23.632] [DEBUG] [Move 8] MINIMAX: Beta cutoff at depth 3, move 1/48, alpha=-4.900001, beta=-4.900001
[10:48:23.679] [DEBUG] [Move 8] MINIMAX: Beta cutoff at depth 3, move 1/48, alpha=-4.900001, beta=-4.900001
[10:48:23.723] [DEBUG] [Move 8] MINIMAX: Beta cutoff at depth 3, move 1/48, alpha=-4.900001, beta=-4.900001
[10:48:23.769] [DEBUG] [Move 8] MINIMAX: Beta cutoff at depth 3, move 1/48, alpha=-4.900001, beta=-4.900001
[10:48:23.819] [DEBUG] [Move 8] MINIMAX: Beta cutoff at depth 3, move 1/48, alpha=-4.900001, beta=-4.900001
[10:48:23.819] [DEBUG] [Move 8] MINIMAX: TT HIT at depth 3, eval=-4.900001, move=move
[10:48:23.819] [DEBUG] [Move 8] MINIMAX: TT HIT at depth 3, eval=-4.900001, move=move
[10:48:23.859] [DEBUG] [Move 8] MINIMAX: Beta cutoff at depth 3, move 1/48, alpha=-4.900001, beta=-4.900001
[10:48:23.929] [DEBUG] [Move 8] MINIMAX: Beta cutoff at depth 3, move 1/48, alpha=-4.900001, beta=-4.900001
[10:48:23.974] [DEBUG] [Move 8] MINIMAX: Beta cutoff at depth 3, move 1/48, alpha=-4.900001, beta=-4.900001
[10:48:24.017] [DEBUG] [Move 8] MINIMAX: Beta cutoff at depth 3, move 1/48, alpha=-4.900001, beta=-4.900001
[10:48:24.068] [DEBUG] [Move 8] MINIMAX: Beta cutoff at depth 3, move 1/48, alpha=-4.900001, beta=-4.900001
[10:48:24.107] [DEBUG] [Move 8] MINIMAX: Beta cutoff at depth 3, move 1/48, alpha=-4.900001, beta=-4.900001
[10:48:24.157] [DEBUG] [Move 8] MINIMAX: Beta cutoff at depth 3, move 1/48, alpha=-4.900001, beta=-4.900001
[10:48:24.157] [DEBUG] [Move 8] MINIMAX: TT HIT at depth 3, eval=-4.900001, move=move
[10:48:24.157] [DEBUG] [Move 8] MINIMAX: TT HIT at depth 3, eval=-4.900001, move=move
[10:48:24.198] [DEBUG] [Move 8] MINIMAX: Beta cutoff at depth 3, move 1/48, alpha=-4.900001, beta=-4.900001
[10:48:24.198] [DEBUG] [Move 8] MINIMAX: TT HIT at depth 3, eval=-4.900001, move=move
[10:48:24.198] [DEBUG] [Move 8] MINIMAX: TT HIT at depth 3, eval=-4.900001, move=move
[10:48:24.263] [DEBUG] [Move 8] MINIMAX: Beta cutoff at depth 3, move 2/48, alpha=-4.900001, beta=-4.900001
[10:48:24.301] [DEBUG] [Move 8] MINIMAX: Beta cutoff at depth 3, move 1/48, alpha=-4.900001, beta=-4.900001
[10:48:24.349] [DEBUG] [Move 8] MINIMAX: Beta cutoff at depth 3, move 1/47, alpha=-4.900001, beta=-4.900001
[10:48:24.383] [DEBUG] [Move 8] MINIMAX: New best at depth 4, move=move, eval=1000000.000000
[10:48:24.383] [DEBUG] [Move 8] MINIMAX: Beta cutoff at depth 4, move 39/105, alpha=1000000.000000, beta=1000000.000000
[10:48:24.383] [DEBUG] [Move 8] MINIMAX: Root move 1: move eval=-1000000.000000
[10:48:24.383] [DEBUG] [Move 8] MINIMAX: Timeout at root level after 1/49 moves
[10:48:24.383] [DEBUG] [Move 8] MINIMAX: Root search complete - evaluated=1/49, cutoffs=0
[10:48:24.383] [DEBUG] [Move 8] MINIMAX: Depth 5 completed, nodes=7000, eval=-1000000.000000, move=move
[10:48:24.383] [DEBUG] [Move 8] MINIMAX: Time limit reached at depth 6
[10:48:24.383] [INFO] [Move 8] MINIMAX: Search complete - depth=4, nodes=22275, TT_size=95635, time=3.000000s
[10:48:24.384] [DEBUG] [Move 8] VALIDATION DEBUG: Generated 49 legal moves for validation
[10:48:24.384] [DEBUG] [Move 8] VALIDATION DEBUG: Minimax returned move: move (0,1) -> (0,0)
[10:48:24.384] [DEBUG] [Move 8] VALIDATION DEBUG: Legal move 1: move (0,1) -> (0,0)
[10:48:24.384] [DEBUG] [Move 8] VALIDATION DEBUG: Legal move 2: move (0,1) -> (0,2)
[10:48:24.384] [DEBUG] [Move 8] VALIDATION DEBUG: Legal move 3: move (0,1) -> (1,1)
[10:48:24.384] [DEBUG] [Move 8] VALIDATION DEBUG: Legal move 4: flip (0,1) -> (0,1)
[10:48:24.384] [DEBUG] [Move 8] VALIDATION DEBUG: Legal move 5: flip (0,1) -> (0,1)
[10:48:24.384] [DEBUG] [Move 8] VALIDATION DEBUG: Move found in legal moves - SUCCESS!
[10:48:24.384] [DECISION] [Move 8] FINAL DECISION: move (0,1) -> (0,0) | Reasoning: Minimax search
[10:48:24.384] [DECISION] [Move 8] === MOVE DECISION END ===
[10:48:24.421] [DECISION] [Move 9] === MOVE DECISION START === Player: square, Board: 13x12, Time: 35.9833s (vs 59.9654s)
[10:48:24.421] [DEBUG] [Move 9] MINIMAX: Starting search for square, time=35.983337s
[10:48:24.423] [DEBUG] [Move 9] MINIMAX: Found 48 legal moves at root
[10:48:24.423] [DEBUG] [Move 9] MINIMAX: Starting iterative deepening
[10:48:24.423] [DEBUG] [Move 9] MINIMAX: Searching at depth 1
[10:48:24.423] [DEBUG] [Move 9] MINIMAX: Root move 1: move eval=-4.900001
[10:48:24.423] [DEBUG] [Move 9] MINIMAX: Alpha improved at root: -1000000.000000 -> -4.900001
[10:48:24.423] [DEBUG] [Move 9] MINIMAX: Root move 2: move eval=-4.900001
[10:48:24.423] [DEBUG] [Move 9] MINIMAX: Root move 3: flip eval=-4.900001
[10:48:24.423] [DEBUG] [Move 9] MINIMAX: Root move 4: flip eval=-4.900001
[10:48:24.423] [DEBUG] [Move 9] MINIMAX: Root move 5: move eval=-4.900001
[10:48:24.423] [DEBUG] [Move 9] MINIMAX: Root move 6: push eval=-4.900001
[10:48:24.423] [DEBUG] [Move 9] MINIMAX: Root move 7: flip eval=-4.900001
[10:48:24.423] [DEBUG] [Move 9] MINIMAX: Root move 8: flip eval=-4.900001
[10:48:24.423] [DEBUG] [Move 9] MINIMAX: Root move 9: push eval=-4.900001
[10:48:24.423] [DEBUG] [Move 9] MINIMAX: Root move 10: push eval=-4.900001
[10:48:24.423] [DEBUG] [Move 9] MINIMAX: Root move 11: flip eval=-4.900001
[10:48:24.423] [DEBUG] [Move 9] MINIMAX: Root move 12: flip eval=-4.900001
[10:48:24.423] [DEBUG] [Move 9] MINIMAX: Root move 13: push eval=-4.900001
[10:48:24.423] [DEBUG] [Move 9] MINIMAX: Root move 14: flip eval=-4.900001
[10:48:24.423] [DEBUG] [Move 9] MINIMAX: Root move 15: flip eval=-4.900001
[10:48:24.423] [DEBUG] [Move 9] MINIMAX: Root move 16: push eval=-4.900001
[10:48:24.423] [DEBUG] [Move 9] MINIMAX: Root move 17: push eval=-4.900001
[10:48:24.423] [DEBUG] [Move 9] MINIMAX: Root move 18: flip eval=-4.900001
[10:48:24.423] [DEBUG] [Move 9] MINIMAX: Root move 19: flip eval=-4.900001
[10:48:24.423] [DEBUG] [Move 9] MINIMAX: Root move 20: move eval=-4.900001
[10:48:24.423] [DEBUG] [Move 9] MINIMAX: Root move 21: move eval=-4.900001
[10:48:24.423] [DEBUG] [Move 9] MINIMAX: Root move 22: push eval=-4.900001
[10:48:24.423] [DEBUG] [Move 9] MINIMAX: Root move 23: flip eval=-4.900001
[10:48:24.423] [DEBUG] [Move 9] MINIMAX: Root move 24: flip eval=-4.900001
[10:48:24.423] [DEBUG] [Move 9] MINIMAX: Root move 25: move eval=-4.900001
[10:48:24.423] [DEBUG] [Move 9] MINIMAX: Root move 26: move eval=-4.900001
[10:48:24.423] [DEBUG] [Move 9] MINIMAX: Root move 27: move eval=-4.900001
[10:48:24.423] [DEBUG] [Move 9] MINIMAX: Root move 28: flip eval=-4.900001
[10:48:24.424] [DEBUG] [Move 9] MINIMAX: Root move 29: flip eval=-4.900001
[10:48:24.424] [DEBUG] [Move 9] MINIMAX: Root move 30: move eval=-4.900001
[10:48:24.424] [DEBUG] [Move 9] MINIMAX: Root move 31: push eval=-4.900001
[10:48:24.424] [DEBUG] [Move 9] MINIMAX: Root move 32: flip eval=-4.900001
[10:48:24.424] [DEBUG] [Move 9] MINIMAX: Root move 33: flip eval=-4.900001
[10:48:24.424] [DEBUG] [Move 9] MINIMAX: Root move 34: move eval=-4.900001
[10:48:24.424] [DEBUG] [Move 9] MINIMAX: Root move 35: flip eval=-4.900001
[10:48:24.424] [DEBUG] [Move 9] MINIMAX: Root move 36: flip eval=-4.900001
[10:48:24.424] [DEBUG] [Move 9] MINIMAX: Root move 37: move eval=-4.900001
[10:48:24.424] [DEBUG] [Move 9] MINIMAX: Root move 38: flip eval=-4.900001
[10:48:24.424] [DEBUG] [Move 9] MINIMAX: Root move 39: flip eval=-4.900001
[10:48:24.424] [DEBUG] [Move 9] MINIMAX: Root move 40: move eval=-4.900001
[10:48:24.424] [DEBUG] [Move 9] MINIMAX: Root move 41: push eval=-4.900001
[10:48:24.424] [DEBUG] [Move 9] MINIMAX: Root move 42: flip eval=-4.900001
[10:48:24.424] [DEBUG] [Move 9] MINIMAX: Root move 43: flip eval=-4.900001
[10:48:24.424] [DEBUG] [Move 9] MINIMAX: Root move 44: move eval=-4.900001
[10:48:24.424] [DEBUG] [Move 9] MINIMAX: Root move 45: move eval=-4.900001
[10:48:24.424] [DEBUG] [Move 9] MINIMAX: Root move 46: push eval=-4.900001
[10:48:24.424] [DEBUG] [Move 9] MINIMAX: Root move 47: flip eval=-4.900001
[10:48:24.424] [DEBUG] [Move 9] MINIMAX: Root move 48: flip eval=-4.900001
[10:48:24.424] [DEBUG] [Move 9] MINIMAX: Root search complete - evaluated=48/48, cutoffs=0
[10:48:24.424] [DEBUG] [Move 9] MINIMAX: Depth 1 completed, nodes=48, eval=-4.900001, move=move
[10:48:24.424] [DEBUG] [Move 9] MINIMAX: Searching at depth 2
[10:48:24.426] [DEBUG] [Move 9] MINIMAX: Root move 1: move eval=4.200000
[10:48:24.426] [DEBUG] [Move 9] MINIMAX: Alpha improved at root: -1000000.000000 -> 4.200000
[10:48:24.428] [DEBUG] [Move 9] MINIMAX: Root move 2: move eval=4.200000
[10:48:24.429] [DEBUG] [Move 9] MINIMAX: Root move 3: flip eval=4.200000
[10:48:24.431] [DEBUG] [Move 9] MINIMAX: Root move 4: flip eval=4.200000
[10:48:24.433] [DEBUG] [Move 9] MINIMAX: Root move 5: move eval=4.200000
[10:48:24.435] [DEBUG] [Move 9] MINIMAX: Root move 6: push eval=4.200000
[10:48:24.436] [DEBUG] [Move 9] MINIMAX: Root move 7: flip eval=4.200000
[10:48:24.438] [DEBUG] [Move 9] MINIMAX: Root move 8: flip eval=4.200000
[10:48:24.439] [DEBUG] [Move 9] MINIMAX: Root move 9: push eval=4.200000
[10:48:24.439] [DEBUG] [Move 9] MINIMAX: Root move 10: push eval=4.200000
[10:48:24.440] [DEBUG] [Move 9] MINIMAX: Root move 11: flip eval=4.200000
[10:48:24.441] [DEBUG] [Move 9] MINIMAX: Root move 12: flip eval=4.200000
[10:48:24.442] [DEBUG] [Move 9] MINIMAX: Root move 13: push eval=4.200000
[10:48:24.443] [DEBUG] [Move 9] MINIMAX: Root move 14: flip eval=4.200000
[10:48:24.444] [DEBUG] [Move 9] MINIMAX: Root move 15: flip eval=4.200000
[10:48:24.445] [DEBUG] [Move 9] MINIMAX: Root move 16: push eval=4.200000
[10:48:24.445] [DEBUG] [Move 9] MINIMAX: Root move 17: push eval=4.200000
[10:48:24.446] [DEBUG] [Move 9] MINIMAX: Root move 18: flip eval=4.200000
[10:48:24.446] [DEBUG] [Move 9] MINIMAX: Root move 19: flip eval=4.200000
[10:48:24.447] [DEBUG] [Move 9] MINIMAX: Root move 20: move eval=4.200000
[10:48:24.448] [DEBUG] [Move 9] MINIMAX: Root move 21: move eval=4.200000
[10:48:24.448] [DEBUG] [Move 9] MINIMAX: Root move 22: push eval=4.200000
[10:48:24.449] [DEBUG] [Move 9] MINIMAX: Root move 23: flip eval=4.200000
[10:48:24.450] [DEBUG] [Move 9] MINIMAX: Root move 24: flip eval=4.200000
[10:48:24.450] [DEBUG] [Move 9] MINIMAX: Root move 25: move eval=4.200000
[10:48:24.451] [DEBUG] [Move 9] MINIMAX: Root move 26: move eval=4.200000
[10:48:24.452] [DEBUG] [Move 9] MINIMAX: Root move 27: move eval=4.200000
[10:48:24.453] [DEBUG] [Move 9] MINIMAX: Root move 28: flip eval=4.200000
[10:48:24.454] [DEBUG] [Move 9] MINIMAX: Root move 29: flip eval=4.200000
[10:48:24.454] [DEBUG] [Move 9] MINIMAX: Root move 30: move eval=4.200000
[10:48:24.455] [DEBUG] [Move 9] MINIMAX: Root move 31: push eval=4.200000
[10:48:24.456] [DEBUG] [Move 9] MINIMAX: Root move 32: flip eval=4.200000
[10:48:24.457] [DEBUG] [Move 9] MINIMAX: Root move 33: flip eval=4.200000
[10:48:24.457] [DEBUG] [Move 9] MINIMAX: Root move 34: move eval=4.200000
[10:48:24.458] [DEBUG] [Move 9] MINIMAX: Root move 35: flip eval=4.200000
[10:48:24.459] [DEBUG] [Move 9] MINIMAX: Root move 36: flip eval=4.200000
[10:48:24.459] [DEBUG] [Move 9] MINIMAX: Root move 37: move eval=4.200000
[10:48:24.460] [DEBUG] [Move 9] MINIMAX: Root move 38: flip eval=4.200000
[10:48:24.461] [DEBUG] [Move 9] MINIMAX: Root move 39: flip eval=4.200000
[10:48:24.462] [DEBUG] [Move 9] MINIMAX: Root move 40: move eval=4.200000
[10:48:24.462] [DEBUG] [Move 9] MINIMAX: Root move 41: push eval=4.200000
[10:48:24.463] [DEBUG] [Move 9] MINIMAX: Root move 42: flip eval=4.200000
[10:48:24.464] [DEBUG] [Move 9] MINIMAX: Root move 43: flip eval=4.200000
[10:48:24.464] [DEBUG] [Move 9] MINIMAX: Root move 44: move eval=4.200000
[10:48:24.465] [DEBUG] [Move 9] MINIMAX: Root move 45: move eval=4.200000
[10:48:24.466] [DEBUG] [Move 9] MINIMAX: Root move 46: push eval=4.200000
[10:48:24.466] [DEBUG] [Move 9] MINIMAX: Root move 47: flip eval=4.200000
[10:48:24.467] [DEBUG] [Move 9] MINIMAX: Root move 48: flip eval=4.200000
[10:48:24.467] [DEBUG] [Move 9] MINIMAX: Root search complete - evaluated=48/48, cutoffs=0
[10:48:24.467] [DEBUG] [Move 9] MINIMAX: Depth 2 completed, nodes=191, eval=4.200000, move=move
[10:48:24.467] [DEBUG] [Move 9] MINIMAX: Searching at depth 3
[10:48:24.512] [DEBUG] [Move 9] MINIMAX: Root move 1: move eval=-4.900001
[10:48:24.512] [DEBUG] [Move 9] MINIMAX: Alpha improved at root: -1000000.000000 -> -4.900001
[10:48:24.514] [DEBUG] [Move 9] MINIMAX: Root move 2: move eval=-4.900001
[10:48:24.516] [DEBUG] [Move 9] MINIMAX: Root move 3: flip eval=-4.900001
[10:48:24.517] [DEBUG] [Move 9] MINIMAX: Root move 4: flip eval=-4.900001
[10:48:24.519] [DEBUG] [Move 9] MINIMAX: Root move 5: move eval=-4.900001
[10:48:24.521] [DEBUG] [Move 9] MINIMAX: Root move 6: push eval=-4.900001
[10:48:24.524] [DEBUG] [Move 9] MINIMAX: Root move 7: flip eval=-4.900001
[10:48:24.526] [DEBUG] [Move 9] MINIMAX: Root move 8: flip eval=-4.900001
[10:48:24.529] [DEBUG] [Move 9] MINIMAX: Root move 9: push eval=-4.900001
[10:48:24.529] [DEBUG] [Move 9] MINIMAX: Root move 10: push eval=-4.900001
[10:48:24.532] [DEBUG] [Move 9] MINIMAX: Root move 11: flip eval=-4.900001
[10:48:24.535] [DEBUG] [Move 9] MINIMAX: Root move 12: flip eval=-4.900001
[10:48:24.538] [DEBUG] [Move 9] MINIMAX: Root move 13: push eval=-4.900001
[10:48:24.541] [DEBUG] [Move 9] MINIMAX: Root move 14: flip eval=-4.900001
[10:48:24.544] [DEBUG] [Move 9] MINIMAX: Root move 15: flip eval=-4.900001
[10:48:24.546] [DEBUG] [Move 9] MINIMAX: Root move 16: push eval=-4.900001
[10:48:24.546] [DEBUG] [Move 9] MINIMAX: Root move 17: push eval=-4.900001
[10:48:24.549] [DEBUG] [Move 9] MINIMAX: Root move 18: flip eval=-4.900001
[10:48:24.551] [DEBUG] [Move 9] MINIMAX: Root move 19: flip eval=-4.900001
[10:48:24.553] [DEBUG] [Move 9] MINIMAX: Root move 20: move eval=-4.900001
[10:48:24.556] [DEBUG] [Move 9] MINIMAX: Root move 21: move eval=-4.900001
[10:48:24.559] [DEBUG] [Move 9] MINIMAX: Root move 22: push eval=-4.900001
[10:48:24.562] [DEBUG] [Move 9] MINIMAX: Root move 23: flip eval=-4.900001
[10:48:24.565] [DEBUG] [Move 9] MINIMAX: Root move 24: flip eval=-4.900001
[10:48:24.568] [DEBUG] [Move 9] MINIMAX: Root move 25: move eval=-4.900001
[10:48:24.571] [DEBUG] [Move 9] MINIMAX: Root move 26: move eval=-4.900001
[10:48:24.573] [DEBUG] [Move 9] MINIMAX: Root move 27: move eval=-4.900001
[10:48:24.575] [DEBUG] [Move 9] MINIMAX: Root move 28: flip eval=-4.900001
[10:48:24.577] [DEBUG] [Move 9] MINIMAX: Root move 29: flip eval=-4.900001
[10:48:24.579] [DEBUG] [Move 9] MINIMAX: Root move 30: move eval=-4.900001
[10:48:24.581] [DEBUG] [Move 9] MINIMAX: Root move 31: push eval=-4.900001
[10:48:24.583] [DEBUG] [Move 9] MINIMAX: Root move 32: flip eval=-4.900001
[10:48:24.585] [DEBUG] [Move 9] MINIMAX: Root move 33: flip eval=-4.900001
[10:48:24.586] [DEBUG] [Move 9] MINIMAX: Root move 34: move eval=-4.900001
[10:48:24.588] [DEBUG] [Move 9] MINIMAX: Root move 35: flip eval=-4.900001
[10:48:24.589] [DEBUG] [Move 9] MINIMAX: Root move 36: flip eval=-4.900001
[10:48:24.591] [DEBUG] [Move 9] MINIMAX: Root move 37: move eval=-4.900001
[10:48:24.592] [DEBUG] [Move 9] MINIMAX: Root move 38: flip eval=-4.900001
[10:48:24.594] [DEBUG] [Move 9] MINIMAX: Root move 39: flip eval=-4.900001
[10:48:24.596] [DEBUG] [Move 9] MINIMAX: Root move 40: move eval=-4.900001
[10:48:24.597] [DEBUG] [Move 9] MINIMAX: Root move 41: push eval=-4.900001
[10:48:24.599] [DEBUG] [Move 9] MINIMAX: Root move 42: flip eval=-4.900001
[10:48:24.601] [DEBUG] [Move 9] MINIMAX: Root move 43: flip eval=-4.900001
[10:48:24.603] [DEBUG] [Move 9] MINIMAX: Root move 44: move eval=-4.900001
[10:48:24.604] [DEBUG] [Move 9] MINIMAX: Root move 45: move eval=-4.900001
[10:48:24.606] [DEBUG] [Move 9] MINIMAX: Root move 46: push eval=-4.900001
[10:48:24.607] [DEBUG] [Move 9] MINIMAX: Root move 47: flip eval=-4.900001
[10:48:24.609] [DEBUG] [Move 9] MINIMAX: Root move 48: flip eval=-4.900001
[10:48:24.609] [DEBUG] [Move 9] MINIMAX: Root search complete - evaluated=48/48, cutoffs=0
[10:48:24.609] [DEBUG] [Move 9] MINIMAX: Depth 3 completed, nodes=2653, eval=-4.900001, move=move
[10:48:24.609] [DEBUG] [Move 9] MINIMAX: Searching at depth 4
[10:48:24.835] [DEBUG] [Move 9] MINIMAX: Root move 1: move eval=4.200000
[10:48:24.835] [DEBUG] [Move 9] MINIMAX: Alpha improved at root: -1000000.000000 -> 4.200000
[10:48:24.879] [DEBUG] [Move 9] MINIMAX: Beta cutoff at depth 3, move 1/98, alpha=-4.200000, beta=-4.200000
[10:48:24.879] [DEBUG] [Move 9] MINIMAX: Root move 2: move eval=4.200000
[10:48:24.911] [DEBUG] [Move 9] MINIMAX: Beta cutoff at depth 3, move 1/98, alpha=-4.200000, beta=-4.200000
[10:48:24.911] [DEBUG] [Move 9] MINIMAX: Root move 3: flip eval=4.200000
[10:48:24.968] [DEBUG] [Move 9] MINIMAX: Beta cutoff at depth 3, move 1/98, alpha=-4.200000, beta=-4.200000
[10:48:24.968] [DEBUG] [Move 9] MINIMAX: Root move 4: flip eval=4.200000
[10:48:25.006] [DEBUG] [Move 9] MINIMAX: Beta cutoff at depth 3, move 1/98, alpha=-4.200000, beta=-4.200000
[10:48:25.006] [DEBUG] [Move 9] MINIMAX: Root move 5: move eval=4.200000
[10:48:25.033] [DEBUG] [Move 9] MINIMAX: Beta cutoff at depth 3, move 1/98, alpha=-4.200000, beta=-4.200000
[10:48:25.034] [DEBUG] [Move 9] MINIMAX: Root move 6: push eval=4.200000
[10:48:25.069] [DEBUG] [Move 9] MINIMAX: Beta cutoff at depth 3, move 1/98, alpha=-4.200000, beta=-4.200000
[10:48:25.069] [DEBUG] [Move 9] MINIMAX: Root move 7: flip eval=4.200000
[10:48:25.099] [DEBUG] [Move 9] MINIMAX: Beta cutoff at depth 3, move 1/98, alpha=-4.200000, beta=-4.200000
[10:48:25.100] [DEBUG] [Move 9] MINIMAX: Root move 8: flip eval=4.200000
[10:48:25.130] [DEBUG] [Move 9] MINIMAX: Beta cutoff at depth 3, move 1/98, alpha=-4.200000, beta=-4.200000
[10:48:25.130] [DEBUG] [Move 9] MINIMAX: Root move 9: push eval=4.200000
[10:48:25.130] [DEBUG] [Move 9] MINIMAX: TT HIT at depth 3, eval=-4.200000, move=move
[10:48:25.130] [DEBUG] [Move 9] MINIMAX: Root move 10: push eval=4.200000
[10:48:25.166] [DEBUG] [Move 9] MINIMAX: Beta cutoff at depth 3, move 1/98, alpha=-4.200000, beta=-4.200000
[10:48:25.166] [DEBUG] [Move 9] MINIMAX: Root move 11: flip eval=4.200000
[10:48:25.202] [DEBUG] [Move 9] MINIMAX: Beta cutoff at depth 3, move 1/98, alpha=-4.200000, beta=-4.200000
[10:48:25.202] [DEBUG] [Move 9] MINIMAX: Root move 12: flip eval=4.200000
[10:48:25.228] [DEBUG] [Move 9] MINIMAX: Beta cutoff at depth 3, move 1/98, alpha=-4.200000, beta=-4.200000
[10:48:25.228] [DEBUG] [Move 9] MINIMAX: Root move 13: push eval=4.200000
[10:48:25.262] [DEBUG] [Move 9] MINIMAX: Beta cutoff at depth 3, move 1/98, alpha=-4.200000, beta=-4.200000
[10:48:25.262] [DEBUG] [Move 9] MINIMAX: Root move 14: flip eval=4.200000
[10:48:25.292] [DEBUG] [Move 9] MINIMAX: Beta cutoff at depth 3, move 1/98, alpha=-4.200000, beta=-4.200000
[10:48:25.293] [DEBUG] [Move 9] MINIMAX: Root move 15: flip eval=4.200000
[10:48:25.320] [DEBUG] [Move 9] MINIMAX: Beta cutoff at depth 3, move 1/98, alpha=-4.200000, beta=-4.200000
[10:48:25.320] [DEBUG] [Move 9] MINIMAX: Root move 16: push eval=4.200000
[10:48:25.321] [DEBUG] [Move 9] MINIMAX: TT HIT at depth 3, eval=-4.200000, move=move
[10:48:25.321] [DEBUG] [Move 9] MINIMAX: Root move 17: push eval=4.200000
[10:48:25.355] [DEBUG] [Move 9] MINIMAX: Beta cutoff at depth 3, move 1/98, alpha=-4.200000, beta=-4.200000
[10:48:25.355] [DEBUG] [Move 9] MINIMAX: Root move 18: flip eval=4.200000
[10:48:25.382] [DEBUG] [Move 9] MINIMAX: Beta cutoff at depth 3, move 1/98, alpha=-4.200000, beta=-4.200000
[10:48:25.382] [DEBUG] [Move 9] MINIMAX: Root move 19: flip eval=4.200000
[10:48:25.404] [DEBUG] [Move 9] MINIMAX: Beta cutoff at depth 3, move 1/98, alpha=-4.200000, beta=-4.200000
[10:48:25.404] [DEBUG] [Move 9] MINIMAX: Root move 20: move eval=4.200000
[10:48:25.426] [DEBUG] [Move 9] MINIMAX: Beta cutoff at depth 3, move 1/98, alpha=-4.200000, beta=-4.200000
[10:48:25.426] [DEBUG] [Move 9] MINIMAX: Root move 21: move eval=4.200000
[10:48:25.444] [DEBUG] [Move 9] MINIMAX: Beta cutoff at depth 3, move 1/98, alpha=-4.200000, beta=-4.200000
[10:48:25.444] [DEBUG] [Move 9] MINIMAX: Root move 22: push eval=4.200000
[10:48:25.466] [DEBUG] [Move 9] MINIMAX: Beta cutoff at depth 3, move 1/98, alpha=-4.200000, beta=-4.200000
[10:48:25.466] [DEBUG] [Move 9] MINIMAX: Root move 23: flip eval=4.200000
[10:48:25.490] [DEBUG] [Move 9] MINIMAX: Beta cutoff at depth 3, move 1/98, alpha=-4.200000, beta=-4.200000
[10:48:25.490] [DEBUG] [Move 9] MINIMAX: Root move 24: flip eval=4.200000
[10:48:25.516] [DEBUG] [Move 9] MINIMAX: Beta cutoff at depth 3, move 1/103, alpha=-4.200000, beta=-4.200000
[10:48:25.516] [DEBUG] [Move 9] MINIMAX: Root move 25: move eval=4.200000
[10:48:25.533] [DEBUG] [Move 9] MINIMAX: Beta cutoff at depth 3, move 1/99, alpha=-4.200000, beta=-4.200000
[10:48:25.533] [DEBUG] [Move 9] MINIMAX: Root move 26: move eval=4.200000
[10:48:25.551] [DEBUG] [Move 9] MINIMAX: Beta cutoff at depth 3, move 1/97, alpha=-4.200000, beta=-4.200000
[10:48:25.551] [DEBUG] [Move 9] MINIMAX: Root move 27: move eval=4.200000
[10:48:25.569] [DEBUG] [Move 9] MINIMAX: Beta cutoff at depth 3, move 1/101, alpha=-4.200000, beta=-4.200000
[10:48:25.569] [DEBUG] [Move 9] MINIMAX: Root move 28: flip eval=4.200000
[10:48:25.592] [DEBUG] [Move 9] MINIMAX: Beta cutoff at depth 3, move 1/102, alpha=-4.200000, beta=-4.200000
[10:48:25.592] [DEBUG] [Move 9] MINIMAX: Root move 29: flip eval=4.200000
[10:48:25.608] [DEBUG] [Move 9] MINIMAX: Beta cutoff at depth 3, move 1/94, alpha=-4.200000, beta=-4.200000
[10:48:25.609] [DEBUG] [Move 9] MINIMAX: Root move 30: move eval=4.200000
[10:48:25.626] [DEBUG] [Move 9] MINIMAX: Beta cutoff at depth 3, move 1/102, alpha=-4.200000, beta=-4.200000
[10:48:25.626] [DEBUG] [Move 9] MINIMAX: Root move 31: push eval=4.200000
[10:48:25.641] [DEBUG] [Move 9] MINIMAX: Beta cutoff at depth 3, move 1/98, alpha=-4.200000, beta=-4.200000
[10:48:25.641] [DEBUG] [Move 9] MINIMAX: Root move 32: flip eval=4.200000
[10:48:25.660] [DEBUG] [Move 9] MINIMAX: Beta cutoff at depth 3, move 1/98, alpha=-4.200000, beta=-4.200000
[10:48:25.660] [DEBUG] [Move 9] MINIMAX: Root move 33: flip eval=4.200000
[10:48:25.676] [DEBUG] [Move 9] MINIMAX: Beta cutoff at depth 3, move 1/93, alpha=-4.200000, beta=-4.200000
[10:48:25.676] [DEBUG] [Move 9] MINIMAX: Root move 34: move eval=4.200000
[10:48:25.693] [DEBUG] [Move 9] MINIMAX: Beta cutoff at depth 3, move 1/98, alpha=-4.200000, beta=-4.200000
[10:48:25.693] [DEBUG] [Move 9] MINIMAX: Root move 35: flip eval=4.200000
[10:48:25.720] [DEBUG] [Move 9] MINIMAX: Beta cutoff at depth 3, move 1/98, alpha=-4.200000, beta=-4.200000
[10:48:25.720] [DEBUG] [Move 9] MINIMAX: Root move 36: flip eval=4.200000
[10:48:25.736] [DEBUG] [Move 9] MINIMAX: Beta cutoff at depth 3, move 1/95, alpha=-4.200000, beta=-4.200000
[10:48:25.737] [DEBUG] [Move 9] MINIMAX: Root move 37: move eval=4.200000
[10:48:25.752] [DEBUG] [Move 9] MINIMAX: Beta cutoff at depth 3, move 1/98, alpha=-4.200000, beta=-4.200000
[10:48:25.752] [DEBUG] [Move 9] MINIMAX: Root move 38: flip eval=4.200000
[10:48:25.770] [DEBUG] [Move 9] MINIMAX: Beta cutoff at depth 3, move 1/98, alpha=-4.200000, beta=-4.200000
[10:48:25.770] [DEBUG] [Move 9] MINIMAX: Root move 39: flip eval=4.200000
[10:48:25.780] [DEBUG] [Move 9] MINIMAX: Beta cutoff at depth 3, move 1/97, alpha=-4.200000, beta=-4.200000
[10:48:25.780] [DEBUG] [Move 9] MINIMAX: Root move 40: move eval=4.200000
[10:48:25.790] [DEBUG] [Move 9] MINIMAX: Beta cutoff at depth 3, move 1/99, alpha=-4.200000, beta=-4.200000
[10:48:25.790] [DEBUG] [Move 9] MINIMAX: Root move 41: push eval=4.200000
[10:48:25.802] [DEBUG] [Move 9] MINIMAX: Beta cutoff at depth 3, move 1/98, alpha=-4.200000, beta=-4.200000
[10:48:25.802] [DEBUG] [Move 9] MINIMAX: Root move 42: flip eval=4.200000
[10:48:25.826] [DEBUG] [Move 9] MINIMAX: Beta cutoff at depth 3, move 1/98, alpha=-4.200000, beta=-4.200000
[10:48:25.826] [DEBUG] [Move 9] MINIMAX: Root move 43: flip eval=4.200000
[10:48:25.833] [DEBUG] [Move 9] MINIMAX: Beta cutoff at depth 3, move 1/95, alpha=-4.200000, beta=-4.200000
[10:48:25.833] [DEBUG] [Move 9] MINIMAX: Root move 44: move eval=4.200000
[10:48:25.838] [DEBUG] [Move 9] MINIMAX: Beta cutoff at depth 3, move 1/101, alpha=-4.200000, beta=-4.200000
[10:48:25.838] [DEBUG] [Move 9] MINIMAX: Root move 45: move eval=4.200000
[10:48:25.843] [DEBUG] [Move 9] MINIMAX: Beta cutoff at depth 3, move 1/101, alpha=-4.200000, beta=-4.200000
[10:48:25.843] [DEBUG] [Move 9] MINIMAX: Root move 46: push eval=4.200000
[10:48:25.850] [DEBUG] [Move 9] MINIMAX: Beta cutoff at depth 3, move 1/107, alpha=-4.200000, beta=-4.200000
[10:48:25.850] [DEBUG] [Move 9] MINIMAX: Root move 47: flip eval=4.200000
[10:48:25.858] [DEBUG] [Move 9] MINIMAX: Beta cutoff at depth 3, move 1/98, alpha=-4.200000, beta=-4.200000
[10:48:25.858] [DEBUG] [Move 9] MINIMAX: Root move 48: flip eval=4.200000
[10:48:25.858] [DEBUG] [Move 9] MINIMAX: Root search complete - evaluated=48/48, cutoffs=0
[10:48:25.858] [DEBUG] [Move 9] MINIMAX: Depth 4 completed, nodes=11646, eval=4.200000, move=move
[10:48:25.858] [DEBUG] [Move 9] MINIMAX: Searching at depth 5
[10:48:25.989] [DEBUG] [Move 9] MINIMAX: New best at depth 4, move=move, eval=4.900001
[10:48:26.066] [DEBUG] [Move 9] MINIMAX: Beta cutoff at depth 3, move 1/49, alpha=-4.900001, beta=-4.900001
[10:48:26.120] [DEBUG] [Move 9] MINIMAX: Beta cutoff at depth 3, move 1/49, alpha=-4.900001, beta=-4.900001
[10:48:26.170] [DEBUG] [Move 9] MINIMAX: Beta cutoff at depth 3, move 1/49, alpha=-4.900001, beta=-4.900001
[10:48:26.222] [DEBUG] [Move 9] MINIMAX: Beta cutoff at depth 3, move 1/49, alpha=-4.900001, beta=-4.900001
[10:48:26.276] [DEBUG] [Move 9] MINIMAX: Beta cutoff at depth 3, move 1/49, alpha=-4.900001, beta=-4.900001
[10:48:26.326] [DEBUG] [Move 9] MINIMAX: Beta cutoff at depth 3, move 1/49, alpha=-4.900001, beta=-4.900001
[10:48:26.375] [DEBUG] [Move 9] MINIMAX: Beta cutoff at depth 3, move 1/49, alpha=-4.900001, beta=-4.900001
[10:48:26.426] [DEBUG] [Move 9] MINIMAX: Beta cutoff at depth 3, move 1/54, alpha=-4.900001, beta=-4.900001
[10:48:26.470] [DEBUG] [Move 9] MINIMAX: Beta cutoff at depth 3, move 1/49, alpha=-4.900001, beta=-4.900001
[10:48:26.516] [DEBUG] [Move 9] MINIMAX: Beta cutoff at depth 3, move 1/49, alpha=-4.900001, beta=-4.900001
[10:48:26.568] [DEBUG] [Move 9] MINIMAX: Beta cutoff at depth 3, move 1/49, alpha=-4.900001, beta=-4.900001
[10:48:26.624] [DEBUG] [Move 9] MINIMAX: Beta cutoff at depth 3, move 1/49, alpha=-4.900001, beta=-4.900001
[10:48:26.690] [DEBUG] [Move 9] MINIMAX: Beta cutoff at depth 3, move 1/49, alpha=-4.900001, beta=-4.900001
[10:48:26.756] [DEBUG] [Move 9] MINIMAX: Beta cutoff at depth 3, move 1/49, alpha=-4.900001, beta=-4.900001
[10:48:26.801] [DEBUG] [Move 9] MINIMAX: Beta cutoff at depth 3, move 1/49, alpha=-4.900001, beta=-4.900001
[10:48:26.841] [DEBUG] [Move 9] MINIMAX: Beta cutoff at depth 3, move 1/49, alpha=-4.900001, beta=-4.900001
[10:48:26.841] [DEBUG] [Move 9] MINIMAX: TT HIT at depth 3, eval=-4.900001, move=move
[10:48:26.841] [DEBUG] [Move 9] MINIMAX: TT HIT at depth 3, eval=-4.900001, move=move
[10:48:26.893] [DEBUG] [Move 9] MINIMAX: Beta cutoff at depth 3, move 1/49, alpha=-4.900001, beta=-4.900001
[10:48:26.956] [DEBUG] [Move 9] MINIMAX: Beta cutoff at depth 3, move 1/49, alpha=-4.900001, beta=-4.900001
[10:48:27.015] [DEBUG] [Move 9] MINIMAX: Beta cutoff at depth 3, move 1/49, alpha=-4.900001, beta=-4.900001
[10:48:27.058] [DEBUG] [Move 9] MINIMAX: Beta cutoff at depth 3, move 1/49, alpha=-4.900001, beta=-4.900001
[10:48:27.099] [DEBUG] [Move 9] MINIMAX: Beta cutoff at depth 3, move 1/49, alpha=-4.900001, beta=-4.900001
[10:48:27.136] [DEBUG] [Move 9] MINIMAX: Beta cutoff at depth 3, move 1/49, alpha=-4.900001, beta=-4.900001
[10:48:27.176] [DEBUG] [Move 9] MINIMAX: Beta cutoff at depth 3, move 1/49, alpha=-4.900001, beta=-4.900001
[10:48:27.176] [DEBUG] [Move 9] MINIMAX: TT HIT at depth 3, eval=-4.900001, move=move
[10:48:27.176] [DEBUG] [Move 9] MINIMAX: TT HIT at depth 3, eval=-4.900001, move=move
[10:48:27.212] [DEBUG] [Move 9] MINIMAX: Beta cutoff at depth 3, move 1/49, alpha=-4.900001, beta=-4.900001
[10:48:27.212] [DEBUG] [Move 9] MINIMAX: TT HIT at depth 3, eval=-4.900001, move=move
[10:48:27.212] [DEBUG] [Move 9] MINIMAX: TT HIT at depth 3, eval=-4.900001, move=move
[10:48:27.212] [DEBUG] [Move 9] MINIMAX: TT HIT at depth 3, eval=-4.900001, move=move
[10:48:27.250] [DEBUG] [Move 9] MINIMAX: Beta cutoff at depth 3, move 1/49, alpha=-4.900001, beta=-4.900001
[10:48:27.301] [DEBUG] [Move 9] MINIMAX: Beta cutoff at depth 3, move 1/48, alpha=-4.900001, beta=-4.900001
[10:48:27.417] [DEBUG] [Move 9] MINIMAX: Beta cutoff at depth 3, move 2/49, alpha=-4.900001, beta=-4.900001
[10:48:27.422] [DEBUG] [Move 9] MINIMAX: New best at depth 4, move=move, eval=1000000.000000
[10:48:27.422] [DEBUG] [Move 9] MINIMAX: Beta cutoff at depth 4, move 36/98, alpha=1000000.000000, beta=1000000.000000
[10:48:27.422] [DEBUG] [Move 9] MINIMAX: Root move 1: move eval=-1000000.000000
[10:48:27.422] [DEBUG] [Move 9] MINIMAX: Timeout at root level after 1/48 moves
[10:48:27.422] [DEBUG] [Move 9] MINIMAX: Root search complete - evaluated=1/48, cutoffs=0
[10:48:27.422] [DEBUG] [Move 9] MINIMAX: Depth 5 completed, nodes=7138, eval=-1000000.000000, move=move
[10:48:27.422] [DEBUG] [Move 9] MINIMAX: Time limit reached at depth 6
[10:48:27.422] [INFO] [Move 9] MINIMAX: Search complete - depth=4, nodes=21676, TT_size=104651, time=3.000000s
[10:48:27.423] [DEBUG] [Move 9] VALIDATION DEBUG: Generated 48 legal moves for validation
[10:48:27.423] [DEBUG] [Move 9] VALIDATION DEBUG: Minimax returned move: move (0,0) -> (0,1)
[10:48:27.423] [DEBUG] [Move 9] VALIDATION DEBUG: Legal move 1: move (0,0) -> (0,1)
[10:48:27.423] [DEBUG] [Move 9] VALIDATION DEBUG: Legal move 2: move (0,0) -> (1,0)
[10:48:27.423] [DEBUG] [Move 9] VALIDATION DEBUG: Legal move 3: flip (0,0) -> (0,0)
[10:48:27.423] [DEBUG] [Move 9] VALIDATION DEBUG: Legal move 4: flip (0,0) -> (0,0)
[10:48:27.423] [DEBUG] [Move 9] VALIDATION DEBUG: Legal move 5: move (4,3) -> (3,3)
[10:48:27.423] [DEBUG] [Move 9] VALIDATION DEBUG: Move found in legal moves - SUCCESS!
[10:48:27.423] [DECISION] [Move 9] FINAL DECISION: move (0,0) -> (0,1) | Reasoning: Minimax search
[10:48:27.423] [DECISION] [Move 9] === MOVE DECISION END ===
[10:48:27.460] [DECISION] [Move 10] === MOVE DECISION START === Player: square, Board: 13x12, Time: 32.9807s (vs 59.9612s)
[10:48:27.461] [DEBUG] [Move 10] MINIMAX: Starting search for square, time=32.980705s
[10:48:27.462] [DEBUG] [Move 10] MINIMAX: Found 49 legal moves at root
[10:48:27.462] [DEBUG] [Move 10] MINIMAX: Starting iterative deepening
[10:48:27.462] [DEBUG] [Move 10] MINIMAX: Searching at depth 1
[10:48:27.463] [DEBUG] [Move 10] MINIMAX: Root move 1: move eval=-4.900001
[10:48:27.463] [DEBUG] [Move 10] MINIMAX: Alpha improved at root: -1000000.000000 -> -4.900001
[10:48:27.463] [DEBUG] [Move 10] MINIMAX: Root move 2: move eval=-4.900001
[10:48:27.463] [DEBUG] [Move 10] MINIMAX: Root move 3: move eval=-4.900001
[10:48:27.463] [DEBUG] [Move 10] MINIMAX: Root move 4: flip eval=-4.900001
[10:48:27.463] [DEBUG] [Move 10] MINIMAX: Root move 5: flip eval=-4.900001
[10:48:27.463] [DEBUG] [Move 10] MINIMAX: Root move 6: move eval=-4.900001
[10:48:27.463] [DEBUG] [Move 10] MINIMAX: Root move 7: push eval=-4.900001
[10:48:27.463] [DEBUG] [Move 10] MINIMAX: Root move 8: flip eval=-4.900001
[10:48:27.463] [DEBUG] [Move 10] MINIMAX: Root move 9: flip eval=-4.900001
[10:48:27.463] [DEBUG] [Move 10] MINIMAX: Root move 10: push eval=-4.900001
[10:48:27.463] [DEBUG] [Move 10] MINIMAX: Root move 11: push eval=-4.900001
[10:48:27.463] [DEBUG] [Move 10] MINIMAX: Root move 12: flip eval=-4.900001
[10:48:27.463] [DEBUG] [Move 10] MINIMAX: Root move 13: flip eval=-4.900001
[10:48:27.463] [DEBUG] [Move 10] MINIMAX: Root move 14: push eval=-4.900001
[10:48:27.463] [DEBUG] [Move 10] MINIMAX: Root move 15: flip eval=-4.900001
[10:48:27.463] [DEBUG] [Move 10] MINIMAX: Root move 16: flip eval=-4.900001
[10:48:27.463] [DEBUG] [Move 10] MINIMAX: Root move 17: push eval=-4.900001
[10:48:27.463] [DEBUG] [Move 10] MINIMAX: Root move 18: push eval=-4.900001
[10:48:27.463] [DEBUG] [Move 10] MINIMAX: Root move 19: flip eval=-4.900001
[10:48:27.463] [DEBUG] [Move 10] MINIMAX: Root move 20: flip eval=-4.900001
[10:48:27.463] [DEBUG] [Move 10] MINIMAX: Root move 21: move eval=-4.900001
[10:48:27.463] [DEBUG] [Move 10] MINIMAX: Root move 22: move eval=-4.900001
[10:48:27.463] [DEBUG] [Move 10] MINIMAX: Root move 23: push eval=-4.900001
[10:48:27.463] [DEBUG] [Move 10] MINIMAX: Root move 24: flip eval=-4.900001
[10:48:27.463] [DEBUG] [Move 10] MINIMAX: Root move 25: flip eval=-4.900001
[10:48:27.463] [DEBUG] [Move 10] MINIMAX: Root move 26: move eval=-4.900001
[10:48:27.463] [DEBUG] [Move 10] MINIMAX: Root move 27: move eval=-4.900001
[10:48:27.463] [DEBUG] [Move 10] MINIMAX: Root move 28: move eval=-4.900001
[10:48:27.463] [DEBUG] [Move 10] MINIMAX: Root move 29: flip eval=-4.900001
[10:48:27.463] [DEBUG] [Move 10] MINIMAX: Root move 30: flip eval=-4.900001
[10:48:27.463] [DEBUG] [Move 10] MINIMAX: Root move 31: move eval=-4.900001
[10:48:27.463] [DEBUG] [Move 10] MINIMAX: Root move 32: push eval=-4.900001
[10:48:27.463] [DEBUG] [Move 10] MINIMAX: Root move 33: flip eval=-4.900001
[10:48:27.463] [DEBUG] [Move 10] MINIMAX: Root move 34: flip eval=-4.900001
[10:48:27.463] [DEBUG] [Move 10] MINIMAX: Root move 35: move eval=-4.900001
[10:48:27.463] [DEBUG] [Move 10] MINIMAX: Root move 36: flip eval=-4.900001
[10:48:27.463] [DEBUG] [Move 10] MINIMAX: Root move 37: flip eval=-4.900001
[10:48:27.463] [DEBUG] [Move 10] MINIMAX: Root move 38: move eval=-4.900001
[10:48:27.463] [DEBUG] [Move 10] MINIMAX: Root move 39: flip eval=-4.900001
[10:48:27.463] [DEBUG] [Move 10] MINIMAX: Root move 40: flip eval=-4.900001
[10:48:27.463] [DEBUG] [Move 10] MINIMAX: Root move 41: move eval=-4.900001
[10:48:27.463] [DEBUG] [Move 10] MINIMAX: Root move 42: push eval=-4.900001
[10:48:27.463] [DEBUG] [Move 10] MINIMAX: Root move 43: flip eval=-4.900001
[10:48:27.464] [DEBUG] [Move 10] MINIMAX: Root move 44: flip eval=-4.900001
[10:48:27.464] [DEBUG] [Move 10] MINIMAX: Root move 45: move eval=-4.900001
[10:48:27.464] [DEBUG] [Move 10] MINIMAX: Root move 46: move eval=-4.900001
[10:48:27.464] [DEBUG] [Move 10] MINIMAX: Root move 47: push eval=-4.900001
[10:48:27.464] [DEBUG] [Move 10] MINIMAX: Root move 48: flip eval=-4.900001
[10:48:27.464] [DEBUG] [Move 10] MINIMAX: Root move 49: flip eval=-4.900001
[10:48:27.464] [DEBUG] [Move 10] MINIMAX: Root search complete - evaluated=49/49, cutoffs=0
[10:48:27.464] [DEBUG] [Move 10] MINIMAX: Depth 1 completed, nodes=49, eval=-4.900001, move=move
[10:48:27.464] [DEBUG] [Move 10] MINIMAX: Searching at depth 2
[10:48:27.466] [DEBUG] [Move 10] MINIMAX: Root move 1: move eval=4.200000
[10:48:27.466] [DEBUG] [Move 10] MINIMAX: Alpha improved at root: -1000000.000000 -> 4.200000
[10:48:27.467] [DEBUG] [Move 10] MINIMAX: Root move 2: move eval=4.200000
[10:48:27.469] [DEBUG] [Move 10] MINIMAX: Root move 3: move eval=4.200000
[10:48:27.470] [DEBUG] [Move 10] MINIMAX: Root move 4: flip eval=4.200000
[10:48:27.472] [DEBUG] [Move 10] MINIMAX: Root move 5: flip eval=4.200000
[10:48:27.473] [DEBUG] [Move 10] MINIMAX: Root move 6: move eval=4.200000
[10:48:27.474] [DEBUG] [Move 10] MINIMAX: Root move 7: push eval=4.200000
[10:48:27.476] [DEBUG] [Move 10] MINIMAX: Root move 8: flip eval=4.200000
[10:48:27.478] [DEBUG] [Move 10] MINIMAX: Root move 9: flip eval=4.200000
[10:48:27.479] [DEBUG] [Move 10] MINIMAX: Root move 10: push eval=4.200000
[10:48:27.479] [DEBUG] [Move 10] MINIMAX: Root move 11: push eval=4.200000
[10:48:27.480] [DEBUG] [Move 10] MINIMAX: Root move 12: flip eval=4.200000
[10:48:27.481] [DEBUG] [Move 10] MINIMAX: Root move 13: flip eval=4.200000
[10:48:27.483] [DEBUG] [Move 10] MINIMAX: Root move 14: push eval=4.200000
[10:48:27.484] [DEBUG] [Move 10] MINIMAX: Root move 15: flip eval=4.200000
[10:48:27.485] [DEBUG] [Move 10] MINIMAX: Root move 16: flip eval=4.200000
[10:48:27.486] [DEBUG] [Move 10] MINIMAX: Root move 17: push eval=4.200000
[10:48:27.486] [DEBUG] [Move 10] MINIMAX: Root move 18: push eval=4.200000
[10:48:27.486] [DEBUG] [Move 10] MINIMAX: Root move 19: flip eval=4.200000
[10:48:27.487] [DEBUG] [Move 10] MINIMAX: Root move 20: flip eval=4.200000
[10:48:27.488] [DEBUG] [Move 10] MINIMAX: Root move 21: move eval=4.200000
[10:48:27.488] [DEBUG] [Move 10] MINIMAX: Root move 22: move eval=4.200000
[10:48:27.489] [DEBUG] [Move 10] MINIMAX: Root move 23: push eval=4.200000
[10:48:27.490] [DEBUG] [Move 10] MINIMAX: Root move 24: flip eval=4.200000
[10:48:27.491] [DEBUG] [Move 10] MINIMAX: Root move 25: flip eval=4.200000
[10:48:27.491] [DEBUG] [Move 10] MINIMAX: Root move 26: move eval=4.200000
[10:48:27.492] [DEBUG] [Move 10] MINIMAX: Root move 27: move eval=4.200000
[10:48:27.493] [DEBUG] [Move 10] MINIMAX: Root move 28: move eval=4.200000
[10:48:27.493] [DEBUG] [Move 10] MINIMAX: Root move 29: flip eval=4.200000
[10:48:27.494] [DEBUG] [Move 10] MINIMAX: Root move 30: flip eval=4.200000
[10:48:27.495] [DEBUG] [Move 10] MINIMAX: Root move 31: move eval=4.200000
[10:48:27.496] [DEBUG] [Move 10] MINIMAX: Root move 32: push eval=4.200000
[10:48:27.496] [DEBUG] [Move 10] MINIMAX: Root move 33: flip eval=4.200000
[10:48:27.497] [DEBUG] [Move 10] MINIMAX: Root move 34: flip eval=4.200000
[10:48:27.498] [DEBUG] [Move 10] MINIMAX: Root move 35: move eval=4.200000
[10:48:27.498] [DEBUG] [Move 10] MINIMAX: Root move 36: flip eval=4.200000
[10:48:27.499] [DEBUG] [Move 10] MINIMAX: Root move 37: flip eval=4.200000
[10:48:27.500] [DEBUG] [Move 10] MINIMAX: Root move 38: move eval=4.200000
[10:48:27.501] [DEBUG] [Move 10] MINIMAX: Root move 39: flip eval=4.200000
[10:48:27.501] [DEBUG] [Move 10] MINIMAX: Root move 40: flip eval=4.200000
[10:48:27.502] [DEBUG] [Move 10] MINIMAX: Root move 41: move eval=4.200000
[10:48:27.503] [DEBUG] [Move 10] MINIMAX: Root move 42: push eval=4.200000
[10:48:27.503] [DEBUG] [Move 10] MINIMAX: Root move 43: flip eval=4.200000
[10:48:27.504] [DEBUG] [Move 10] MINIMAX: Root move 44: flip eval=4.200000
[10:48:27.505] [DEBUG] [Move 10] MINIMAX: Root move 45: move eval=4.200000
[10:48:27.505] [DEBUG] [Move 10] MINIMAX: Root move 46: move eval=4.200000
[10:48:27.506] [DEBUG] [Move 10] MINIMAX: Root move 47: push eval=4.200000
[10:48:27.507] [DEBUG] [Move 10] MINIMAX: Root move 48: flip eval=4.200000
[10:48:27.508] [DEBUG] [Move 10] MINIMAX: Root move 49: flip eval=4.200000
[10:48:27.508] [DEBUG] [Move 10] MINIMAX: Root search complete - evaluated=49/49, cutoffs=0
[10:48:27.508] [DEBUG] [Move 10] MINIMAX: Depth 2 completed, nodes=195, eval=4.200000, move=move
[10:48:27.508] [DEBUG] [Move 10] MINIMAX: Searching at depth 3
[10:48:27.543] [DEBUG] [Move 10] MINIMAX: Root move 1: move eval=-4.900001
[10:48:27.543] [DEBUG] [Move 10] MINIMAX: Alpha improved at root: -1000000.000000 -> -4.900001
[10:48:27.545] [DEBUG] [Move 10] MINIMAX: Root move 2: move eval=-4.900001
[10:48:27.547] [DEBUG] [Move 10] MINIMAX: Root move 3: move eval=-4.900001
[10:48:27.550] [DEBUG] [Move 10] MINIMAX: Root move 4: flip eval=-4.900001
[10:48:27.553] [DEBUG] [Move 10] MINIMAX: Root move 5: flip eval=-4.900001
[10:48:27.556] [DEBUG] [Move 10] MINIMAX: Root move 6: move eval=-4.900001
[10:48:27.559] [DEBUG] [Move 10] MINIMAX: Root move 7: push eval=-4.900001
[10:48:27.562] [DEBUG] [Move 10] MINIMAX: Root move 8: flip eval=-4.900001
[10:48:27.564] [DEBUG] [Move 10] MINIMAX: Root move 9: flip eval=-4.900001
[10:48:27.567] [DEBUG] [Move 10] MINIMAX: Root move 10: push eval=-4.900001
[10:48:27.567] [DEBUG] [Move 10] MINIMAX: Root move 11: push eval=-4.900001
[10:48:27.569] [DEBUG] [Move 10] MINIMAX: Root move 12: flip eval=-4.900001
[10:48:27.573] [DEBUG] [Move 10] MINIMAX: Root move 13: flip eval=-4.900001
[10:48:27.576] [DEBUG] [Move 10] MINIMAX: Root move 14: push eval=-4.900001
[10:48:27.579] [DEBUG] [Move 10] MINIMAX: Root move 15: flip eval=-4.900001
[10:48:27.582] [DEBUG] [Move 10] MINIMAX: Root move 16: flip eval=-4.900001
[10:48:27.585] [DEBUG] [Move 10] MINIMAX: Root move 17: push eval=-4.900001
[10:48:27.585] [DEBUG] [Move 10] MINIMAX: Root move 18: push eval=-4.900001
[10:48:27.588] [DEBUG] [Move 10] MINIMAX: Root move 19: flip eval=-4.900001
[10:48:27.591] [DEBUG] [Move 10] MINIMAX: Root move 20: flip eval=-4.900001
[10:48:27.594] [DEBUG] [Move 10] MINIMAX: Root move 21: move eval=-4.900001
[10:48:27.598] [DEBUG] [Move 10] MINIMAX: Root move 22: move eval=-4.900001
[10:48:27.600] [DEBUG] [Move 10] MINIMAX: Root move 23: push eval=-4.900001
[10:48:27.603] [DEBUG] [Move 10] MINIMAX: Root move 24: flip eval=-4.900001
[10:48:27.605] [DEBUG] [Move 10] MINIMAX: Root move 25: flip eval=-4.900001
[10:48:27.607] [DEBUG] [Move 10] MINIMAX: Root move 26: move eval=-4.900001
[10:48:27.608] [DEBUG] [Move 10] MINIMAX: Root move 27: move eval=-4.900001
[10:48:27.610] [DEBUG] [Move 10] MINIMAX: Root move 28: move eval=-4.900001
[10:48:27.611] [DEBUG] [Move 10] MINIMAX: Root move 29: flip eval=-4.900001
[10:48:27.613] [DEBUG] [Move 10] MINIMAX: Root move 30: flip eval=-4.900001
[10:48:27.615] [DEBUG] [Move 10] MINIMAX: Root move 31: move eval=-4.900001
[10:48:27.617] [DEBUG] [Move 10] MINIMAX: Root move 32: push eval=-4.900001
[10:48:27.618] [DEBUG] [Move 10] MINIMAX: Root move 33: flip eval=-4.900001
[10:48:27.620] [DEBUG] [Move 10] MINIMAX: Root move 34: flip eval=-4.900001
[10:48:27.622] [DEBUG] [Move 10] MINIMAX: Root move 35: move eval=-4.900001
[10:48:27.623] [DEBUG] [Move 10] MINIMAX: Root move 36: flip eval=-4.900001
[10:48:27.625] [DEBUG] [Move 10] MINIMAX: Root move 37: flip eval=-4.900001
[10:48:27.627] [DEBUG] [Move 10] MINIMAX: Root move 38: move eval=-4.900001
[10:48:27.629] [DEBUG] [Move 10] MINIMAX: Root move 39: flip eval=-4.900001
[10:48:27.632] [DEBUG] [Move 10] MINIMAX: Root move 40: flip eval=-4.900001
[10:48:27.633] [DEBUG] [Move 10] MINIMAX: Root move 41: move eval=-4.900001
[10:48:27.635] [DEBUG] [Move 10] MINIMAX: Root move 42: push eval=-4.900001
[10:48:27.637] [DEBUG] [Move 10] MINIMAX: Root move 43: flip eval=-4.900001
[10:48:27.640] [DEBUG] [Move 10] MINIMAX: Root move 44: flip eval=-4.900001
[10:48:27.643] [DEBUG] [Move 10] MINIMAX: Root move 45: move eval=-4.900001
[10:48:27.645] [DEBUG] [Move 10] MINIMAX: Root move 46: move eval=-4.900001
[10:48:27.648] [DEBUG] [Move 10] MINIMAX: Root move 47: push eval=-4.900001
[10:48:27.650] [DEBUG] [Move 10] MINIMAX: Root move 48: flip eval=-4.900001
[10:48:27.652] [DEBUG] [Move 10] MINIMAX: Root move 49: flip eval=-4.900001
[10:48:27.652] [DEBUG] [Move 10] MINIMAX: Root search complete - evaluated=49/49, cutoffs=0
[10:48:27.653] [DEBUG] [Move 10] MINIMAX: Depth 3 completed, nodes=2753, eval=-4.900001, move=move
[10:48:27.653] [DEBUG] [Move 10] MINIMAX: Searching at depth 4
[10:48:27.917] [DEBUG] [Move 10] MINIMAX: Root move 1: move eval=4.200000
[10:48:27.917] [DEBUG] [Move 10] MINIMAX: Alpha improved at root: -1000000.000000 -> 4.200000
[10:48:27.956] [DEBUG] [Move 10] MINIMAX: Beta cutoff at depth 3, move 1/100, alpha=-4.200000, beta=-4.200000
[10:48:27.956] [DEBUG] [Move 10] MINIMAX: Root move 2: move eval=4.200000
[10:48:27.989] [DEBUG] [Move 10] MINIMAX: Beta cutoff at depth 3, move 1/100, alpha=-4.200000, beta=-4.200000
[10:48:27.990] [DEBUG] [Move 10] MINIMAX: Root move 3: move eval=4.200000
[10:48:28.024] [DEBUG] [Move 10] MINIMAX: Beta cutoff at depth 3, move 1/100, alpha=-4.200000, beta=-4.200000
[10:48:28.024] [DEBUG] [Move 10] MINIMAX: Root move 4: flip eval=4.200000
[10:48:28.056] [DEBUG] [Move 10] MINIMAX: Beta cutoff at depth 3, move 1/100, alpha=-4.200000, beta=-4.200000
[10:48:28.056] [DEBUG] [Move 10] MINIMAX: Root move 5: flip eval=4.200000
[10:48:28.094] [DEBUG] [Move 10] MINIMAX: Beta cutoff at depth 3, move 1/100, alpha=-4.200000, beta=-4.200000
[10:48:28.094] [DEBUG] [Move 10] MINIMAX: Root move 6: move eval=4.200000
[10:48:28.130] [DEBUG] [Move 10] MINIMAX: Beta cutoff at depth 3, move 1/100, alpha=-4.200000, beta=-4.200000
[10:48:28.130] [DEBUG] [Move 10] MINIMAX: Root move 7: push eval=4.200000
[10:48:28.184] [DEBUG] [Move 10] MINIMAX: Beta cutoff at depth 3, move 1/100, alpha=-4.200000, beta=-4.200000
[10:48:28.184] [DEBUG] [Move 10] MINIMAX: Root move 8: flip eval=4.200000
[10:48:28.215] [DEBUG] [Move 10] MINIMAX: Beta cutoff at depth 3, move 1/100, alpha=-4.200000, beta=-4.200000
[10:48:28.215] [DEBUG] [Move 10] MINIMAX: Root move 9: flip eval=4.200000
[10:48:28.245] [DEBUG] [Move 10] MINIMAX: Beta cutoff at depth 3, move 1/100, alpha=-4.200000, beta=-4.200000
[10:48:28.245] [DEBUG] [Move 10] MINIMAX: Root move 10: push eval=4.200000
[10:48:28.245] [DEBUG] [Move 10] MINIMAX: TT HIT at depth 3, eval=-4.200000, move=move
[10:48:28.245] [DEBUG] [Move 10] MINIMAX: Root move 11: push eval=4.200000
[10:48:28.282] [DEBUG] [Move 10] MINIMAX: Beta cutoff at depth 3, move 1/100, alpha=-4.200000, beta=-4.200000
[10:48:28.282] [DEBUG] [Move 10] MINIMAX: Root move 12: flip eval=4.200000
[10:48:28.317] [DEBUG] [Move 10] MINIMAX: Beta cutoff at depth 3, move 1/100, alpha=-4.200000, beta=-4.200000
[10:48:28.317] [DEBUG] [Move 10] MINIMAX: Root move 13: flip eval=4.200000
[10:48:28.358] [DEBUG] [Move 10] MINIMAX: Beta cutoff at depth 3, move 1/100, alpha=-4.200000, beta=-4.200000
[10:48:28.358] [DEBUG] [Move 10] MINIMAX: Root move 14: push eval=4.200000
[10:48:28.392] [DEBUG] [Move 10] MINIMAX: Beta cutoff at depth 3, move 1/100, alpha=-4.200000, beta=-4.200000
[10:48:28.392] [DEBUG] [Move 10] MINIMAX: Root move 15: flip eval=4.200000
[10:48:28.418] [DEBUG] [Move 10] MINIMAX: Beta cutoff at depth 3, move 1/100, alpha=-4.200000, beta=-4.200000
[10:48:28.418] [DEBUG] [Move 10] MINIMAX: Root move 16: flip eval=4.200000
[10:48:28.457] [DEBUG] [Move 10] MINIMAX: Beta cutoff at depth 3, move 1/100, alpha=-4.200000, beta=-4.200000
[10:48:28.458] [DEBUG] [Move 10] MINIMAX: Root move 17: push eval=4.200000
[10:48:28.458] [DEBUG] [Move 10] MINIMAX: TT HIT at depth 3, eval=-4.200000, move=move
[10:48:28.458] [DEBUG] [Move 10] MINIMAX: Root move 18: push eval=4.200000
[10:48:28.490] [DEBUG] [Move 10] MINIMAX: Beta cutoff at depth 3, move 1/100, alpha=-4.200000, beta=-4.200000
[10:48:28.490] [DEBUG] [Move 10] MINIMAX: Root move 19: flip eval=4.200000
[10:48:28.527] [DEBUG] [Move 10] MINIMAX: Beta cutoff at depth 3, move 1/100, alpha=-4.200000, beta=-4.200000
[10:48:28.527] [DEBUG] [Move 10] MINIMAX: Root move 20: flip eval=4.200000
[10:48:28.567] [DEBUG] [Move 10] MINIMAX: Beta cutoff at depth 3, move 1/100, alpha=-4.200000, beta=-4.200000
[10:48:28.567] [DEBUG] [Move 10] MINIMAX: Root move 21: move eval=4.200000
[10:48:28.598] [DEBUG] [Move 10] MINIMAX: Beta cutoff at depth 3, move 1/100, alpha=-4.200000, beta=-4.200000
[10:48:28.598] [DEBUG] [Move 10] MINIMAX: Root move 22: move eval=4.200000
[10:48:28.622] [DEBUG] [Move 10] MINIMAX: Beta cutoff at depth 3, move 1/100, alpha=-4.200000, beta=-4.200000
[10:48:28.623] [DEBUG] [Move 10] MINIMAX: Root move 23: push eval=4.200000
[10:48:28.661] [DEBUG] [Move 10] MINIMAX: Beta cutoff at depth 3, move 1/100, alpha=-4.200000, beta=-4.200000
[10:48:28.661] [DEBUG] [Move 10] MINIMAX: Root move 24: flip eval=4.200000
[10:48:28.709] [DEBUG] [Move 10] MINIMAX: Beta cutoff at depth 3, move 1/100, alpha=-4.200000, beta=-4.200000
[10:48:28.709] [DEBUG] [Move 10] MINIMAX: Root move 25: flip eval=4.200000
[10:48:28.736] [DEBUG] [Move 10] MINIMAX: Beta cutoff at depth 3, move 1/105, alpha=-4.200000, beta=-4.200000
[10:48:28.737] [DEBUG] [Move 10] MINIMAX: Root move 26: move eval=4.200000
[10:48:28.755] [DEBUG] [Move 10] MINIMAX: Beta cutoff at depth 3, move 1/101, alpha=-4.200000, beta=-4.200000
[10:48:28.755] [DEBUG] [Move 10] MINIMAX: Root move 27: move eval=4.200000
[10:48:28.787] [DEBUG] [Move 10] MINIMAX: Beta cutoff at depth 3, move 1/99, alpha=-4.200000, beta=-4.200000
[10:48:28.788] [DEBUG] [Move 10] MINIMAX: Root move 28: move eval=4.200000
[10:48:28.817] [DEBUG] [Move 10] MINIMAX: Beta cutoff at depth 3, move 1/103, alpha=-4.200000, beta=-4.200000
[10:48:28.817] [DEBUG] [Move 10] MINIMAX: Root move 29: flip eval=4.200000
[10:48:28.840] [DEBUG] [Move 10] MINIMAX: Beta cutoff at depth 3, move 1/104, alpha=-4.200000, beta=-4.200000
[10:48:28.840] [DEBUG] [Move 10] MINIMAX: Root move 30: flip eval=4.200000
[10:48:28.858] [DEBUG] [Move 10] MINIMAX: Beta cutoff at depth 3, move 1/96, alpha=-4.200000, beta=-4.200000
[10:48:28.858] [DEBUG] [Move 10] MINIMAX: Root move 31: move eval=4.200000
[10:48:28.875] [DEBUG] [Move 10] MINIMAX: Beta cutoff at depth 3, move 1/104, alpha=-4.200000, beta=-4.200000
[10:48:28.875] [DEBUG] [Move 10] MINIMAX: Root move 32: push eval=4.200000
[10:48:28.896] [DEBUG] [Move 10] MINIMAX: Beta cutoff at depth 3, move 1/100, alpha=-4.200000, beta=-4.200000
[10:48:28.896] [DEBUG] [Move 10] MINIMAX: Root move 33: flip eval=4.200000
[10:48:28.916] [DEBUG] [Move 10] MINIMAX: Beta cutoff at depth 3, move 1/100, alpha=-4.200000, beta=-4.200000
[10:48:28.916] [DEBUG] [Move 10] MINIMAX: Root move 34: flip eval=4.200000
[10:48:28.931] [DEBUG] [Move 10] MINIMAX: Beta cutoff at depth 3, move 1/95, alpha=-4.200000, beta=-4.200000
[10:48:28.931] [DEBUG] [Move 10] MINIMAX: Root move 35: move eval=4.200000
[10:48:28.942] [DEBUG] [Move 10] MINIMAX: Beta cutoff at depth 3, move 1/100, alpha=-4.200000, beta=-4.200000
[10:48:28.942] [DEBUG] [Move 10] MINIMAX: Root move 36: flip eval=4.200000
[10:48:28.961] [DEBUG] [Move 10] MINIMAX: Beta cutoff at depth 3, move 1/100, alpha=-4.200000, beta=-4.200000
[10:48:28.962] [DEBUG] [Move 10] MINIMAX: Root move 37: flip eval=4.200000
[10:48:28.974] [DEBUG] [Move 10] MINIMAX: Beta cutoff at depth 3, move 1/97, alpha=-4.200000, beta=-4.200000
[10:48:28.974] [DEBUG] [Move 10] MINIMAX: Root move 38: move eval=4.200000
[10:48:28.983] [DEBUG] [Move 10] MINIMAX: Beta cutoff at depth 3, move 1/100, alpha=-4.200000, beta=-4.200000
[10:48:28.983] [DEBUG] [Move 10] MINIMAX: Root move 39: flip eval=4.200000
[10:48:29.001] [DEBUG] [Move 10] MINIMAX: Beta cutoff at depth 3, move 1/100, alpha=-4.200000, beta=-4.200000
[10:48:29.001] [DEBUG] [Move 10] MINIMAX: Root move 40: flip eval=4.200000
[10:48:29.017] [DEBUG] [Move 10] MINIMAX: Beta cutoff at depth 3, move 1/99, alpha=-4.200000, beta=-4.200000
[10:48:29.017] [DEBUG] [Move 10] MINIMAX: Root move 41: move eval=4.200000
[10:48:29.027] [DEBUG] [Move 10] MINIMAX: Beta cutoff at depth 3, move 1/101, alpha=-4.200000, beta=-4.200000
[10:48:29.027] [DEBUG] [Move 10] MINIMAX: Root move 42: push eval=4.200000
[10:48:29.039] [DEBUG] [Move 10] MINIMAX: Beta cutoff at depth 3, move 1/100, alpha=-4.200000, beta=-4.200000
[10:48:29.039] [DEBUG] [Move 10] MINIMAX: Root move 43: flip eval=4.200000
[10:48:29.057] [DEBUG] [Move 10] MINIMAX: Beta cutoff at depth 3, move 1/100, alpha=-4.200000, beta=-4.200000
[10:48:29.058] [DEBUG] [Move 10] MINIMAX: Root move 44: flip eval=4.200000
[10:48:29.065] [DEBUG] [Move 10] MINIMAX: Beta cutoff at depth 3, move 1/97, alpha=-4.200000, beta=-4.200000
[10:48:29.065] [DEBUG] [Move 10] MINIMAX: Root move 45: move eval=4.200000
[10:48:29.073] [DEBUG] [Move 10] MINIMAX: Beta cutoff at depth 3, move 1/103, alpha=-4.200000, beta=-4.200000
[10:48:29.073] [DEBUG] [Move 10] MINIMAX: Root move 46: move eval=4.200000
[10:48:29.079] [DEBUG] [Move 10] MINIMAX: Beta cutoff at depth 3, move 1/103, alpha=-4.200000, beta=-4.200000
[10:48:29.079] [DEBUG] [Move 10] MINIMAX: Root move 47: push eval=4.200000
[10:48:29.085] [DEBUG] [Move 10] MINIMAX: Beta cutoff at depth 3, move 1/109, alpha=-4.200000, beta=-4.200000
[10:48:29.085] [DEBUG] [Move 10] MINIMAX: Root move 48: flip eval=4.200000
[10:48:29.094] [DEBUG] [Move 10] MINIMAX: Beta cutoff at depth 3, move 1/100, alpha=-4.200000, beta=-4.200000
[10:48:29.094] [DEBUG] [Move 10] MINIMAX: Root move 49: flip eval=4.200000
[10:48:29.094] [DEBUG] [Move 10] MINIMAX: Root search complete - evaluated=49/49, cutoffs=0
[10:48:29.094] [DEBUG] [Move 10] MINIMAX: Depth 4 completed, nodes=11943, eval=4.200000, move=move
[10:48:29.094] [DEBUG] [Move 10] MINIMAX: Searching at depth 5
[10:48:29.220] [DEBUG] [Move 10] MINIMAX: New best at depth 4, move=move, eval=4.900001
[10:48:29.269] [DEBUG] [Move 10] MINIMAX: Beta cutoff at depth 3, move 1/48, alpha=-4.900001, beta=-4.900001
[10:48:29.341] [DEBUG] [Move 10] MINIMAX: Beta cutoff at depth 3, move 1/48, alpha=-4.900001, beta=-4.900001
[10:48:29.409] [DEBUG] [Move 10] MINIMAX: Beta cutoff at depth 3, move 1/48, alpha=-4.900001, beta=-4.900001
[10:48:29.472] [DEBUG] [Move 10] MINIMAX: Beta cutoff at depth 3, move 1/48, alpha=-4.900001, beta=-4.900001
[10:48:29.541] [DEBUG] [Move 10] MINIMAX: Beta cutoff at depth 3, move 1/48, alpha=-4.900001, beta=-4.900001
[10:48:29.622] [DEBUG] [Move 10] MINIMAX: Beta cutoff at depth 3, move 1/48, alpha=-4.900001, beta=-4.900001
[10:48:29.678] [DEBUG] [Move 10] MINIMAX: Beta cutoff at depth 3, move 1/48, alpha=-4.900001, beta=-4.900001
[10:48:29.740] [DEBUG] [Move 10] MINIMAX: Beta cutoff at depth 3, move 1/54, alpha=-4.900001, beta=-4.900001
[10:48:29.785] [DEBUG] [Move 10] MINIMAX: Beta cutoff at depth 3, move 1/48, alpha=-4.900001, beta=-4.900001
[10:48:29.828] [DEBUG] [Move 10] MINIMAX: Beta cutoff at depth 3, move 1/48, alpha=-4.900001, beta=-4.900001
[10:48:29.885] [DEBUG] [Move 10] MINIMAX: Beta cutoff at depth 3, move 1/48, alpha=-4.900001, beta=-4.900001
[10:48:29.952] [DEBUG] [Move 10] MINIMAX: Beta cutoff at depth 3, move 1/48, alpha=-4.900001, beta=-4.900001
[10:48:29.992] [DEBUG] [Move 10] MINIMAX: Beta cutoff at depth 3, move 1/48, alpha=-4.900001, beta=-4.900001
[10:48:30.031] [DEBUG] [Move 10] MINIMAX: Beta cutoff at depth 3, move 1/48, alpha=-4.900001, beta=-4.900001
[10:48:30.070] [DEBUG] [Move 10] MINIMAX: Beta cutoff at depth 3, move 1/48, alpha=-4.900001, beta=-4.900001
[10:48:30.135] [DEBUG] [Move 10] MINIMAX: Beta cutoff at depth 3, move 1/48, alpha=-4.900001, beta=-4.900001
[10:48:30.196] [DEBUG] [Move 10] MINIMAX: Beta cutoff at depth 3, move 1/48, alpha=-4.900001, beta=-4.900001
[10:48:30.196] [DEBUG] [Move 10] MINIMAX: TT HIT at depth 3, eval=-4.900001, move=move
[10:48:30.196] [DEBUG] [Move 10] MINIMAX: TT HIT at depth 3, eval=-4.900001, move=move
[10:48:30.250] [DEBUG] [Move 10] MINIMAX: Beta cutoff at depth 3, move 1/48, alpha=-4.900001, beta=-4.900001
[10:48:30.299] [DEBUG] [Move 10] MINIMAX: Beta cutoff at depth 3, move 1/48, alpha=-4.900001, beta=-4.900001
[10:48:30.360] [DEBUG] [Move 10] MINIMAX: Beta cutoff at depth 3, move 1/48, alpha=-4.900001, beta=-4.900001
[10:48:30.401] [DEBUG] [Move 10] MINIMAX: Beta cutoff at depth 3, move 1/48, alpha=-4.900001, beta=-4.900001
[10:48:30.441] [DEBUG] [Move 10] MINIMAX: Beta cutoff at depth 3, move 1/48, alpha=-4.900001, beta=-4.900001
[10:48:30.461] [DEBUG] [Move 10] MINIMAX: New best at depth 4, move=move, eval=1000000.000000
[10:48:30.461] [DEBUG] [Move 10] MINIMAX: Beta cutoff at depth 4, move 26/100, alpha=1000000.000000, beta=1000000.000000
[10:48:30.461] [DEBUG] [Move 10] MINIMAX: Root move 1: move eval=-1000000.000000
[10:48:30.461] [DEBUG] [Move 10] MINIMAX: Timeout at root level after 1/49 moves
[10:48:30.461] [DEBUG] [Move 10] MINIMAX: Root search complete - evaluated=1/49, cutoffs=0
[10:48:30.461] [DEBUG] [Move 10] MINIMAX: Depth 5 completed, nodes=6233, eval=-1000000.000000, move=move
[10:48:30.461] [DEBUG] [Move 10] MINIMAX: Time limit reached at depth 6
[10:48:30.461] [INFO] [Move 10] MINIMAX: Search complete - depth=4, nodes=21173, TT_size=113536, time=3.000000s
[10:48:30.462] [DEBUG] [Move 10] VALIDATION DEBUG: Generated 49 legal moves for validation
[10:48:30.462] [DEBUG] [Move 10] VALIDATION DEBUG: Minimax returned move: move (0,1) -> (0,0)
[10:48:30.462] [DEBUG] [Move 10] VALIDATION DEBUG: Legal move 1: move (0,1) -> (0,0)
[10:48:30.462] [DEBUG] [Move 10] VALIDATION DEBUG: Legal move 2: move (0,1) -> (0,2)
[10:48:30.462] [DEBUG] [Move 10] VALIDATION DEBUG: Legal move 3: move (0,1) -> (1,1)
[10:48:30.462] [DEBUG] [Move 10] VALIDATION DEBUG: Legal move 4: flip (0,1) -> (0,1)
[10:48:30.462] [DEBUG] [Move 10] VALIDATION DEBUG: Legal move 5: flip (0,1) -> (0,1)
[10:48:30.462] [DEBUG] [Move 10] VALIDATION DEBUG: Move found in legal moves - SUCCESS!
[10:48:30.462] [DECISION] [Move 10] FINAL DECISION: move (0,1) -> (0,0) | Reasoning: Minimax search
[10:48:30.462] [DECISION] [Move 10] === MOVE DECISION END ===
[10:48:30.498] [DECISION] [Move 11] === MOVE DECISION START === Player: square, Board: 13x12, Time: 29.9787s (vs 59.9583s)
[10:48:30.498] [DEBUG] [Move 11] MINIMAX: Starting search for square, time=29.978697s
[10:48:30.499] [DEBUG] [Move 11] MINIMAX: Found 48 legal moves at root
[10:48:30.499] [DEBUG] [Move 11] MINIMAX: Starting iterative deepening
[10:48:30.499] [DEBUG] [Move 11] MINIMAX: Searching at depth 1
[10:48:30.499] [DEBUG] [Move 11] MINIMAX: Root move 1: move eval=-4.900001
[10:48:30.499] [DEBUG] [Move 11] MINIMAX: Alpha improved at root: -1000000.000000 -> -4.900001
[10:48:30.499] [DEBUG] [Move 11] MINIMAX: Root move 2: move eval=-4.900001
[10:48:30.500] [DEBUG] [Move 11] MINIMAX: Root move 3: flip eval=-4.900001
[10:48:30.500] [DEBUG] [Move 11] MINIMAX: Root move 4: flip eval=-4.900001
[10:48:30.500] [DEBUG] [Move 11] MINIMAX: Root move 5: move eval=-4.900001
[10:48:30.500] [DEBUG] [Move 11] MINIMAX: Root move 6: push eval=-4.900001
[10:48:30.500] [DEBUG] [Move 11] MINIMAX: Root move 7: flip eval=-4.900001
[10:48:30.500] [DEBUG] [Move 11] MINIMAX: Root move 8: flip eval=-4.900001
[10:48:30.500] [DEBUG] [Move 11] MINIMAX: Root move 9: push eval=-4.900001
[10:48:30.500] [DEBUG] [Move 11] MINIMAX: Root move 10: push eval=-4.900001
[10:48:30.500] [DEBUG] [Move 11] MINIMAX: Root move 11: flip eval=-4.900001
[10:48:30.500] [DEBUG] [Move 11] MINIMAX: Root move 12: flip eval=-4.900001
[10:48:30.500] [DEBUG] [Move 11] MINIMAX: Root move 13: push eval=-4.900001
[10:48:30.500] [DEBUG] [Move 11] MINIMAX: Root move 14: flip eval=-4.900001
[10:48:30.500] [DEBUG] [Move 11] MINIMAX: Root move 15: flip eval=-4.900001
[10:48:30.500] [DEBUG] [Move 11] MINIMAX: Root move 16: push eval=-4.900001
[10:48:30.500] [DEBUG] [Move 11] MINIMAX: Root move 17: push eval=-4.900001
[10:48:30.500] [DEBUG] [Move 11] MINIMAX: Root move 18: flip eval=-4.900001
[10:48:30.500] [DEBUG] [Move 11] MINIMAX: Root move 19: flip eval=-4.900001
[10:48:30.500] [DEBUG] [Move 11] MINIMAX: Root move 20: move eval=-4.900001
[10:48:30.500] [DEBUG] [Move 11] MINIMAX: Root move 21: move eval=-4.900001
[10:48:30.500] [DEBUG] [Move 11] MINIMAX: Root move 22: push eval=-4.900001
[10:48:30.500] [DEBUG] [Move 11] MINIMAX: Root move 23: flip eval=-4.900001
[10:48:30.500] [DEBUG] [Move 11] MINIMAX: Root move 24: flip eval=-4.900001
[10:48:30.500] [DEBUG] [Move 11] MINIMAX: Root move 25: move eval=-4.900001
[10:48:30.500] [DEBUG] [Move 11] MINIMAX: Root move 26: move eval=-4.900001
[10:48:30.500] [DEBUG] [Move 11] MINIMAX: Root move 27: move eval=-4.900001
[10:48:30.500] [DEBUG] [Move 11] MINIMAX: Root move 28: flip eval=-4.900001
[10:48:30.500] [DEBUG] [Move 11] MINIMAX: Root move 29: flip eval=-4.900001
[10:48:30.500] [DEBUG] [Move 11] MINIMAX: Root move 30: move eval=-4.900001
[10:48:30.500] [DEBUG] [Move 11] MINIMAX: Root move 31: push eval=-4.900001
[10:48:30.500] [DEBUG] [Move 11] MINIMAX: Root move 32: flip eval=-4.900001
[10:48:30.500] [DEBUG] [Move 11] MINIMAX: Root move 33: flip eval=-4.900001
[10:48:30.500] [DEBUG] [Move 11] MINIMAX: Root move 34: move eval=-4.900001
[10:48:30.500] [DEBUG] [Move 11] MINIMAX: Root move 35: flip eval=-4.900001
[10:48:30.500] [DEBUG] [Move 11] MINIMAX: Root move 36: flip eval=-4.900001
[10:48:30.500] [DEBUG] [Move 11] MINIMAX: Root move 37: move eval=-4.900001
[10:48:30.500] [DEBUG] [Move 11] MINIMAX: Root move 38: flip eval=-4.900001
[10:48:30.500] [DEBUG] [Move 11] MINIMAX: Root move 39: flip eval=-4.900001
[10:48:30.500] [DEBUG] [Move 11] MINIMAX: Root move 40: move eval=-4.900001
[10:48:30.501] [DEBUG] [Move 11] MINIMAX: Root move 41: push eval=-4.900001
[10:48:30.501] [DEBUG] [Move 11] MINIMAX: Root move 42: flip eval=-4.900001
[10:48:30.501] [DEBUG] [Move 11] MINIMAX: Root move 43: flip eval=-4.900001
[10:48:30.501] [DEBUG] [Move 11] MINIMAX: Root move 44: move eval=-4.900001
[10:48:30.501] [DEBUG] [Move 11] MINIMAX: Root move 45: move eval=-4.900001
[10:48:30.501] [DEBUG] [Move 11] MINIMAX: Root move 46: push eval=-4.900001
[10:48:30.501] [DEBUG] [Move 11] MINIMAX: Root move 47: flip eval=-4.900001
[10:48:30.501] [DEBUG] [Move 11] MINIMAX: Root move 48: flip eval=-4.900001
[10:48:30.501] [DEBUG] [Move 11] MINIMAX: Root search complete - evaluated=48/48, cutoffs=0
[10:48:30.501] [DEBUG] [Move 11] MINIMAX: Depth 1 completed, nodes=48, eval=-4.900001, move=move
[10:48:30.501] [DEBUG] [Move 11] MINIMAX: Searching at depth 2
[10:48:30.503] [DEBUG] [Move 11] MINIMAX: Root move 1: move eval=4.200000
[10:48:30.503] [DEBUG] [Move 11] MINIMAX: Alpha improved at root: -1000000.000000 -> 4.200000
[10:48:30.504] [DEBUG] [Move 11] MINIMAX: Root move 2: move eval=4.200000
[10:48:30.506] [DEBUG] [Move 11] MINIMAX: Root move 3: flip eval=4.200000
[10:48:30.507] [DEBUG] [Move 11] MINIMAX: Root move 4: flip eval=4.200000
[10:48:30.508] [DEBUG] [Move 11] MINIMAX: Root move 5: move eval=4.200000
[10:48:30.509] [DEBUG] [Move 11] MINIMAX: Root move 6: push eval=4.200000
[10:48:30.510] [DEBUG] [Move 11] MINIMAX: Root move 7: flip eval=4.200000
[10:48:30.512] [DEBUG] [Move 11] MINIMAX: Root move 8: flip eval=4.200000
[10:48:30.513] [DEBUG] [Move 11] MINIMAX: Root move 9: push eval=4.200000
[10:48:30.513] [DEBUG] [Move 11] MINIMAX: Root move 10: push eval=4.200000
[10:48:30.514] [DEBUG] [Move 11] MINIMAX: Root move 11: flip eval=4.200000
[10:48:30.515] [DEBUG] [Move 11] MINIMAX: Root move 12: flip eval=4.200000
[10:48:30.516] [DEBUG] [Move 11] MINIMAX: Root move 13: push eval=4.200000
[10:48:30.518] [DEBUG] [Move 11] MINIMAX: Root move 14: flip eval=4.200000
[10:48:30.519] [DEBUG] [Move 11] MINIMAX: Root move 15: flip eval=4.200000
[10:48:30.520] [DEBUG] [Move 11] MINIMAX: Root move 16: push eval=4.200000
[10:48:30.520] [DEBUG] [Move 11] MINIMAX: Root move 17: push eval=4.200000
[10:48:30.521] [DEBUG] [Move 11] MINIMAX: Root move 18: flip eval=4.200000
[10:48:30.522] [DEBUG] [Move 11] MINIMAX: Root move 19: flip eval=4.200000
[10:48:30.523] [DEBUG] [Move 11] MINIMAX: Root move 20: move eval=4.200000
[10:48:30.524] [DEBUG] [Move 11] MINIMAX: Root move 21: move eval=4.200000
[10:48:30.524] [DEBUG] [Move 11] MINIMAX: Root move 22: push eval=4.200000
[10:48:30.525] [DEBUG] [Move 11] MINIMAX: Root move 23: flip eval=4.200000
[10:48:30.526] [DEBUG] [Move 11] MINIMAX: Root move 24: flip eval=4.200000
[10:48:30.527] [DEBUG] [Move 11] MINIMAX: Root move 25: move eval=4.200000
[10:48:30.528] [DEBUG] [Move 11] MINIMAX: Root move 26: move eval=4.200000
[10:48:30.529] [DEBUG] [Move 11] MINIMAX: Root move 27: move eval=4.200000
[10:48:30.530] [DEBUG] [Move 11] MINIMAX: Root move 28: flip eval=4.200000
[10:48:30.531] [DEBUG] [Move 11] MINIMAX: Root move 29: flip eval=4.200000
[10:48:30.533] [DEBUG] [Move 11] MINIMAX: Root move 30: move eval=4.200000
[10:48:30.534] [DEBUG] [Move 11] MINIMAX: Root move 31: push eval=4.200000
[10:48:30.534] [DEBUG] [Move 11] MINIMAX: Root move 32: flip eval=4.200000
[10:48:30.535] [DEBUG] [Move 11] MINIMAX: Root move 33: flip eval=4.200000
[10:48:30.536] [DEBUG] [Move 11] MINIMAX: Root move 34: move eval=4.200000
[10:48:30.537] [DEBUG] [Move 11] MINIMAX: Root move 35: flip eval=4.200000
[10:48:30.537] [DEBUG] [Move 11] MINIMAX: Root move 36: flip eval=4.200000
[10:48:30.538] [DEBUG] [Move 11] MINIMAX: Root move 37: move eval=4.200000
[10:48:30.539] [DEBUG] [Move 11] MINIMAX: Root move 38: flip eval=4.200000
[10:48:30.540] [DEBUG] [Move 11] MINIMAX: Root move 39: flip eval=4.200000
[10:48:30.540] [DEBUG] [Move 11] MINIMAX: Root move 40: move eval=4.200000
[10:48:30.541] [DEBUG] [Move 11] MINIMAX: Root move 41: push eval=4.200000
[10:48:30.542] [DEBUG] [Move 11] MINIMAX: Root move 42: flip eval=4.200000
[10:48:30.542] [DEBUG] [Move 11] MINIMAX: Root move 43: flip eval=4.200000
[10:48:30.543] [DEBUG] [Move 11] MINIMAX: Root move 44: move eval=4.200000
[10:48:30.544] [DEBUG] [Move 11] MINIMAX: Root move 45: move eval=4.200000
[10:48:30.545] [DEBUG] [Move 11] MINIMAX: Root move 46: push eval=4.200000
[10:48:30.545] [DEBUG] [Move 11] MINIMAX: Root move 47: flip eval=4.200000
[10:48:30.546] [DEBUG] [Move 11] MINIMAX: Root move 48: flip eval=4.200000
[10:48:30.546] [DEBUG] [Move 11] MINIMAX: Root search complete - evaluated=48/48, cutoffs=0
[10:48:30.546] [DEBUG] [Move 11] MINIMAX: Depth 2 completed, nodes=197, eval=4.200000, move=move
[10:48:30.546] [DEBUG] [Move 11] MINIMAX: Searching at depth 3
[10:48:30.589] [DEBUG] [Move 11] MINIMAX: Root move 1: move eval=-4.900001
[10:48:30.589] [DEBUG] [Move 11] MINIMAX: Alpha improved at root: -1000000.000000 -> -4.900001
[10:48:30.591] [DEBUG] [Move 11] MINIMAX: Root move 2: move eval=-4.900001
[10:48:30.592] [DEBUG] [Move 11] MINIMAX: Root move 3: flip eval=-4.900001
[10:48:30.594] [DEBUG] [Move 11] MINIMAX: Root move 4: flip eval=-4.900001
[10:48:30.596] [DEBUG] [Move 11] MINIMAX: Root move 5: move eval=-4.900001
[10:48:30.597] [DEBUG] [Move 11] MINIMAX: Root move 6: push eval=-4.900001
[10:48:30.599] [DEBUG] [Move 11] MINIMAX: Root move 7: flip eval=-4.900001
[10:48:30.600] [DEBUG] [Move 11] MINIMAX: Root move 8: flip eval=-4.900001
[10:48:30.602] [DEBUG] [Move 11] MINIMAX: Root move 9: push eval=-4.900001
[10:48:30.602] [DEBUG] [Move 11] MINIMAX: Root move 10: push eval=-4.900001
[10:48:30.604] [DEBUG] [Move 11] MINIMAX: Root move 11: flip eval=-4.900001
[10:48:30.605] [DEBUG] [Move 11] MINIMAX: Root move 12: flip eval=-4.900001
[10:48:30.607] [DEBUG] [Move 11] MINIMAX: Root move 13: push eval=-4.900001
[10:48:30.609] [DEBUG] [Move 11] MINIMAX: Root move 14: flip eval=-4.900001
[10:48:30.610] [DEBUG] [Move 11] MINIMAX: Root move 15: flip eval=-4.900001
[10:48:30.612] [DEBUG] [Move 11] MINIMAX: Root move 16: push eval=-4.900001
[10:48:30.612] [DEBUG] [Move 11] MINIMAX: Root move 17: push eval=-4.900001
[10:48:30.614] [DEBUG] [Move 11] MINIMAX: Root move 18: flip eval=-4.900001
[10:48:30.615] [DEBUG] [Move 11] MINIMAX: Root move 19: flip eval=-4.900001
[10:48:30.617] [DEBUG] [Move 11] MINIMAX: Root move 20: move eval=-4.900001
[10:48:30.618] [DEBUG] [Move 11] MINIMAX: Root move 21: move eval=-4.900001
[10:48:30.620] [DEBUG] [Move 11] MINIMAX: Root move 22: push eval=-4.900001
[10:48:30.622] [DEBUG] [Move 11] MINIMAX: Root move 23: flip eval=-4.900001
[10:48:30.623] [DEBUG] [Move 11] MINIMAX: Root move 24: flip eval=-4.900001
[10:48:30.625] [DEBUG] [Move 11] MINIMAX: Root move 25: move eval=-4.900001
[10:48:30.626] [DEBUG] [Move 11] MINIMAX: Root move 26: move eval=-4.900001
[10:48:30.628] [DEBUG] [Move 11] MINIMAX: Root move 27: move eval=-4.900001
[10:48:30.630] [DEBUG] [Move 11] MINIMAX: Root move 28: flip eval=-4.900001
[10:48:30.632] [DEBUG] [Move 11] MINIMAX: Root move 29: flip eval=-4.900001
[10:48:30.633] [DEBUG] [Move 11] MINIMAX: Root move 30: move eval=-4.900001
[10:48:30.635] [DEBUG] [Move 11] MINIMAX: Root move 31: push eval=-4.900001
[10:48:30.637] [DEBUG] [Move 11] MINIMAX: Root move 32: flip eval=-4.900001
[10:48:30.639] [DEBUG] [Move 11] MINIMAX: Root move 33: flip eval=-4.900001
[10:48:30.641] [DEBUG] [Move 11] MINIMAX: Root move 34: move eval=-4.900001
[10:48:30.642] [DEBUG] [Move 11] MINIMAX: Root move 35: flip eval=-4.900001
[10:48:30.644] [DEBUG] [Move 11] MINIMAX: Root move 36: flip eval=-4.900001
[10:48:30.646] [DEBUG] [Move 11] MINIMAX: Root move 37: move eval=-4.900001
[10:48:30.648] [DEBUG] [Move 11] MINIMAX: Root move 38: flip eval=-4.900001
[10:48:30.649] [DEBUG] [Move 11] MINIMAX: Root move 39: flip eval=-4.900001
[10:48:30.651] [DEBUG] [Move 11] MINIMAX: Root move 40: move eval=-4.900001
[10:48:30.653] [DEBUG] [Move 11] MINIMAX: Root move 41: push eval=-4.900001
[10:48:30.655] [DEBUG] [Move 11] MINIMAX: Root move 42: flip eval=-4.900001
[10:48:30.656] [DEBUG] [Move 11] MINIMAX: Root move 43: flip eval=-4.900001
[10:48:30.658] [DEBUG] [Move 11] MINIMAX: Root move 44: move eval=-4.900001
[10:48:30.660] [DEBUG] [Move 11] MINIMAX: Root move 45: move eval=-4.900001
[10:48:30.661] [DEBUG] [Move 11] MINIMAX: Root move 46: push eval=-4.900001
[10:48:30.663] [DEBUG] [Move 11] MINIMAX: Root move 47: flip eval=-4.900001
[10:48:30.665] [DEBUG] [Move 11] MINIMAX: Root move 48: flip eval=-4.900001
[10:48:30.665] [DEBUG] [Move 11] MINIMAX: Root search complete - evaluated=48/48, cutoffs=0
[10:48:30.665] [DEBUG] [Move 11] MINIMAX: Depth 3 completed, nodes=2696, eval=-4.900001, move=move
[10:48:30.665] [DEBUG] [Move 11] MINIMAX: Searching at depth 4
[10:48:30.853] [DEBUG] [Move 11] MINIMAX: Root move 1: move eval=4.200000
[10:48:30.853] [DEBUG] [Move 11] MINIMAX: Alpha improved at root: -1000000.000000 -> 4.200000
[10:48:30.887] [DEBUG] [Move 11] MINIMAX: Beta cutoff at depth 3, move 1/104, alpha=-4.200000, beta=-4.200000
[10:48:30.887] [DEBUG] [Move 11] MINIMAX: Root move 2: move eval=4.200000
[10:48:30.919] [DEBUG] [Move 11] MINIMAX: Beta cutoff at depth 3, move 1/104, alpha=-4.200000, beta=-4.200000
[10:48:30.919] [DEBUG] [Move 11] MINIMAX: Root move 3: flip eval=4.200000
[10:48:30.951] [DEBUG] [Move 11] MINIMAX: Beta cutoff at depth 3, move 1/104, alpha=-4.200000, beta=-4.200000
[10:48:30.951] [DEBUG] [Move 11] MINIMAX: Root move 4: flip eval=4.200000
[10:48:30.987] [DEBUG] [Move 11] MINIMAX: Beta cutoff at depth 3, move 1/104, alpha=-4.200000, beta=-4.200000
[10:48:30.988] [DEBUG] [Move 11] MINIMAX: Root move 5: move eval=4.200000
[10:48:31.022] [DEBUG] [Move 11] MINIMAX: Beta cutoff at depth 3, move 1/104, alpha=-4.200000, beta=-4.200000
[10:48:31.022] [DEBUG] [Move 11] MINIMAX: Root move 6: push eval=4.200000
[10:48:31.062] [DEBUG] [Move 11] MINIMAX: Beta cutoff at depth 3, move 1/104, alpha=-4.200000, beta=-4.200000
[10:48:31.062] [DEBUG] [Move 11] MINIMAX: Root move 7: flip eval=4.200000
[10:48:31.095] [DEBUG] [Move 11] MINIMAX: Beta cutoff at depth 3, move 1/104, alpha=-4.200000, beta=-4.200000
[10:48:31.095] [DEBUG] [Move 11] MINIMAX: Root move 8: flip eval=4.200000
[10:48:31.123] [DEBUG] [Move 11] MINIMAX: Beta cutoff at depth 3, move 1/104, alpha=-4.200000, beta=-4.200000
[10:48:31.123] [DEBUG] [Move 11] MINIMAX: Root move 9: push eval=4.200000
[10:48:31.123] [DEBUG] [Move 11] MINIMAX: TT HIT at depth 3, eval=-4.200000, move=move
[10:48:31.123] [DEBUG] [Move 11] MINIMAX: Root move 10: push eval=4.200000
[10:48:31.152] [DEBUG] [Move 11] MINIMAX: Beta cutoff at depth 3, move 1/104, alpha=-4.200000, beta=-4.200000
[10:48:31.152] [DEBUG] [Move 11] MINIMAX: Root move 11: flip eval=4.200000
[10:48:31.181] [DEBUG] [Move 11] MINIMAX: Beta cutoff at depth 3, move 1/104, alpha=-4.200000, beta=-4.200000
[10:48:31.181] [DEBUG] [Move 11] MINIMAX: Root move 12: flip eval=4.200000
[10:48:31.208] [DEBUG] [Move 11] MINIMAX: Beta cutoff at depth 3, move 1/104, alpha=-4.200000, beta=-4.200000
[10:48:31.208] [DEBUG] [Move 11] MINIMAX: Root move 13: push eval=4.200000
[10:48:31.233] [DEBUG] [Move 11] MINIMAX: Beta cutoff at depth 3, move 1/104, alpha=-4.200000, beta=-4.200000
[10:48:31.233] [DEBUG] [Move 11] MINIMAX: Root move 14: flip eval=4.200000
[10:48:31.261] [DEBUG] [Move 11] MINIMAX: Beta cutoff at depth 3, move 1/104, alpha=-4.200000, beta=-4.200000
[10:48:31.261] [DEBUG] [Move 11] MINIMAX: Root move 15: flip eval=4.200000
[10:48:31.284] [DEBUG] [Move 11] MINIMAX: Beta cutoff at depth 3, move 1/104, alpha=-4.200000, beta=-4.200000
[10:48:31.284] [DEBUG] [Move 11] MINIMAX: Root move 16: push eval=4.200000
[10:48:31.284] [DEBUG] [Move 11] MINIMAX: TT HIT at depth 3, eval=-4.200000, move=move
[10:48:31.284] [DEBUG] [Move 11] MINIMAX: Root move 17: push eval=4.200000
[10:48:31.310] [DEBUG] [Move 11] MINIMAX: Beta cutoff at depth 3, move 1/104, alpha=-4.200000, beta=-4.200000
[10:48:31.311] [DEBUG] [Move 11] MINIMAX: Root move 18: flip eval=4.200000
[10:48:31.336] [DEBUG] [Move 11] MINIMAX: Beta cutoff at depth 3, move 1/104, alpha=-4.200000, beta=-4.200000
[10:48:31.336] [DEBUG] [Move 11] MINIMAX: Root move 19: flip eval=4.200000
[10:48:31.358] [DEBUG] [Move 11] MINIMAX: Beta cutoff at depth 3, move 1/104, alpha=-4.200000, beta=-4.200000
[10:48:31.358] [DEBUG] [Move 11] MINIMAX: Root move 20: move eval=4.200000
[10:48:31.381] [DEBUG] [Move 11] MINIMAX: Beta cutoff at depth 3, move 1/104, alpha=-4.200000, beta=-4.200000
[10:48:31.381] [DEBUG] [Move 11] MINIMAX: Root move 21: move eval=4.200000
[10:48:31.401] [DEBUG] [Move 11] MINIMAX: Beta cutoff at depth 3, move 1/104, alpha=-4.200000, beta=-4.200000
[10:48:31.401] [DEBUG] [Move 11] MINIMAX: Root move 22: push eval=4.200000
[10:48:31.424] [DEBUG] [Move 11] MINIMAX: Beta cutoff at depth 3, move 1/104, alpha=-4.200000, beta=-4.200000
[10:48:31.424] [DEBUG] [Move 11] MINIMAX: Root move 23: flip eval=4.200000
[10:48:31.449] [DEBUG] [Move 11] MINIMAX: Beta cutoff at depth 3, move 1/104, alpha=-4.200000, beta=-4.200000
[10:48:31.449] [DEBUG] [Move 11] MINIMAX: Root move 24: flip eval=4.200000
[10:48:31.472] [DEBUG] [Move 11] MINIMAX: Beta cutoff at depth 3, move 1/109, alpha=-4.200000, beta=-4.200000
[10:48:31.472] [DEBUG] [Move 11] MINIMAX: Root move 25: move eval=4.200000
[10:48:31.490] [DEBUG] [Move 11] MINIMAX: Beta cutoff at depth 3, move 1/105, alpha=-4.200000, beta=-4.200000
[10:48:31.490] [DEBUG] [Move 11] MINIMAX: Root move 26: move eval=4.200000
[10:48:31.509] [DEBUG] [Move 11] MINIMAX: Beta cutoff at depth 3, move 1/103, alpha=-4.200000, beta=-4.200000
[10:48:31.509] [DEBUG] [Move 11] MINIMAX: Root move 27: move eval=4.200000
[10:48:31.528] [DEBUG] [Move 11] MINIMAX: Beta cutoff at depth 3, move 1/107, alpha=-4.200000, beta=-4.200000
[10:48:31.528] [DEBUG] [Move 11] MINIMAX: Root move 28: flip eval=4.200000
[10:48:31.557] [DEBUG] [Move 11] MINIMAX: Beta cutoff at depth 3, move 1/108, alpha=-4.200000, beta=-4.200000
[10:48:31.557] [DEBUG] [Move 11] MINIMAX: Root move 29: flip eval=4.200000
[10:48:31.588] [DEBUG] [Move 11] MINIMAX: Beta cutoff at depth 3, move 1/99, alpha=-4.200000, beta=-4.200000
[10:48:31.588] [DEBUG] [Move 11] MINIMAX: Root move 30: move eval=4.200000
[10:48:31.606] [DEBUG] [Move 11] MINIMAX: Beta cutoff at depth 3, move 1/109, alpha=-4.200000, beta=-4.200000
[10:48:31.606] [DEBUG] [Move 11] MINIMAX: Root move 31: push eval=4.200000
[10:48:31.622] [DEBUG] [Move 11] MINIMAX: Beta cutoff at depth 3, move 1/104, alpha=-4.200000, beta=-4.200000
[10:48:31.622] [DEBUG] [Move 11] MINIMAX: Root move 32: flip eval=4.200000
[10:48:31.651] [DEBUG] [Move 11] MINIMAX: Beta cutoff at depth 3, move 1/104, alpha=-4.200000, beta=-4.200000
[10:48:31.651] [DEBUG] [Move 11] MINIMAX: Root move 33: flip eval=4.200000
[10:48:31.666] [DEBUG] [Move 11] MINIMAX: Beta cutoff at depth 3, move 1/98, alpha=-4.200000, beta=-4.200000
[10:48:31.666] [DEBUG] [Move 11] MINIMAX: Root move 34: move eval=4.200000
[10:48:31.679] [DEBUG] [Move 11] MINIMAX: Beta cutoff at depth 3, move 1/104, alpha=-4.200000, beta=-4.200000
[10:48:31.679] [DEBUG] [Move 11] MINIMAX: Root move 35: flip eval=4.200000
[10:48:31.701] [DEBUG] [Move 11] MINIMAX: Beta cutoff at depth 3, move 1/104, alpha=-4.200000, beta=-4.200000
[10:48:31.701] [DEBUG] [Move 11] MINIMAX: Root move 36: flip eval=4.200000
[10:48:31.714] [DEBUG] [Move 11] MINIMAX: Beta cutoff at depth 3, move 1/101, alpha=-4.200000, beta=-4.200000
[10:48:31.714] [DEBUG] [Move 11] MINIMAX: Root move 37: move eval=4.200000
[10:48:31.730] [DEBUG] [Move 11] MINIMAX: Beta cutoff at depth 3, move 1/104, alpha=-4.200000, beta=-4.200000
[10:48:31.730] [DEBUG] [Move 11] MINIMAX: Root move 38: flip eval=4.200000
[10:48:31.749] [DEBUG] [Move 11] MINIMAX: Beta cutoff at depth 3, move 1/104, alpha=-4.200000, beta=-4.200000
[10:48:31.749] [DEBUG] [Move 11] MINIMAX: Root move 39: flip eval=4.200000
[10:48:31.765] [DEBUG] [Move 11] MINIMAX: Beta cutoff at depth 3, move 1/103, alpha=-4.200000, beta=-4.200000
[10:48:31.765] [DEBUG] [Move 11] MINIMAX: Root move 40: move eval=4.200000
[10:48:31.776] [DEBUG] [Move 11] MINIMAX: Beta cutoff at depth 3, move 1/105, alpha=-4.200000, beta=-4.200000
[10:48:31.776] [DEBUG] [Move 11] MINIMAX: Root move 41: push eval=4.200000
[10:48:31.785] [DEBUG] [Move 11] MINIMAX: Beta cutoff at depth 3, move 1/104, alpha=-4.200000, beta=-4.200000
[10:48:31.786] [DEBUG] [Move 11] MINIMAX: Root move 42: flip eval=4.200000
[10:48:31.798] [DEBUG] [Move 11] MINIMAX: Beta cutoff at depth 3, move 1/104, alpha=-4.200000, beta=-4.200000
[10:48:31.798] [DEBUG] [Move 11] MINIMAX: Root move 43: flip eval=4.200000
[10:48:31.804] [DEBUG] [Move 11] MINIMAX: Beta cutoff at depth 3, move 1/101, alpha=-4.200000, beta=-4.200000
[10:48:31.804] [DEBUG] [Move 11] MINIMAX: Root move 44: move eval=4.200000
[10:48:31.811] [DEBUG] [Move 11] MINIMAX: Beta cutoff at depth 3, move 1/107, alpha=-4.200000, beta=-4.200000
[10:48:31.811] [DEBUG] [Move 11] MINIMAX: Root move 45: move eval=4.200000
[10:48:31.822] [DEBUG] [Move 11] MINIMAX: Beta cutoff at depth 3, move 1/107, alpha=-4.200000, beta=-4.200000
[10:48:31.822] [DEBUG] [Move 11] MINIMAX: Root move 46: push eval=4.200000
[10:48:31.834] [DEBUG] [Move 11] MINIMAX: Beta cutoff at depth 3, move 1/113, alpha=-4.200000, beta=-4.200000
[10:48:31.834] [DEBUG] [Move 11] MINIMAX: Root move 47: flip eval=4.200000
[10:48:31.846] [DEBUG] [Move 11] MINIMAX: Beta cutoff at depth 3, move 1/104, alpha=-4.200000, beta=-4.200000
[10:48:31.846] [DEBUG] [Move 11] MINIMAX: Root move 48: flip eval=4.200000
[10:48:31.846] [DEBUG] [Move 11] MINIMAX: Root search complete - evaluated=48/48, cutoffs=0
[10:48:31.846] [DEBUG] [Move 11] MINIMAX: Depth 4 completed, nodes=12449, eval=4.200000, move=move
[10:48:31.846] [DEBUG] [Move 11] MINIMAX: Searching at depth 5
[10:48:30.317] [DEBUG] [Move 11] MINIMAX: New best at depth 4, move=move, eval=4.900001
[10:48:30.388] [DEBUG] [Move 11] MINIMAX: Beta cutoff at depth 3, move 1/49, alpha=-4.900001, beta=-4.900001
[10:48:30.463] [DEBUG] [Move 11] MINIMAX: Beta cutoff at depth 3, move 1/49, alpha=-4.900001, beta=-4.900001
[10:48:30.512] [DEBUG] [Move 11] MINIMAX: Beta cutoff at depth 3, move 1/52, alpha=-4.900001, beta=-4.900001
[10:48:30.565] [DEBUG] [Move 11] MINIMAX: Beta cutoff at depth 3, move 1/49, alpha=-4.900001, beta=-4.900001
[10:48:30.634] [DEBUG] [Move 11] MINIMAX: Beta cutoff at depth 3, move 1/49, alpha=-4.900001, beta=-4.900001
[10:48:30.691] [DEBUG] [Move 11] MINIMAX: Beta cutoff at depth 3, move 1/49, alpha=-4.900001, beta=-4.900001
[10:48:30.751] [DEBUG] [Move 11] MINIMAX: Beta cutoff at depth 3, move 1/49, alpha=-4.900001, beta=-4.900001
[10:48:30.802] [DEBUG] [Move 11] MINIMAX: Beta cutoff at depth 3, move 1/55, alpha=-4.900001, beta=-4.900001
[10:48:30.854] [DEBUG] [Move 11] MINIMAX: Beta cutoff at depth 3, move 1/49, alpha=-4.900001, beta=-4.900001
[10:48:30.908] [DEBUG] [Move 11] MINIMAX: Beta cutoff at depth 3, move 1/49, alpha=-4.900001, beta=-4.900001
[10:48:30.955] [DEBUG] [Move 11] MINIMAX: Beta cutoff at depth 3, move 1/49, alpha=-4.900001, beta=-4.900001
[10:48:31.007] [DEBUG] [Move 11] MINIMAX: Beta cutoff at depth 3, move 1/49, alpha=-4.900001, beta=-4.900001
[10:48:31.053] [DEBUG] [Move 11] MINIMAX: Beta cutoff at depth 3, move 1/53, alpha=-4.900001, beta=-4.900001
[10:48:31.098] [DEBUG] [Move 11] MINIMAX: Beta cutoff at depth 3, move 1/49, alpha=-4.900001, beta=-4.900001
[10:48:31.143] [DEBUG] [Move 11] MINIMAX: Beta cutoff at depth 3, move 1/49, alpha=-4.900001, beta=-4.900001
[10:48:31.192] [DEBUG] [Move 11] MINIMAX: Beta cutoff at depth 3, move 1/49, alpha=-4.900001, beta=-4.900001
[10:48:31.254] [DEBUG] [Move 11] MINIMAX: Beta cutoff at depth 3, move 1/49, alpha=-4.900001, beta=-4.900001
[10:48:31.322] [DEBUG] [Move 11] MINIMAX: Beta cutoff at depth 3, move 1/49, alpha=-4.900001, beta=-4.900001
[10:48:31.391] [DEBUG] [Move 11] MINIMAX: Beta cutoff at depth 3, move 1/49, alpha=-4.900001, beta=-4.900001
[10:48:31.478] [DEBUG] [Move 11] MINIMAX: Beta cutoff at depth 3, move 1/49, alpha=-4.900001, beta=-4.900001
[10:48:31.542] [DEBUG] [Move 11] MINIMAX: Beta cutoff at depth 3, move 1/52, alpha=-4.900001, beta=-4.900001
[10:48:31.587] [DEBUG] [Move 11] MINIMAX: Beta cutoff at depth 3, move 1/49, alpha=-4.900001, beta=-4.900001
[10:48:31.628] [DEBUG] [Move 11] MINIMAX: Beta cutoff at depth 3, move 1/49, alpha=-4.900001, beta=-4.900001
[10:48:31.743] [DEBUG] [Move 11] MINIMAX: Beta cutoff at depth 3, move 2/49, alpha=-4.900001, beta=-4.900001
[10:48:31.791] [DEBUG] [Move 11] MINIMAX: Beta cutoff at depth 3, move 1/49, alpha=-4.900001, beta=-4.900001
[10:48:31.791] [DEBUG] [Move 11] MINIMAX: TT HIT at depth 3, eval=-4.900001, move=move
[10:48:31.791] [DEBUG] [Move 11] MINIMAX: TT HIT at depth 3, eval=-4.900001, move=move
[10:48:31.831] [DEBUG] [Move 11] MINIMAX: Beta cutoff at depth 3, move 1/49, alpha=-4.900001, beta=-4.900001
[10:48:31.831] [DEBUG] [Move 11] MINIMAX: TT HIT at depth 3, eval=-4.900001, move=move
[10:48:31.831] [DEBUG] [Move 11] MINIMAX: TT HIT at depth 3, eval=-4.900001, move=move
[10:48:31.865] [DEBUG] [Move 11] MINIMAX: Beta cutoff at depth 3, move 1/49, alpha=-4.900001, beta=-4.900001
[10:48:31.918] [DEBUG] [Move 11] MINIMAX: Beta cutoff at depth 3, move 1/49, alpha=-4.900001, beta=-4.900001
[10:48:31.978] [DEBUG] [Move 11] MINIMAX: Beta cutoff at depth 3, move 1/48, alpha=-4.900001, beta=-4.900001
[10:48:32.032] [DEBUG] [Move 11] MINIMAX: Beta cutoff at depth 3, move 1/49, alpha=-4.900001, beta=-4.900001
[10:48:32.117] [DEBUG] [Move 11] MINIMAX: Beta cutoff at depth 3, move 1/49, alpha=-4.900001, beta=-4.900001
[10:48:32.157] [DEBUG] [Move 11] MINIMAX: Beta cutoff at depth 3, move 1/48, alpha=-4.900001, beta=-4.900001
[10:48:32.195] [DEBUG] [Move 11] MINIMAX: Beta cutoff at depth 3, move 1/49, alpha=-4.900001, beta=-4.900001
[10:48:32.235] [DEBUG] [Move 11] MINIMAX: Beta cutoff at depth 3, move 1/49, alpha=-4.900001, beta=-4.900001
[10:48:32.313] [DEBUG] [Move 11] MINIMAX: Beta cutoff at depth 3, move 1/49, alpha=-4.900001, beta=-4.900001
[10:48:32.365] [DEBUG] [Move 11] MINIMAX: Beta cutoff at depth 3, move 1/49, alpha=-4.900001, beta=-4.900001
[10:48:32.398] [DEBUG] [Move 11] MINIMAX: Beta cutoff at depth 3, move 1/49, alpha=-4.900001, beta=-4.900001
[10:48:32.432] [DEBUG] [Move 11] MINIMAX: Beta cutoff at depth 3, move 1/48, alpha=-4.900001, beta=-4.900001
[10:48:32.466] [DEBUG] [Move 11] MINIMAX: Beta cutoff at depth 3, move 1/49, alpha=-4.900001, beta=-4.900001
[10:48:32.516] [DEBUG] [Move 11] MINIMAX: Beta cutoff at depth 3, move 1/49, alpha=-4.900001, beta=-4.900001
[10:48:32.572] [DEBUG] [Move 11] MINIMAX: Beta cutoff at depth 3, move 1/49, alpha=-4.900001, beta=-4.900001
[10:48:32.613] [DEBUG] [Move 11] MINIMAX: Beta cutoff at depth 3, move 1/49, alpha=-4.900001, beta=-4.900001
[10:48:32.642] [DEBUG] [Move 11] MINIMAX: Beta cutoff at depth 3, move 1/49, alpha=-4.900001, beta=-4.900001
[10:48:32.669] [DEBUG] [Move 11] MINIMAX: Beta cutoff at depth 3, move 1/49, alpha=-4.900001, beta=-4.900001
[10:48:32.701] [DEBUG] [Move 11] MINIMAX: Beta cutoff at depth 3, move 1/49, alpha=-4.900001, beta=-4.900001
[10:48:32.701] [DEBUG] [Move 11] MINIMAX: TT HIT at depth 3, eval=-4.900001, move=move
[10:48:32.701] [DEBUG] [Move 11] MINIMAX: TT HIT at depth 3, eval=-4.900001, move=move
[10:48:32.731] [DEBUG] [Move 11] MINIMAX: Beta cutoff at depth 3, move 1/49, alpha=-4.900001, beta=-4.900001
[10:48:32.732] [DEBUG] [Move 11] MINIMAX: TT HIT at depth 3, eval=-4.900001, move=move
[10:48:32.732] [DEBUG] [Move 11] MINIMAX: TT HIT at depth 3, eval=-4.900001, move=move
[10:48:32.732] [DEBUG] [Move 11] MINIMAX: TT HIT at depth 3, eval=-4.900001, move=move
[10:48:32.732] [DEBUG] [Move 11] MINIMAX: TT HIT at depth 3, eval=-4.900001, move=move
[10:48:32.732] [DEBUG] [Move 11] MINIMAX: TT HIT at depth 3, eval=-4.900001, move=move
[10:48:32.767] [DEBUG] [Move 11] MINIMAX: Beta cutoff at depth 3, move 1/49, alpha=-4.900001, beta=-4.900001
[10:48:32.797] [DEBUG] [Move 11] MINIMAX: Beta cutoff at depth 3, move 1/49, alpha=-4.900001, beta=-4.900001
[10:48:32.825] [DEBUG] [Move 11] MINIMAX: Beta cutoff at depth 3, move 1/49, alpha=-4.900001, beta=-4.900001
[10:48:32.856] [DEBUG] [Move 11] MINIMAX: Beta cutoff at depth 3, move 1/53, alpha=-4.900001, beta=-4.900001
[10:48:32.884] [DEBUG] [Move 11] MINIMAX: Beta cutoff at depth 3, move 1/49, alpha=-4.900001, beta=-4.900001
[10:48:32.911] [DEBUG] [Move 11] MINIMAX: Beta cutoff at depth 3, move 1/49, alpha=-4.900001, beta=-4.900001
[10:48:32.933] [DEBUG] [Move 11] MINIMAX: Beta cutoff at depth 3, move 1/49, alpha=-4.900001, beta=-4.900001
[10:48:32.934] [DEBUG] [Move 11] MINIMAX: TT HIT at depth 3, eval=-4.900001, move=move
[10:48:32.934] [DEBUG] [Move 11] MINIMAX: TT HIT at depth 3, eval=-4.900001, move=move
[10:48:33.006] [DEBUG] [Move 11] MINIMAX: Beta cutoff at depth 3, move 2/49, alpha=-4.900001, beta=-4.900001
[10:48:33.052] [DEBUG] [Move 11] MINIMAX: Beta cutoff at depth 3, move 1/49, alpha=-4.900001, beta=-4.900001
[10:48:33.099] [DEBUG] [Move 11] MINIMAX: Beta cutoff at depth 3, move 1/48, alpha=-4.900001, beta=-4.900001
[10:48:33.125] [DEBUG] [Move 11] MINIMAX: Beta cutoff at depth 3, move 1/49, alpha=-4.900001, beta=-4.900001
[10:48:33.162] [DEBUG] [Move 11] MINIMAX: Beta cutoff at depth 3, move 1/49, alpha=-4.900001, beta=-4.900001
[10:48:33.201] [DEBUG] [Move 11] MINIMAX: Beta cutoff at depth 3, move 1/48, alpha=-4.900001, beta=-4.900001
[10:48:33.234] [DEBUG] [Move 11] MINIMAX: Beta cutoff at depth 3, move 1/49, alpha=-4.900001, beta=-4.900001
[10:48:33.270] [DEBUG] [Move 11] MINIMAX: Beta cutoff at depth 3, move 1/49, alpha=-4.900001, beta=-4.900001
[10:48:33.308] [DEBUG] [Move 11] MINIMAX: Beta cutoff at depth 3, move 1/49, alpha=-4.900001, beta=-4.900001
[10:48:33.344] [DEBUG] [Move 11] MINIMAX: Beta cutoff at depth 3, move 1/49, alpha=-4.900001, beta=-4.900001
[10:48:33.383] [DEBUG] [Move 11] MINIMAX: Beta cutoff at depth 3, move 1/49, alpha=-4.900001, beta=-4.900001
[10:48:33.383] [DEBUG] [Move 11] MINIMAX: TT HIT at depth 3, eval=-4.900001, move=move
[10:48:33.383] [DEBUG] [Move 11] MINIMAX: TT HIT at depth 3, eval=-4.900001, move=move
[10:48:33.407] [DEBUG] [Move 11] MINIMAX: Beta cutoff at depth 3, move 1/49, alpha=-4.900001, beta=-4.900001
[10:48:33.407] [DEBUG] [Move 11] MINIMAX: TT HIT at depth 3, eval=-4.900001, move=move
[10:48:33.407] [DEBUG] [Move 11] MINIMAX: TT HIT at depth 3, eval=-4.900001, move=move
[10:48:33.422] [DEBUG] [Move 11] MINIMAX: Beta cutoff at depth 3, move 1/49, alpha=-4.900001, beta=-4.900001
[10:48:33.438] [DEBUG] [Move 11] MINIMAX: Beta cutoff at depth 3, move 1/49, alpha=-4.900001, beta=-4.900001
[10:48:33.453] [DEBUG] [Move 11] MINIMAX: Beta cutoff at depth 3, move 1/49, alpha=-4.900001, beta=-4.900001
[10:48:33.453] [DEBUG] [Move 11] MINIMAX: TT HIT at depth 3, eval=-4.900001, move=move
[10:48:33.467] [DEBUG] [Move 11] MINIMAX: Beta cutoff at depth 3, move 1/49, alpha=-4.900001, beta=-4.900001
[10:48:33.482] [DEBUG] [Move 11] MINIMAX: Beta cutoff at depth 3, move 1/49, alpha=-4.900001, beta=-4.900001
[10:48:33.496] [DEBUG] [Move 11] MINIMAX: Beta cutoff at depth 3, move 1/48, alpha=-4.900001, beta=-4.900001
[10:48:33.518] [DEBUG] [Move 11] MINIMAX: Beta cutoff at depth 3, move 1/49, alpha=-4.900001, beta=-4.900001
[10:48:33.545] [DEBUG] [Move 11] MINIMAX: Beta cutoff at depth 3, move 1/49, alpha=-4.900001, beta=-4.900001
[10:48:33.565] [DEBUG] [Move 11] MINIMAX: Beta cutoff at depth 3, move 1/49, alpha=-4.900001, beta=-4.900001
[10:48:33.586] [DEBUG] [Move 11] MINIMAX: Beta cutoff at depth 3, move 1/49, alpha=-4.900001, beta=-4.900001
[10:48:33.605] [DEBUG] [Move 11] MINIMAX: Beta cutoff at depth 3, move 1/49, alpha=-4.900001, beta=-4.900001
[10:48:33.618] [DEBUG] [Move 11] MINIMAX: Beta cutoff at depth 3, move 1/49, alpha=-4.900001, beta=-4.900001
[10:48:33.633] [DEBUG] [Move 11] MINIMAX: Beta cutoff at depth 3, move 1/49, alpha=-4.900001, beta=-4.900001
[10:48:33.649] [DEBUG] [Move 11] MINIMAX: Beta cutoff at depth 3, move 1/49, alpha=-4.900001, beta=-4.900001
[10:48:33.657] [DEBUG] [Move 11] MINIMAX: Beta cutoff at depth 3, move 1/49, alpha=-4.900001, beta=-4.900001
[10:48:33.660] [DEBUG] [Move 11] MINIMAX: Beta cutoff at depth 3, move 1/49, alpha=-4.900001, beta=-4.900001
[10:48:33.665] [DEBUG] [Move 11] MINIMAX: Beta cutoff at depth 3, move 1/49, alpha=-4.900001, beta=-4.900001
[10:48:33.671] [DEBUG] [Move 11] MINIMAX: Beta cutoff at depth 3, move 1/49, alpha=-4.900001, beta=-4.900001
[10:48:33.683] [DEBUG] [Move 11] MINIMAX: Beta cutoff at depth 3, move 1/49, alpha=-4.900001, beta=-4.900001
[10:48:33.688] [DEBUG] [Move 11] MINIMAX: Beta cutoff at depth 3, move 1/49, alpha=-4.900001, beta=-4.900001
[10:48:33.688] [DEBUG] [Move 11] MINIMAX: Root move 1: move eval=-4.900001
[10:48:33.688] [DEBUG] [Move 11] MINIMAX: Alpha improved at root: -1000000.000000 -> -4.900001
[10:48:33.786] [DEBUG] [Move 11] MINIMAX: New best at depth 4, move=move, eval=4.900001
[10:48:33.786] [DEBUG] [Move 11] MINIMAX: Beta cutoff at depth 4, move 1/104, alpha=4.900001, beta=4.900001
[10:48:33.786] [DEBUG] [Move 11] MINIMAX: Root move 2: move eval=-4.900001
[10:48:33.861] [DEBUG] [Move 11] MINIMAX: New best at depth 4, move=move, eval=4.900001
[10:48:33.861] [DEBUG] [Move 11] MINIMAX: Beta cutoff at depth 4, move 1/104, alpha=4.900001, beta=4.900001
[10:48:33.861] [DEBUG] [Move 11] MINIMAX: Root move 3: flip eval=-4.900001
[10:48:33.944] [DEBUG] [Move 11] MINIMAX: New best at depth 4, move=move, eval=4.900001
[10:48:33.944] [DEBUG] [Move 11] MINIMAX: Beta cutoff at depth 4, move 1/104, alpha=4.900001, beta=4.900001
[10:48:33.944] [DEBUG] [Move 11] MINIMAX: Root move 4: flip eval=-4.900001
[10:48:34.039] [DEBUG] [Move 11] MINIMAX: New best at depth 4, move=move, eval=4.900001
[10:48:34.039] [DEBUG] [Move 11] MINIMAX: Beta cutoff at depth 4, move 1/104, alpha=4.900001, beta=4.900001
[10:48:34.039] [DEBUG] [Move 11] MINIMAX: Root move 5: move eval=-4.900001
[10:48:34.131] [DEBUG] [Move 11] MINIMAX: New best at depth 4, move=move, eval=4.900001
[10:48:34.131] [DEBUG] [Move 11] MINIMAX: Beta cutoff at depth 4, move 1/104, alpha=4.900001, beta=4.900001
[10:48:34.131] [DEBUG] [Move 11] MINIMAX: Root move 6: push eval=-4.900001
[10:48:34.211] [DEBUG] [Move 11] MINIMAX: New best at depth 4, move=move, eval=4.900001
[10:48:34.211] [DEBUG] [Move 11] MINIMAX: Beta cutoff at depth 4, move 1/104, alpha=4.900001, beta=4.900001
[10:48:34.211] [DEBUG] [Move 11] MINIMAX: Root move 7: flip eval=-4.900001
[10:48:34.294] [DEBUG] [Move 11] MINIMAX: New best at depth 4, move=move, eval=4.900001
[10:48:34.295] [DEBUG] [Move 11] MINIMAX: Beta cutoff at depth 4, move 1/104, alpha=4.900001, beta=4.900001
[10:48:34.295] [DEBUG] [Move 11] MINIMAX: Root move 8: flip eval=-4.900001
[10:48:34.355] [DEBUG] [Move 11] MINIMAX: New best at depth 4, move=move, eval=4.900001
[10:48:34.355] [DEBUG] [Move 11] MINIMAX: Beta cutoff at depth 4, move 1/104, alpha=4.900001, beta=4.900001
[10:48:34.356] [DEBUG] [Move 11] MINIMAX: Root move 9: push eval=-4.900001
[10:48:34.356] [DEBUG] [Move 11] MINIMAX: TT HIT at depth 4, eval=4.900001, move=move
[10:48:34.356] [DEBUG] [Move 11] MINIMAX: Root move 10: push eval=-4.900001
[10:48:34.423] [DEBUG] [Move 11] MINIMAX: New best at depth 4, move=move, eval=4.900001
[10:48:34.423] [DEBUG] [Move 11] MINIMAX: Beta cutoff at depth 4, move 1/104, alpha=4.900001, beta=4.900001
[10:48:34.423] [DEBUG] [Move 11] MINIMAX: Root move 11: flip eval=-4.900001
[10:48:34.492] [DEBUG] [Move 11] MINIMAX: New best at depth 4, move=move, eval=4.900001
[10:48:34.492] [DEBUG] [Move 11] MINIMAX: Beta cutoff at depth 4, move 1/104, alpha=4.900001, beta=4.900001
[10:48:34.492] [DEBUG] [Move 11] MINIMAX: Root move 12: flip eval=-4.900001
[10:48:34.572] [DEBUG] [Move 11] MINIMAX: New best at depth 4, move=move, eval=4.900001
[10:48:34.572] [DEBUG] [Move 11] MINIMAX: Beta cutoff at depth 4, move 1/104, alpha=4.900001, beta=4.900001
[10:48:34.572] [DEBUG] [Move 11] MINIMAX: Root move 13: push eval=-4.900001
[10:48:34.650] [DEBUG] [Move 11] MINIMAX: New best at depth 4, move=move, eval=4.900001
[10:48:34.650] [DEBUG] [Move 11] MINIMAX: Beta cutoff at depth 4, move 1/104, alpha=4.900001, beta=4.900001
[10:48:34.650] [DEBUG] [Move 11] MINIMAX: Root move 14: flip eval=-4.900001
[10:48:34.713] [DEBUG] [Move 11] MINIMAX: New best at depth 4, move=move, eval=4.900001
[10:48:34.713] [DEBUG] [Move 11] MINIMAX: Beta cutoff at depth 4, move 1/104, alpha=4.900001, beta=4.900001
[10:48:34.713] [DEBUG] [Move 11] MINIMAX: Root move 15: flip eval=-4.900001
[10:48:34.788] [DEBUG] [Move 11] MINIMAX: New best at depth 4, move=move, eval=4.900001
[10:48:34.789] [DEBUG] [Move 11] MINIMAX: Beta cutoff at depth 4, move 1/104, alpha=4.900001, beta=4.900001
[10:48:34.789] [DEBUG] [Move 11] MINIMAX: Root move 16: push eval=-4.900001
[10:48:34.789] [DEBUG] [Move 11] MINIMAX: TT HIT at depth 4, eval=4.900001, move=move
[10:48:34.789] [DEBUG] [Move 11] MINIMAX: Root move 17: push eval=-4.900001
[10:48:34.862] [DEBUG] [Move 11] MINIMAX: New best at depth 4, move=move, eval=4.900001
[10:48:34.862] [DEBUG] [Move 11] MINIMAX: Beta cutoff at depth 4, move 1/104, alpha=4.900001, beta=4.900001
[10:48:34.862] [DEBUG] [Move 11] MINIMAX: Root move 18: flip eval=-4.900001
[10:48:34.921] [DEBUG] [Move 11] MINIMAX: New best at depth 4, move=move, eval=4.900001
[10:48:34.921] [DEBUG] [Move 11] MINIMAX: Beta cutoff at depth 4, move 1/104, alpha=4.900001, beta=4.900001
[10:48:34.921] [DEBUG] [Move 11] MINIMAX: Root move 19: flip eval=-4.900001
[10:48:34.977] [DEBUG] [Move 11] MINIMAX: New best at depth 4, move=move, eval=4.900001
[10:48:34.977] [DEBUG] [Move 11] MINIMAX: Beta cutoff at depth 4, move 1/104, alpha=4.900001, beta=4.900001
[10:48:34.977] [DEBUG] [Move 11] MINIMAX: Root move 20: move eval=-4.900001
[10:48:35.031] [DEBUG] [Move 11] MINIMAX: New best at depth 4, move=move, eval=4.900001
[10:48:35.031] [DEBUG] [Move 11] MINIMAX: Beta cutoff at depth 4, move 1/104, alpha=4.900001, beta=4.900001
[10:48:35.031] [DEBUG] [Move 11] MINIMAX: Root move 21: move eval=-4.900001
[10:48:35.094] [DEBUG] [Move 11] MINIMAX: New best at depth 4, move=move, eval=4.900001
[10:48:35.094] [DEBUG] [Move 11] MINIMAX: Beta cutoff at depth 4, move 1/104, alpha=4.900001, beta=4.900001
[10:48:35.094] [DEBUG] [Move 11] MINIMAX: Root move 22: push eval=-4.900001
[10:48:35.180] [DEBUG] [Move 11] MINIMAX: New best at depth 4, move=move, eval=4.900001
[10:48:35.180] [DEBUG] [Move 11] MINIMAX: Beta cutoff at depth 4, move 1/104, alpha=4.900001, beta=4.900001
[10:48:35.180] [DEBUG] [Move 11] MINIMAX: Root move 23: flip eval=-4.900001
[10:48:35.240] [DEBUG] [Move 11] MINIMAX: New best at depth 4, move=move, eval=4.900001
[10:48:35.240] [DEBUG] [Move 11] MINIMAX: Beta cutoff at depth 4, move 1/104, alpha=4.900001, beta=4.900001
[10:48:35.240] [DEBUG] [Move 11] MINIMAX: Root move 24: flip eval=-4.900001
[10:48:35.285] [DEBUG] [Move 11] MINIMAX: New best at depth 4, move=move, eval=4.900001
[10:48:35.285] [DEBUG] [Move 11] MINIMAX: Beta cutoff at depth 4, move 1/109, alpha=4.900001, beta=4.900001
[10:48:35.285] [DEBUG] [Move 11] MINIMAX: Root move 25: move eval=-4.900001
[10:48:35.329] [DEBUG] [Move 11] MINIMAX: New best at depth 4, move=move, eval=4.900001
[10:48:35.329] [DEBUG] [Move 11] MINIMAX: Beta cutoff at depth 4, move 1/105, alpha=4.900001, beta=4.900001
[10:48:35.329] [DEBUG] [Move 11] MINIMAX: Root move 26: move eval=-4.900001
[10:48:35.377] [DEBUG] [Move 11] MINIMAX: New best at depth 4, move=move, eval=4.900001
[10:48:35.377] [DEBUG] [Move 11] MINIMAX: Beta cutoff at depth 4, move 1/103, alpha=4.900001, beta=4.900001
[10:48:35.378] [DEBUG] [Move 11] MINIMAX: Root move 27: move eval=-4.900001
[10:48:35.420] [DEBUG] [Move 11] MINIMAX: New best at depth 4, move=move, eval=4.900001
[10:48:35.420] [DEBUG] [Move 11] MINIMAX: Beta cutoff at depth 4, move 1/107, alpha=4.900001, beta=4.900001
[10:48:35.420] [DEBUG] [Move 11] MINIMAX: Root move 28: flip eval=-4.900001
[10:48:35.478] [DEBUG] [Move 11] MINIMAX: New best at depth 4, move=move, eval=4.900001
[10:48:35.478] [DEBUG] [Move 11] MINIMAX: Beta cutoff at depth 4, move 1/108, alpha=4.900001, beta=4.900001
[10:48:35.478] [DEBUG] [Move 11] MINIMAX: Root move 29: flip eval=-4.900001
[10:48:35.518] [DEBUG] [Move 11] MINIMAX: New best at depth 4, move=move, eval=4.900001
[10:48:35.518] [DEBUG] [Move 11] MINIMAX: Beta cutoff at depth 4, move 1/99, alpha=4.900001, beta=4.900001
[10:48:35.518] [DEBUG] [Move 11] MINIMAX: Root move 30: move eval=-4.900001
[10:48:35.556] [DEBUG] [Move 11] MINIMAX: New best at depth 4, move=move, eval=4.900001
[10:48:35.556] [DEBUG] [Move 11] MINIMAX: Beta cutoff at depth 4, move 1/109, alpha=4.900001, beta=4.900001
[10:48:35.556] [DEBUG] [Move 11] MINIMAX: Root move 31: push eval=-4.900001
[10:48:35.589] [DEBUG] [Move 11] MINIMAX: New best at depth 4, move=move, eval=4.900001
[10:48:35.589] [DEBUG] [Move 11] MINIMAX: Beta cutoff at depth 4, move 1/104, alpha=4.900001, beta=4.900001
[10:48:35.589] [DEBUG] [Move 11] MINIMAX: Root move 32: flip eval=-4.900001
[10:48:35.654] [DEBUG] [Move 11] MINIMAX: New best at depth 4, move=move, eval=4.900001
[10:48:35.654] [DEBUG] [Move 11] MINIMAX: Beta cutoff at depth 4, move 1/104, alpha=4.900001, beta=4.900001
[10:48:35.654] [DEBUG] [Move 11] MINIMAX: Root move 33: flip eval=-4.900001
[10:48:35.691] [DEBUG] [Move 11] MINIMAX: New best at depth 4, move=move, eval=4.900001
[10:48:35.691] [DEBUG] [Move 11] MINIMAX: Beta cutoff at depth 4, move 1/98, alpha=4.900001, beta=4.900001
[10:48:35.691] [DEBUG] [Move 11] MINIMAX: Root move 34: move eval=-4.900001
[10:48:35.714] [DEBUG] [Move 11] MINIMAX: New best at depth 4, move=move, eval=4.900001
[10:48:35.714] [DEBUG] [Move 11] MINIMAX: Beta cutoff at depth 4, move 1/104, alpha=4.900001, beta=4.900001
[10:48:35.714] [DEBUG] [Move 11] MINIMAX: Root move 35: flip eval=-4.900001
[10:48:35.764] [DEBUG] [Move 11] MINIMAX: New best at depth 4, move=move, eval=4.900001
[10:48:35.764] [DEBUG] [Move 11] MINIMAX: Beta cutoff at depth 4, move 1/104, alpha=4.900001, beta=4.900001
[10:48:35.764] [DEBUG] [Move 11] MINIMAX: Root move 36: flip eval=-4.900001
[10:48:35.807] [DEBUG] [Move 11] MINIMAX: New best at depth 4, move=move, eval=4.900001
[10:48:35.807] [DEBUG] [Move 11] MINIMAX: Beta cutoff at depth 4, move 1/101, alpha=4.900001, beta=4.900001
[10:48:35.807] [DEBUG] [Move 11] MINIMAX: Root move 37: move eval=-4.900001
[10:48:35.832] [DEBUG] [Move 11] MINIMAX: New best at depth 4, move=move, eval=4.900001
[10:48:35.832] [DEBUG] [Move 11] MINIMAX: Beta cutoff at depth 4, move 1/104, alpha=4.900001, beta=4.900001
[10:48:35.832] [DEBUG] [Move 11] MINIMAX: Root move 38: flip eval=-4.900001
[10:48:35.873] [DEBUG] [Move 11] MINIMAX: New best at depth 4, move=move, eval=4.900001
[10:48:35.873] [DEBUG] [Move 11] MINIMAX: Beta cutoff at depth 4, move 1/104, alpha=4.900001, beta=4.900001
[10:48:35.873] [DEBUG] [Move 11] MINIMAX: Root move 39: flip eval=-4.900001
[10:48:35.894] [DEBUG] [Move 11] MINIMAX: New best at depth 4, move=move, eval=4.900001
[10:48:35.894] [DEBUG] [Move 11] MINIMAX: Beta cutoff at depth 4, move 1/103, alpha=4.900001, beta=4.900001
[10:48:35.894] [DEBUG] [Move 11] MINIMAX: Root move 40: move eval=-4.900001
[10:48:35.905] [DEBUG] [Move 11] MINIMAX: New best at depth 4, move=move, eval=4.900001
[10:48:35.905] [DEBUG] [Move 11] MINIMAX: Beta cutoff at depth 4, move 1/105, alpha=4.900001, beta=4.900001
[10:48:35.906] [DEBUG] [Move 11] MINIMAX: Root move 41: push eval=-4.900001
[10:48:35.924] [DEBUG] [Move 11] MINIMAX: New best at depth 4, move=move, eval=4.900001
[10:48:35.924] [DEBUG] [Move 11] MINIMAX: Beta cutoff at depth 4, move 1/104, alpha=4.900001, beta=4.900001
[10:48:35.924] [DEBUG] [Move 11] MINIMAX: Root move 42: flip eval=-4.900001
[10:48:35.954] [DEBUG] [Move 11] MINIMAX: New best at depth 4, move=move, eval=4.900001
[10:48:35.954] [DEBUG] [Move 11] MINIMAX: Beta cutoff at depth 4, move 1/104, alpha=4.900001, beta=4.900001
[10:48:35.954] [DEBUG] [Move 11] MINIMAX: Root move 43: flip eval=-4.900001
[10:48:35.967] [DEBUG] [Move 11] MINIMAX: New best at depth 4, move=move, eval=4.900001
[10:48:35.967] [DEBUG] [Move 11] MINIMAX: Beta cutoff at depth 4, move 1/101, alpha=4.900001, beta=4.900001
[10:48:35.967] [DEBUG] [Move 11] MINIMAX: Root move 44: move eval=-4.900001
[10:48:35.986] [DEBUG] [Move 11] MINIMAX: New best at depth 4, move=move, eval=4.900001
[10:48:35.987] [DEBUG] [Move 11] MINIMAX: Beta cutoff at depth 4, move 1/107, alpha=4.900001, beta=4.900001
[10:48:35.987] [DEBUG] [Move 11] MINIMAX: Root move 45: move eval=-4.900001
[10:48:36.005] [DEBUG] [Move 11] MINIMAX: New best at depth 4, move=move, eval=4.900001
[10:48:36.005] [DEBUG] [Move 11] MINIMAX: Beta cutoff at depth 4, move 1/107, alpha=4.900001, beta=4.900001
[10:48:36.005] [DEBUG] [Move 11] MINIMAX: Root move 46: push eval=-4.900001
[10:48:36.021] [DEBUG] [Move 11] MINIMAX: New best at depth 4, move=move, eval=4.900001
[10:48:36.021] [DEBUG] [Move 11] MINIMAX: Beta cutoff at depth 4, move 1/113, alpha=4.900001, beta=4.900001
[10:48:36.021] [DEBUG] [Move 11] MINIMAX: Root move 47: flip eval=-4.900001
[10:48:36.054] [DEBUG] [Move 11] MINIMAX: New best at depth 4, move=move, eval=4.900001
[10:48:36.054] [DEBUG] [Move 11] MINIMAX: Beta cutoff at depth 4, move 1/104, alpha=4.900001, beta=4.900001
[10:48:36.054] [DEBUG] [Move 11] MINIMAX: Root move 48: flip eval=-4.900001
[10:48:36.054] [DEBUG] [Move 11] MINIMAX: Root search complete - evaluated=48/48, cutoffs=0
[10:48:36.054] [DEBUG] [Move 11] MINIMAX: Depth 5 completed, nodes=85690, eval=-4.900001, move=move
[10:48:36.054] [DEBUG] [Move 11] MINIMAX: Searching at depth 6
[10:48:36.312] [DEBUG] [Move 11] MINIMAX: New best at depth 4, move=move, eval=-4.900001
[10:48:36.498] [DEBUG] [Move 11] MINIMAX: New best at depth 4, move=move, eval=0.000000
[10:48:36.498] [DEBUG] [Move 11] MINIMAX: New best at depth 5, move=move, eval=-0.000000
[10:48:36.498] [DEBUG] [Move 11] MINIMAX: Root move 1: move eval=0.000000
[10:48:36.498] [DEBUG] [Move 11] MINIMAX: Alpha improved at root: -1000000.000000 -> 0.000000
[10:48:36.498] [DEBUG] [Move 11] MINIMAX: Timeout at root level after 1/48 moves
[10:48:36.498] [DEBUG] [Move 11] MINIMAX: Root search complete - evaluated=1/48, cutoffs=0
[10:48:36.498] [DEBUG] [Move 11] MINIMAX: Depth 6 completed, nodes=14400, eval=0.000000, move=move
[10:48:36.498] [INFO] [Move 11] MINIMAX: Search complete - depth=5, nodes=115480, TT_size=152171, time=6.000000s
[10:48:36.499] [DEBUG] [Move 11] VALIDATION DEBUG: Generated 48 legal moves for validation
[10:48:36.499] [DEBUG] [Move 11] VALIDATION DEBUG: Minimax returned move: move (0,0) -> (0,1)
[10:48:36.499] [DEBUG] [Move 11] VALIDATION DEBUG: Legal move 1: move (0,0) -> (0,1)
[10:48:36.499] [DEBUG] [Move 11] VALIDATION DEBUG: Legal move 2: move (0,0) -> (1,0)
[10:48:36.499] [DEBUG] [Move 11] VALIDATION DEBUG: Legal move 3: flip (0,0) -> (0,0)
[10:48:36.499] [DEBUG] [Move 11] VALIDATION DEBUG: Legal move 4: flip (0,0) -> (0,0)
[10:48:36.499] [DEBUG] [Move 11] VALIDATION DEBUG: Legal move 5: move (4,3) -> (3,3)
[10:48:36.499] [DEBUG] [Move 11] VALIDATION DEBUG: Move found in legal moves - SUCCESS!
[10:48:36.499] [DECISION] [Move 11] FINAL DECISION: move (0,0) -> (0,1) | Reasoning: Minimax search
[10:48:36.499] [DECISION] [Move 11] === MOVE DECISION END ===
[10:48:36.535] [DECISION] [Move 12] === MOVE DECISION START === Player: square, Board: 13x12, Time: 23.977s (vs 59.9556s)
[10:48:36.535] [DEBUG] [Move 12] MINIMAX: Starting search for square, time=23.977032s
[10:48:36.536] [DEBUG] [Move 12] MINIMAX: Found 49 legal moves at root
[10:48:36.536] [DEBUG] [Move 12] MINIMAX: Starting iterative deepening
[10:48:36.536] [DEBUG] [Move 12] MINIMAX: Searching at depth 1
[10:48:36.536] [DEBUG] [Move 12] MINIMAX: Root move 1: move eval=-4.900001
[10:48:36.536] [DEBUG] [Move 12] MINIMAX: Alpha improved at root: -1000000.000000 -> -4.900001
[10:48:36.536] [DEBUG] [Move 12] MINIMAX: Root move 2: move eval=-4.900001
[10:48:36.536] [DEBUG] [Move 12] MINIMAX: Root move 3: move eval=-4.900001
[10:48:36.536] [DEBUG] [Move 12] MINIMAX: Root move 4: flip eval=-4.900001
[10:48:36.536] [DEBUG] [Move 12] MINIMAX: Root move 5: flip eval=-4.900001
[10:48:36.536] [DEBUG] [Move 12] MINIMAX: Root move 6: move eval=-4.900001
[10:48:36.536] [DEBUG] [Move 12] MINIMAX: Root move 7: push eval=-4.900001
[10:48:36.536] [DEBUG] [Move 12] MINIMAX: Root move 8: flip eval=-4.900001
[10:48:36.536] [DEBUG] [Move 12] MINIMAX: Root move 9: flip eval=-4.900001
[10:48:36.536] [DEBUG] [Move 12] MINIMAX: Root move 10: push eval=-4.900001
[10:48:36.536] [DEBUG] [Move 12] MINIMAX: Root move 11: push eval=-4.900001
[10:48:36.536] [DEBUG] [Move 12] MINIMAX: Root move 12: flip eval=-4.900001
[10:48:36.536] [DEBUG] [Move 12] MINIMAX: Root move 13: flip eval=-4.900001
[10:48:36.536] [DEBUG] [Move 12] MINIMAX: Root move 14: push eval=-4.900001
[10:48:36.536] [DEBUG] [Move 12] MINIMAX: Root move 15: flip eval=-4.900001
[10:48:36.536] [DEBUG] [Move 12] MINIMAX: Root move 16: flip eval=-4.900001
[10:48:36.536] [DEBUG] [Move 12] MINIMAX: Root move 17: push eval=-4.900001
[10:48:36.536] [DEBUG] [Move 12] MINIMAX: Root move 18: push eval=-4.900001
[10:48:36.536] [DEBUG] [Move 12] MINIMAX: Root move 19: flip eval=-4.900001
[10:48:36.536] [DEBUG] [Move 12] MINIMAX: Root move 20: flip eval=-4.900001
[10:48:36.536] [DEBUG] [Move 12] MINIMAX: Root move 21: move eval=-4.900001
[10:48:36.536] [DEBUG] [Move 12] MINIMAX: Root move 22: move eval=-4.900001
[10:48:36.536] [DEBUG] [Move 12] MINIMAX: Root move 23: push eval=-4.900001
[10:48:36.536] [DEBUG] [Move 12] MINIMAX: Root move 24: flip eval=-4.900001
[10:48:36.536] [DEBUG] [Move 12] MINIMAX: Root move 25: flip eval=-4.900001
[10:48:36.536] [DEBUG] [Move 12] MINIMAX: Root move 26: move eval=-4.900001
[10:48:36.536] [DEBUG] [Move 12] MINIMAX: Root move 27: move eval=-4.900001
[10:48:36.536] [DEBUG] [Move 12] MINIMAX: Root move 28: move eval=-4.900001
[10:48:36.536] [DEBUG] [Move 12] MINIMAX: Root move 29: flip eval=-4.900001
[10:48:36.536] [DEBUG] [Move 12] MINIMAX: Root move 30: flip eval=-4.900001
[10:48:36.536] [DEBUG] [Move 12] MINIMAX: Root move 31: move eval=-4.900001
[10:48:36.536] [DEBUG] [Move 12] MINIMAX: Root move 32: push eval=-4.900001
[10:48:36.537] [DEBUG] [Move 12] MINIMAX: Root move 33: flip eval=-4.900001
[10:48:36.537] [DEBUG] [Move 12] MINIMAX: Root move 34: flip eval=-4.900001
[10:48:36.537] [DEBUG] [Move 12] MINIMAX: Root move 35: move eval=-4.900001
[10:48:36.537] [DEBUG] [Move 12] MINIMAX: Root move 36: flip eval=-4.900001
[10:48:36.537] [DEBUG] [Move 12] MINIMAX: Root move 37: flip eval=-4.900001
[10:48:36.537] [DEBUG] [Move 12] MINIMAX: Root move 38: move eval=-4.900001
[10:48:36.537] [DEBUG] [Move 12] MINIMAX: Root move 39: flip eval=-4.900001
[10:48:36.537] [DEBUG] [Move 12] MINIMAX: Root move 40: flip eval=-4.900001
[10:48:36.537] [DEBUG] [Move 12] MINIMAX: Root move 41: move eval=-4.900001
[10:48:36.537] [DEBUG] [Move 12] MINIMAX: Root move 42: push eval=-4.900001
[10:48:36.537] [DEBUG] [Move 12] MINIMAX: Root move 43: flip eval=-4.900001
[10:48:36.537] [DEBUG] [Move 12] MINIMAX: Root move 44: flip eval=-4.900001
[10:48:36.537] [DEBUG] [Move 12] MINIMAX: Root move 45: move eval=-4.900001
[10:48:36.537] [DEBUG] [Move 12] MINIMAX: Root move 46: move eval=-4.900001
[10:48:36.537] [DEBUG] [Move 12] MINIMAX: Root move 47: push eval=-4.900001
[10:48:36.537] [DEBUG] [Move 12] MINIMAX: Root move 48: flip eval=-4.900001
[10:48:36.537] [DEBUG] [Move 12] MINIMAX: Root move 49: flip eval=-4.900001
[10:48:36.537] [DEBUG] [Move 12] MINIMAX: Root search complete - evaluated=49/49, cutoffs=0
[10:48:36.537] [DEBUG] [Move 12] MINIMAX: Depth 1 completed, nodes=49, eval=-4.900001, move=move
[10:48:36.537] [DEBUG] [Move 12] MINIMAX: Searching at depth 2
[10:48:36.538] [DEBUG] [Move 12] MINIMAX: Root move 1: move eval=4.200000
[10:48:36.538] [DEBUG] [Move 12] MINIMAX: Alpha improved at root: -1000000.000000 -> 4.200000
[10:48:36.539] [DEBUG] [Move 12] MINIMAX: Root move 2: move eval=4.200000
[10:48:36.540] [DEBUG] [Move 12] MINIMAX: Root move 3: move eval=4.200000
[10:48:36.541] [DEBUG] [Move 12] MINIMAX: Root move 4: flip eval=4.200000
[10:48:36.541] [DEBUG] [Move 12] MINIMAX: Root move 5: flip eval=4.200000
[10:48:36.542] [DEBUG] [Move 12] MINIMAX: Root move 6: move eval=4.200000
[10:48:36.543] [DEBUG] [Move 12] MINIMAX: Root move 7: push eval=4.200000
[10:48:36.544] [DEBUG] [Move 12] MINIMAX: Root move 8: flip eval=4.200000
[10:48:36.545] [DEBUG] [Move 12] MINIMAX: Root move 9: flip eval=4.200000
[10:48:36.546] [DEBUG] [Move 12] MINIMAX: Root move 10: push eval=4.200000
[10:48:36.546] [DEBUG] [Move 12] MINIMAX: Root move 11: push eval=4.200000
[10:48:36.546] [DEBUG] [Move 12] MINIMAX: Root move 12: flip eval=4.200000
[10:48:36.547] [DEBUG] [Move 12] MINIMAX: Root move 13: flip eval=4.200000
[10:48:36.548] [DEBUG] [Move 12] MINIMAX: Root move 14: push eval=4.200000
[10:48:36.549] [DEBUG] [Move 12] MINIMAX: Root move 15: flip eval=4.200000
[10:48:36.550] [DEBUG] [Move 12] MINIMAX: Root move 16: flip eval=4.200000
[10:48:36.550] [DEBUG] [Move 12] MINIMAX: Root move 17: push eval=4.200000
[10:48:36.550] [DEBUG] [Move 12] MINIMAX: Root move 18: push eval=4.200000
[10:48:36.551] [DEBUG] [Move 12] MINIMAX: Root move 19: flip eval=4.200000
[10:48:36.552] [DEBUG] [Move 12] MINIMAX: Root move 20: flip eval=4.200000
[10:48:36.553] [DEBUG] [Move 12] MINIMAX: Root move 21: move eval=4.200000
[10:48:36.553] [DEBUG] [Move 12] MINIMAX: Root move 22: move eval=4.200000
[10:48:36.554] [DEBUG] [Move 12] MINIMAX: Root move 23: push eval=4.200000
[10:48:36.555] [DEBUG] [Move 12] MINIMAX: Root move 24: flip eval=4.200000
[10:48:36.555] [DEBUG] [Move 12] MINIMAX: Root move 25: flip eval=4.200000
[10:48:36.556] [DEBUG] [Move 12] MINIMAX: Root move 26: move eval=4.200000
[10:48:36.557] [DEBUG] [Move 12] MINIMAX: Root move 27: move eval=4.200000
[10:48:36.558] [DEBUG] [Move 12] MINIMAX: Root move 28: move eval=4.200000
[10:48:36.559] [DEBUG] [Move 12] MINIMAX: Root move 29: flip eval=4.200000
[10:48:36.559] [DEBUG] [Move 12] MINIMAX: Root move 30: flip eval=4.200000
[10:48:36.560] [DEBUG] [Move 12] MINIMAX: Root move 31: move eval=4.200000
[10:48:36.561] [DEBUG] [Move 12] MINIMAX: Root move 32: push eval=4.200000
[10:48:36.562] [DEBUG] [Move 12] MINIMAX: Root move 33: flip eval=4.200000
[10:48:36.562] [DEBUG] [Move 12] MINIMAX: Root move 34: flip eval=4.200000
[10:48:36.563] [DEBUG] [Move 12] MINIMAX: Root move 35: move eval=4.200000
[10:48:36.564] [DEBUG] [Move 12] MINIMAX: Root move 36: flip eval=4.200000
[10:48:36.565] [DEBUG] [Move 12] MINIMAX: Root move 37: flip eval=4.200000
[10:48:36.565] [DEBUG] [Move 12] MINIMAX: Root move 38: move eval=4.200000
[10:48:36.566] [DEBUG] [Move 12] MINIMAX: Root move 39: flip eval=4.200000
[10:48:36.567] [DEBUG] [Move 12] MINIMAX: Root move 40: flip eval=4.200000
[10:48:36.568] [DEBUG] [Move 12] MINIMAX: Root move 41: move eval=4.200000
[10:48:36.568] [DEBUG] [Move 12] MINIMAX: Root move 42: push eval=4.200000
[10:48:36.569] [DEBUG] [Move 12] MINIMAX: Root move 43: flip eval=4.200000
[10:48:36.570] [DEBUG] [Move 12] MINIMAX: Root move 44: flip eval=4.200000
[10:48:36.571] [DEBUG] [Move 12] MINIMAX: Root move 45: move eval=4.200000
[10:48:36.571] [DEBUG] [Move 12] MINIMAX: Root move 46: move eval=4.200000
[10:48:36.572] [DEBUG] [Move 12] MINIMAX: Root move 47: push eval=4.200000
[10:48:36.573] [DEBUG] [Move 12] MINIMAX: Root move 48: flip eval=4.200000
[10:48:36.574] [DEBUG] [Move 12] MINIMAX: Root move 49: flip eval=4.200000
[10:48:36.574] [DEBUG] [Move 12] MINIMAX: Root search complete - evaluated=49/49, cutoffs=0
[10:48:36.574] [DEBUG] [Move 12] MINIMAX: Depth 2 completed, nodes=208, eval=4.200000, move=move
[10:48:36.574] [DEBUG] [Move 12] MINIMAX: Searching at depth 3
[10:48:36.576] [DEBUG] [Move 12] MINIMAX: Root move 1: move eval=-4.900001
[10:48:36.576] [DEBUG] [Move 12] MINIMAX: Alpha improved at root: -1000000.000000 -> -4.900001
[10:48:36.578] [DEBUG] [Move 12] MINIMAX: Root move 2: move eval=-4.900001
[10:48:36.580] [DEBUG] [Move 12] MINIMAX: Root move 3: move eval=-4.900001
[10:48:36.581] [DEBUG] [Move 12] MINIMAX: Root move 4: flip eval=-4.900001
[10:48:36.583] [DEBUG] [Move 12] MINIMAX: Root move 5: flip eval=-4.900001
[10:48:36.585] [DEBUG] [Move 12] MINIMAX: Root move 6: move eval=-4.900001
[10:48:36.588] [DEBUG] [Move 12] MINIMAX: Root move 7: push eval=-4.900001
[10:48:36.590] [DEBUG] [Move 12] MINIMAX: Root move 8: flip eval=-4.900001
[10:48:36.594] [DEBUG] [Move 12] MINIMAX: Root move 9: flip eval=-4.900001
[10:48:36.596] [DEBUG] [Move 12] MINIMAX: Root move 10: push eval=-4.900001
[10:48:36.596] [DEBUG] [Move 12] MINIMAX: Root move 11: push eval=-4.900001
[10:48:36.598] [DEBUG] [Move 12] MINIMAX: Root move 12: flip eval=-4.900001
[10:48:36.600] [DEBUG] [Move 12] MINIMAX: Root move 13: flip eval=-4.900001
[10:48:36.602] [DEBUG] [Move 12] MINIMAX: Root move 14: push eval=-4.900001
[10:48:36.604] [DEBUG] [Move 12] MINIMAX: Root move 15: flip eval=-4.900001
[10:48:36.606] [DEBUG] [Move 12] MINIMAX: Root move 16: flip eval=-4.900001
[10:48:36.607] [DEBUG] [Move 12] MINIMAX: Root move 17: push eval=-4.900001
[10:48:36.607] [DEBUG] [Move 12] MINIMAX: Root move 18: push eval=-4.900001
[10:48:36.609] [DEBUG] [Move 12] MINIMAX: Root move 19: flip eval=-4.900001
[10:48:36.611] [DEBUG] [Move 12] MINIMAX: Root move 20: flip eval=-4.900001
[10:48:36.612] [DEBUG] [Move 12] MINIMAX: Root move 21: move eval=-4.900001
[10:48:36.614] [DEBUG] [Move 12] MINIMAX: Root move 22: move eval=-4.900001
[10:48:36.616] [DEBUG] [Move 12] MINIMAX: Root move 23: push eval=-4.900001
[10:48:36.617] [DEBUG] [Move 12] MINIMAX: Root move 24: flip eval=-4.900001
[10:48:36.619] [DEBUG] [Move 12] MINIMAX: Root move 25: flip eval=-4.900001
[10:48:36.621] [DEBUG] [Move 12] MINIMAX: Root move 26: move eval=-4.900001
[10:48:36.623] [DEBUG] [Move 12] MINIMAX: Root move 27: move eval=-4.900001
[10:48:36.625] [DEBUG] [Move 12] MINIMAX: Root move 28: move eval=-4.900001
[10:48:36.627] [DEBUG] [Move 12] MINIMAX: Root move 29: flip eval=-4.900001
[10:48:36.630] [DEBUG] [Move 12] MINIMAX: Root move 30: flip eval=-4.900001
[10:48:36.632] [DEBUG] [Move 12] MINIMAX: Root move 31: move eval=-4.900001
[10:48:36.634] [DEBUG] [Move 12] MINIMAX: Root move 32: push eval=-4.900001
[10:48:36.636] [DEBUG] [Move 12] MINIMAX: Root move 33: flip eval=-4.900001
[10:48:36.638] [DEBUG] [Move 12] MINIMAX: Root move 34: flip eval=-4.900001
[10:48:36.639] [DEBUG] [Move 12] MINIMAX: Root move 35: move eval=-4.900001
[10:48:36.641] [DEBUG] [Move 12] MINIMAX: Root move 36: flip eval=-4.900001
[10:48:36.643] [DEBUG] [Move 12] MINIMAX: Root move 37: flip eval=-4.900001
[10:48:36.645] [DEBUG] [Move 12] MINIMAX: Root move 38: move eval=-4.900001
[10:48:36.646] [DEBUG] [Move 12] MINIMAX: Root move 39: flip eval=-4.900001
[10:48:36.648] [DEBUG] [Move 12] MINIMAX: Root move 40: flip eval=-4.900001
[10:48:36.650] [DEBUG] [Move 12] MINIMAX: Root move 41: move eval=-4.900001
[10:48:36.652] [DEBUG] [Move 12] MINIMAX: Root move 42: push eval=-4.900001
[10:48:36.654] [DEBUG] [Move 12] MINIMAX: Root move 43: flip eval=-4.900001
[10:48:36.657] [DEBUG] [Move 12] MINIMAX: Root move 44: flip eval=-4.900001
[10:48:36.659] [DEBUG] [Move 12] MINIMAX: Root move 45: move eval=-4.900001
[10:48:36.662] [DEBUG] [Move 12] MINIMAX: Root move 46: move eval=-4.900001
[10:48:36.663] [DEBUG] [Move 12] MINIMAX: Root move 47: push eval=-4.900001
[10:48:36.665] [DEBUG] [Move 12] MINIMAX: Root move 48: flip eval=-4.900001
[10:48:36.667] [DEBUG] [Move 12] MINIMAX: Root move 49: flip eval=-4.900001
[10:48:36.667] [DEBUG] [Move 12] MINIMAX: Root search complete - evaluated=49/49, cutoffs=0
[10:48:36.667] [DEBUG] [Move 12] MINIMAX: Depth 3 completed, nodes=2738, eval=-4.900001, move=move
[10:48:36.667] [DEBUG] [Move 12] MINIMAX: Searching at depth 4
[10:48:36.896] [DEBUG] [Move 12] MINIMAX: Root move 1: move eval=0.000000
[10:48:36.896] [DEBUG] [Move 12] MINIMAX: Alpha improved at root: -1000000.000000 -> 0.000000
[10:48:37.019] [DEBUG] [Move 12] MINIMAX: Root move 2: move eval=4.200000
[10:48:37.019] [DEBUG] [Move 12] MINIMAX: Alpha improved at root: 0.000000 -> 4.200000
[10:48:37.061] [DEBUG] [Move 12] MINIMAX: Beta cutoff at depth 3, move 1/113, alpha=-4.200000, beta=-4.200000
[10:48:37.061] [DEBUG] [Move 12] MINIMAX: Root move 3: move eval=4.200000
[10:48:37.096] [DEBUG] [Move 12] MINIMAX: Beta cutoff at depth 3, move 1/113, alpha=-4.200000, beta=-4.200000
[10:48:37.096] [DEBUG] [Move 12] MINIMAX: Root move 4: flip eval=4.200000
[10:48:37.128] [DEBUG] [Move 12] MINIMAX: Beta cutoff at depth 3, move 1/113, alpha=-4.200000, beta=-4.200000
[10:48:37.128] [DEBUG] [Move 12] MINIMAX: Root move 5: flip eval=4.200000
[10:48:37.163] [DEBUG] [Move 12] MINIMAX: Beta cutoff at depth 3, move 1/113, alpha=-4.200000, beta=-4.200000
[10:48:37.163] [DEBUG] [Move 12] MINIMAX: Root move 6: move eval=4.200000
[10:48:37.194] [DEBUG] [Move 12] MINIMAX: Beta cutoff at depth 3, move 1/113, alpha=-4.200000, beta=-4.200000
[10:48:37.194] [DEBUG] [Move 12] MINIMAX: Root move 7: push eval=4.200000
[10:48:37.231] [DEBUG] [Move 12] MINIMAX: Beta cutoff at depth 3, move 1/113, alpha=-4.200000, beta=-4.200000
[10:48:37.231] [DEBUG] [Move 12] MINIMAX: Root move 8: flip eval=4.200000
[10:48:37.265] [DEBUG] [Move 12] MINIMAX: Beta cutoff at depth 3, move 1/113, alpha=-4.200000, beta=-4.200000
[10:48:37.265] [DEBUG] [Move 12] MINIMAX: Root move 9: flip eval=4.200000
[10:48:37.294] [DEBUG] [Move 12] MINIMAX: Beta cutoff at depth 3, move 1/113, alpha=-4.200000, beta=-4.200000
[10:48:37.294] [DEBUG] [Move 12] MINIMAX: Root move 10: push eval=4.200000
[10:48:37.294] [DEBUG] [Move 12] MINIMAX: TT HIT at depth 3, eval=-4.200000, move=move
[10:48:37.294] [DEBUG] [Move 12] MINIMAX: Root move 11: push eval=4.200000
[10:48:37.323] [DEBUG] [Move 12] MINIMAX: Beta cutoff at depth 3, move 1/113, alpha=-4.200000, beta=-4.200000
[10:48:37.323] [DEBUG] [Move 12] MINIMAX: Root move 12: flip eval=4.200000
[10:48:37.357] [DEBUG] [Move 12] MINIMAX: Beta cutoff at depth 3, move 1/113, alpha=-4.200000, beta=-4.200000
[10:48:37.357] [DEBUG] [Move 12] MINIMAX: Root move 13: flip eval=4.200000
[10:48:37.389] [DEBUG] [Move 12] MINIMAX: Beta cutoff at depth 3, move 1/113, alpha=-4.200000, beta=-4.200000
[10:48:37.389] [DEBUG] [Move 12] MINIMAX: Root move 14: push eval=4.200000
[10:48:37.417] [DEBUG] [Move 12] MINIMAX: Beta cutoff at depth 3, move 1/113, alpha=-4.200000, beta=-4.200000
[10:48:37.417] [DEBUG] [Move 12] MINIMAX: Root move 15: flip eval=4.200000
[10:48:37.445] [DEBUG] [Move 12] MINIMAX: Beta cutoff at depth 3, move 1/113, alpha=-4.200000, beta=-4.200000
[10:48:37.445] [DEBUG] [Move 12] MINIMAX: Root move 16: flip eval=4.200000
[10:48:37.475] [DEBUG] [Move 12] MINIMAX: Beta cutoff at depth 3, move 1/113, alpha=-4.200000, beta=-4.200000
[10:48:37.475] [DEBUG] [Move 12] MINIMAX: Root move 17: push eval=4.200000
[10:48:37.475] [DEBUG] [Move 12] MINIMAX: TT HIT at depth 3, eval=-4.200000, move=move
[10:48:37.475] [DEBUG] [Move 12] MINIMAX: Root move 18: push eval=4.200000
[10:48:37.500] [DEBUG] [Move 12] MINIMAX: Beta cutoff at depth 3, move 1/113, alpha=-4.200000, beta=-4.200000
[10:48:37.500] [DEBUG] [Move 12] MINIMAX: Root move 19: flip eval=4.200000
[10:48:37.533] [DEBUG] [Move 12] MINIMAX: Beta cutoff at depth 3, move 1/113, alpha=-4.200000, beta=-4.200000
[10:48:37.533] [DEBUG] [Move 12] MINIMAX: Root move 20: flip eval=4.200000
[10:48:37.562] [DEBUG] [Move 12] MINIMAX: Beta cutoff at depth 3, move 1/113, alpha=-4.200000, beta=-4.200000
[10:48:37.563] [DEBUG] [Move 12] MINIMAX: Root move 21: move eval=4.200000
[10:48:37.600] [DEBUG] [Move 12] MINIMAX: Beta cutoff at depth 3, move 1/113, alpha=-4.200000, beta=-4.200000
[10:48:37.600] [DEBUG] [Move 12] MINIMAX: Root move 22: move eval=4.200000
[10:48:37.625] [DEBUG] [Move 12] MINIMAX: Beta cutoff at depth 3, move 1/113, alpha=-4.200000, beta=-4.200000
[10:48:37.625] [DEBUG] [Move 12] MINIMAX: Root move 23: push eval=4.200000
[10:48:37.660] [DEBUG] [Move 12] MINIMAX: Beta cutoff at depth 3, move 1/113, alpha=-4.200000, beta=-4.200000
[10:48:37.660] [DEBUG] [Move 12] MINIMAX: Root move 24: flip eval=4.200000
[10:48:37.699] [DEBUG] [Move 12] MINIMAX: Beta cutoff at depth 3, move 1/113, alpha=-4.200000, beta=-4.200000
[10:48:37.699] [DEBUG] [Move 12] MINIMAX: Root move 25: flip eval=4.200000
[10:48:37.719] [DEBUG] [Move 12] MINIMAX: Beta cutoff at depth 3, move 1/118, alpha=-4.200000, beta=-4.200000
[10:48:37.720] [DEBUG] [Move 12] MINIMAX: Root move 26: move eval=4.200000
[10:48:37.737] [DEBUG] [Move 12] MINIMAX: Beta cutoff at depth 3, move 1/114, alpha=-4.200000, beta=-4.200000
[10:48:37.737] [DEBUG] [Move 12] MINIMAX: Root move 27: move eval=4.200000
[10:48:37.757] [DEBUG] [Move 12] MINIMAX: Beta cutoff at depth 3, move 1/112, alpha=-4.200000, beta=-4.200000
[10:48:37.757] [DEBUG] [Move 12] MINIMAX: Root move 28: move eval=4.200000
[10:48:37.776] [DEBUG] [Move 12] MINIMAX: Beta cutoff at depth 3, move 1/116, alpha=-4.200000, beta=-4.200000
[10:48:37.776] [DEBUG] [Move 12] MINIMAX: Root move 29: flip eval=4.200000
[10:48:37.800] [DEBUG] [Move 12] MINIMAX: Beta cutoff at depth 3, move 1/117, alpha=-4.200000, beta=-4.200000
[10:48:37.800] [DEBUG] [Move 12] MINIMAX: Root move 30: flip eval=4.200000
[10:48:37.819] [DEBUG] [Move 12] MINIMAX: Beta cutoff at depth 3, move 1/108, alpha=-4.200000, beta=-4.200000
[10:48:37.819] [DEBUG] [Move 12] MINIMAX: Root move 31: move eval=4.200000
[10:48:37.841] [DEBUG] [Move 12] MINIMAX: Beta cutoff at depth 3, move 1/118, alpha=-4.200000, beta=-4.200000
[10:48:37.841] [DEBUG] [Move 12] MINIMAX: Root move 32: push eval=4.200000
[10:48:37.857] [DEBUG] [Move 12] MINIMAX: Beta cutoff at depth 3, move 1/113, alpha=-4.200000, beta=-4.200000
[10:48:37.857] [DEBUG] [Move 12] MINIMAX: Root move 33: flip eval=4.200000
[10:48:37.885] [DEBUG] [Move 12] MINIMAX: Beta cutoff at depth 3, move 1/113, alpha=-4.200000, beta=-4.200000
[10:48:37.885] [DEBUG] [Move 12] MINIMAX: Root move 34: flip eval=4.200000
[10:48:37.901] [DEBUG] [Move 12] MINIMAX: Beta cutoff at depth 3, move 1/107, alpha=-4.200000, beta=-4.200000
[10:48:37.901] [DEBUG] [Move 12] MINIMAX: Root move 35: move eval=4.200000
[10:48:37.912] [DEBUG] [Move 12] MINIMAX: Beta cutoff at depth 3, move 1/113, alpha=-4.200000, beta=-4.200000
[10:48:37.912] [DEBUG] [Move 12] MINIMAX: Root move 36: flip eval=4.200000
[10:48:37.932] [DEBUG] [Move 12] MINIMAX: Beta cutoff at depth 3, move 1/113, alpha=-4.200000, beta=-4.200000
[10:48:37.932] [DEBUG] [Move 12] MINIMAX: Root move 37: flip eval=4.200000
[10:48:37.945] [DEBUG] [Move 12] MINIMAX: Beta cutoff at depth 3, move 1/110, alpha=-4.200000, beta=-4.200000
[10:48:37.945] [DEBUG] [Move 12] MINIMAX: Root move 38: move eval=4.200000
[10:48:37.954] [DEBUG] [Move 12] MINIMAX: Beta cutoff at depth 3, move 1/113, alpha=-4.200000, beta=-4.200000
[10:48:37.954] [DEBUG] [Move 12] MINIMAX: Root move 39: flip eval=4.200000
[10:48:37.971] [DEBUG] [Move 12] MINIMAX: Beta cutoff at depth 3, move 1/113, alpha=-4.200000, beta=-4.200000
[10:48:37.971] [DEBUG] [Move 12] MINIMAX: Root move 40: flip eval=4.200000
[10:48:37.982] [DEBUG] [Move 12] MINIMAX: Beta cutoff at depth 3, move 1/110, alpha=-4.200000, beta=-4.200000
[10:48:37.982] [DEBUG] [Move 12] MINIMAX: Root move 41: move eval=4.200000
[10:48:37.988] [DEBUG] [Move 12] MINIMAX: Beta cutoff at depth 3, move 1/116, alpha=-4.200000, beta=-4.200000
[10:48:37.988] [DEBUG] [Move 12] MINIMAX: Root move 42: push eval=4.200000
[10:48:37.996] [DEBUG] [Move 12] MINIMAX: Beta cutoff at depth 3, move 1/113, alpha=-4.200000, beta=-4.200000
[10:48:37.996] [DEBUG] [Move 12] MINIMAX: Root move 43: flip eval=4.200000
[10:48:38.009] [DEBUG] [Move 12] MINIMAX: Beta cutoff at depth 3, move 1/113, alpha=-4.200000, beta=-4.200000
[10:48:38.009] [DEBUG] [Move 12] MINIMAX: Root move 44: flip eval=4.200000
[10:48:38.018] [DEBUG] [Move 12] MINIMAX: Beta cutoff at depth 3, move 1/109, alpha=-4.200000, beta=-4.200000
[10:48:38.018] [DEBUG] [Move 12] MINIMAX: Root move 45: move eval=4.200000
[10:48:38.024] [DEBUG] [Move 12] MINIMAX: Beta cutoff at depth 3, move 1/117, alpha=-4.200000, beta=-4.200000
[10:48:38.024] [DEBUG] [Move 12] MINIMAX: Root move 46: move eval=4.200000
[10:48:38.031] [DEBUG] [Move 12] MINIMAX: Beta cutoff at depth 3, move 1/117, alpha=-4.200000, beta=-4.200000
[10:48:38.031] [DEBUG] [Move 12] MINIMAX: Root move 47: push eval=4.200000
[10:48:38.040] [DEBUG] [Move 12] MINIMAX: Beta cutoff at depth 3, move 1/125, alpha=-4.200000, beta=-4.200000
[10:48:38.040] [DEBUG] [Move 12] MINIMAX: Root move 48: flip eval=4.200000
[10:48:38.050] [DEBUG] [Move 12] MINIMAX: Beta cutoff at depth 3, move 1/113, alpha=-4.200000, beta=-4.200000
[10:48:38.050] [DEBUG] [Move 12] MINIMAX: Root move 49: flip eval=4.200000
[10:48:38.050] [DEBUG] [Move 12] MINIMAX: Root search complete - evaluated=49/49, cutoffs=0
[10:48:38.050] [DEBUG] [Move 12] MINIMAX: Depth 4 completed, nodes=17796, eval=4.200000, move=move
[10:48:38.050] [INFO] [Move 12] MINIMAX: Best move changed from move to move (eval: -4.900001 -> 4.200000)
[10:48:38.050] [DEBUG] [Move 12] MINIMAX: Searching at depth 5
[10:48:38.191] [DEBUG] [Move 12] MINIMAX: New best at depth 4, move=move, eval=4.900001
[10:48:38.250] [DEBUG] [Move 12] MINIMAX: Beta cutoff at depth 3, move 1/48, alpha=-4.900001, beta=-4.900001
[10:48:38.312] [DEBUG] [Move 12] MINIMAX: Beta cutoff at depth 3, move 1/48, alpha=-4.900001, beta=-4.900001
[10:48:38.370] [DEBUG] [Move 12] MINIMAX: Beta cutoff at depth 3, move 1/51, alpha=-4.900001, beta=-4.900001
[10:48:38.421] [DEBUG] [Move 12] MINIMAX: Beta cutoff at depth 3, move 1/48, alpha=-4.900001, beta=-4.900001
[10:48:38.471] [DEBUG] [Move 12] MINIMAX: Beta cutoff at depth 3, move 1/48, alpha=-4.900001, beta=-4.900001
[10:48:38.524] [DEBUG] [Move 12] MINIMAX: Beta cutoff at depth 3, move 1/48, alpha=-4.900001, beta=-4.900001
[10:48:38.580] [DEBUG] [Move 12] MINIMAX: Beta cutoff at depth 3, move 1/48, alpha=-4.900001, beta=-4.900001
[10:48:38.644] [DEBUG] [Move 12] MINIMAX: Beta cutoff at depth 3, move 1/54, alpha=-4.900001, beta=-4.900001
[10:48:38.702] [DEBUG] [Move 12] MINIMAX: Beta cutoff at depth 3, move 1/48, alpha=-4.900001, beta=-4.900001
[10:48:38.768] [DEBUG] [Move 12] MINIMAX: Beta cutoff at depth 3, move 1/48, alpha=-4.900001, beta=-4.900001
[10:48:38.822] [DEBUG] [Move 12] MINIMAX: Beta cutoff at depth 3, move 1/48, alpha=-4.900001, beta=-4.900001
[10:48:38.881] [DEBUG] [Move 12] MINIMAX: Beta cutoff at depth 3, move 1/48, alpha=-4.900001, beta=-4.900001
[10:48:38.928] [DEBUG] [Move 12] MINIMAX: Beta cutoff at depth 3, move 1/52, alpha=-4.900001, beta=-4.900001
[10:48:38.977] [DEBUG] [Move 12] MINIMAX: Beta cutoff at depth 3, move 1/48, alpha=-4.900001, beta=-4.900001
[10:48:39.024] [DEBUG] [Move 12] MINIMAX: Beta cutoff at depth 3, move 1/48, alpha=-4.900001, beta=-4.900001
[10:48:39.076] [DEBUG] [Move 12] MINIMAX: Beta cutoff at depth 3, move 1/48, alpha=-4.900001, beta=-4.900001
[10:48:39.121] [DEBUG] [Move 12] MINIMAX: Beta cutoff at depth 3, move 1/48, alpha=-4.900001, beta=-4.900001
[10:48:39.166] [DEBUG] [Move 12] MINIMAX: Beta cutoff at depth 3, move 1/48, alpha=-4.900001, beta=-4.900001
[10:48:39.210] [DEBUG] [Move 12] MINIMAX: Beta cutoff at depth 3, move 1/48, alpha=-4.900001, beta=-4.900001
[10:48:39.267] [DEBUG] [Move 12] MINIMAX: Beta cutoff at depth 3, move 1/48, alpha=-4.900001, beta=-4.900001
[10:48:39.313] [DEBUG] [Move 12] MINIMAX: Beta cutoff at depth 3, move 1/51, alpha=-4.900001, beta=-4.900001
[10:48:39.364] [DEBUG] [Move 12] MINIMAX: Beta cutoff at depth 3, move 1/48, alpha=-4.900001, beta=-4.900001
[10:48:39.406] [DEBUG] [Move 12] MINIMAX: Beta cutoff at depth 3, move 1/48, alpha=-4.900001, beta=-4.900001
[10:48:39.448] [DEBUG] [Move 12] MINIMAX: Beta cutoff at depth 3, move 1/48, alpha=-4.900001, beta=-4.900001
[10:48:39.496] [DEBUG] [Move 12] MINIMAX: Beta cutoff at depth 3, move 1/48, alpha=-4.900001, beta=-4.900001
[10:48:39.497] [DEBUG] [Move 12] MINIMAX: TT HIT at depth 3, eval=-4.900001, move=move
[10:48:39.497] [DEBUG] [Move 12] MINIMAX: TT HIT at depth 3, eval=-4.900001, move=move
[10:48:39.537] [DEBUG] [Move 12] MINIMAX: Beta cutoff at depth 3, move 1/48, alpha=-4.900001, beta=-4.900001
[10:48:39.537] [DEBUG] [Move 12] MINIMAX: TT HIT at depth 3, eval=-4.900001, move=move
[10:48:39.537] [DEBUG] [Move 12] MINIMAX: TT HIT at depth 3, eval=-4.900001, move=move
[10:48:39.577] [DEBUG] [Move 12] MINIMAX: Beta cutoff at depth 3, move 1/48, alpha=-4.900001, beta=-4.900001
[10:48:39.619] [DEBUG] [Move 12] MINIMAX: Beta cutoff at depth 3, move 1/48, alpha=-4.900001, beta=-4.900001
[10:48:39.669] [DEBUG] [Move 12] MINIMAX: Beta cutoff at depth 3, move 1/47, alpha=-4.900001, beta=-4.900001
[10:48:39.721] [DEBUG] [Move 12] MINIMAX: Beta cutoff at depth 3, move 1/48, alpha=-4.900001, beta=-4.900001
[10:48:39.772] [DEBUG] [Move 12] MINIMAX: Beta cutoff at depth 3, move 1/48, alpha=-4.900001, beta=-4.900001
[10:48:39.817] [DEBUG] [Move 12] MINIMAX: Beta cutoff at depth 3, move 1/47, alpha=-4.900001, beta=-4.900001
[10:48:39.858] [DEBUG] [Move 12] MINIMAX: Beta cutoff at depth 3, move 1/48, alpha=-4.900001, beta=-4.900001
[10:48:39.900] [DEBUG] [Move 12] MINIMAX: Beta cutoff at depth 3, move 1/48, alpha=-4.900001, beta=-4.900001
[10:48:39.944] [DEBUG] [Move 12] MINIMAX: Beta cutoff at depth 3, move 1/48, alpha=-4.900001, beta=-4.900001
[10:48:40.002] [DEBUG] [Move 12] MINIMAX: Beta cutoff at depth 3, move 1/48, alpha=-4.900001, beta=-4.900001
[10:48:40.040] [DEBUG] [Move 12] MINIMAX: Beta cutoff at depth 3, move 1/47, alpha=-4.900001, beta=-4.900001
[10:48:40.077] [DEBUG] [Move 12] MINIMAX: Beta cutoff at depth 3, move 1/48, alpha=-4.900001, beta=-4.900001
[10:48:40.111] [DEBUG] [Move 12] MINIMAX: Beta cutoff at depth 3, move 1/48, alpha=-4.900001, beta=-4.900001
[10:48:40.147] [DEBUG] [Move 12] MINIMAX: Beta cutoff at depth 3, move 1/47, alpha=-4.900001, beta=-4.900001
[10:48:40.183] [DEBUG] [Move 12] MINIMAX: Beta cutoff at depth 3, move 1/48, alpha=-4.900001, beta=-4.900001
[10:48:40.221] [DEBUG] [Move 12] MINIMAX: Beta cutoff at depth 3, move 1/48, alpha=-4.900001, beta=-4.900001
[10:48:40.266] [DEBUG] [Move 12] MINIMAX: Beta cutoff at depth 3, move 1/48, alpha=-4.900001, beta=-4.900001
[10:48:40.317] [DEBUG] [Move 12] MINIMAX: Beta cutoff at depth 3, move 1/48, alpha=-4.900001, beta=-4.900001
[10:48:40.350] [DEBUG] [Move 12] MINIMAX: Beta cutoff at depth 3, move 1/48, alpha=-4.900001, beta=-4.900001
[10:48:40.378] [DEBUG] [Move 12] MINIMAX: Beta cutoff at depth 3, move 1/48, alpha=-4.900001, beta=-4.900001
[10:48:40.413] [DEBUG] [Move 12] MINIMAX: Beta cutoff at depth 3, move 1/48, alpha=-4.900001, beta=-4.900001
[10:48:40.413] [DEBUG] [Move 12] MINIMAX: TT HIT at depth 3, eval=-4.900001, move=move
[10:48:40.413] [DEBUG] [Move 12] MINIMAX: TT HIT at depth 3, eval=-4.900001, move=move
[10:48:40.440] [DEBUG] [Move 12] MINIMAX: Beta cutoff at depth 3, move 1/48, alpha=-4.900001, beta=-4.900001
[10:48:40.440] [DEBUG] [Move 12] MINIMAX: TT HIT at depth 3, eval=-4.900001, move=move
[10:48:40.440] [DEBUG] [Move 12] MINIMAX: TT HIT at depth 3, eval=-4.900001, move=move
[10:48:40.440] [DEBUG] [Move 12] MINIMAX: TT HIT at depth 3, eval=-4.900001, move=move
[10:48:40.440] [DEBUG] [Move 12] MINIMAX: TT HIT at depth 3, eval=-4.900001, move=move
[10:48:40.440] [DEBUG] [Move 12] MINIMAX: TT HIT at depth 3, eval=-4.900001, move=move
[10:48:40.464] [DEBUG] [Move 12] MINIMAX: Beta cutoff at depth 3, move 1/48, alpha=-4.900001, beta=-4.900001
[10:48:40.492] [DEBUG] [Move 12] MINIMAX: Beta cutoff at depth 3, move 1/48, alpha=-4.900001, beta=-4.900001
[10:48:40.515] [DEBUG] [Move 12] MINIMAX: Beta cutoff at depth 3, move 1/48, alpha=-4.900001, beta=-4.900001
[10:48:40.545] [DEBUG] [Move 12] MINIMAX: Beta cutoff at depth 3, move 1/52, alpha=-4.900001, beta=-4.900001
[10:48:40.574] [DEBUG] [Move 12] MINIMAX: Beta cutoff at depth 3, move 1/48, alpha=-4.900001, beta=-4.900001
[10:48:40.602] [DEBUG] [Move 12] MINIMAX: Beta cutoff at depth 3, move 1/48, alpha=-4.900001, beta=-4.900001
[10:48:40.626] [DEBUG] [Move 12] MINIMAX: Beta cutoff at depth 3, move 1/48, alpha=-4.900001, beta=-4.900001
[10:48:40.626] [DEBUG] [Move 12] MINIMAX: TT HIT at depth 3, eval=-4.900001, move=move
[10:48:40.626] [DEBUG] [Move 12] MINIMAX: TT HIT at depth 3, eval=-4.900001, move=move
[10:48:40.646] [DEBUG] [Move 12] MINIMAX: Beta cutoff at depth 3, move 1/48, alpha=-4.900001, beta=-4.900001
[10:48:40.677] [DEBUG] [Move 12] MINIMAX: Beta cutoff at depth 3, move 1/48, alpha=-4.900001, beta=-4.900001
[10:48:40.708] [DEBUG] [Move 12] MINIMAX: Beta cutoff at depth 3, move 1/47, alpha=-4.900001, beta=-4.900001
[10:48:40.736] [DEBUG] [Move 12] MINIMAX: Beta cutoff at depth 3, move 1/48, alpha=-4.900001, beta=-4.900001
[10:48:40.767] [DEBUG] [Move 12] MINIMAX: Beta cutoff at depth 3, move 1/48, alpha=-4.900001, beta=-4.900001
[10:48:40.794] [DEBUG] [Move 12] MINIMAX: Beta cutoff at depth 3, move 1/47, alpha=-4.900001, beta=-4.900001
[10:48:40.822] [DEBUG] [Move 12] MINIMAX: Beta cutoff at depth 3, move 1/48, alpha=-4.900001, beta=-4.900001
[10:48:40.859] [DEBUG] [Move 12] MINIMAX: Beta cutoff at depth 3, move 1/48, alpha=-4.900001, beta=-4.900001
[10:48:40.891] [DEBUG] [Move 12] MINIMAX: Beta cutoff at depth 3, move 1/48, alpha=-4.900001, beta=-4.900001
[10:48:40.913] [DEBUG] [Move 12] MINIMAX: Beta cutoff at depth 3, move 1/48, alpha=-4.900001, beta=-4.900001
[10:48:40.935] [DEBUG] [Move 12] MINIMAX: Beta cutoff at depth 3, move 1/48, alpha=-4.900001, beta=-4.900001
[10:48:40.935] [DEBUG] [Move 12] MINIMAX: TT HIT at depth 3, eval=-4.900001, move=move
[10:48:40.935] [DEBUG] [Move 12] MINIMAX: TT HIT at depth 3, eval=-4.900001, move=move
[10:48:40.960] [DEBUG] [Move 12] MINIMAX: Beta cutoff at depth 3, move 1/48, alpha=-4.900001, beta=-4.900001
[10:48:40.960] [DEBUG] [Move 12] MINIMAX: TT HIT at depth 3, eval=-4.900001, move=move
[10:48:40.960] [DEBUG] [Move 12] MINIMAX: TT HIT at depth 3, eval=-4.900001, move=move
[10:48:40.978] [DEBUG] [Move 12] MINIMAX: Beta cutoff at depth 3, move 1/48, alpha=-4.900001, beta=-4.900001
[10:48:40.999] [DEBUG] [Move 12] MINIMAX: Beta cutoff at depth 3, move 1/48, alpha=-4.900001, beta=-4.900001
[10:48:41.014] [DEBUG] [Move 12] MINIMAX: Beta cutoff at depth 3, move 1/48, alpha=-4.900001, beta=-4.900001
[10:48:41.015] [DEBUG] [Move 12] MINIMAX: TT HIT at depth 3, eval=-4.900001, move=move
[10:48:41.015] [DEBUG] [Move 12] MINIMAX: TT HIT at depth 3, eval=-4.900001, move=move
[10:48:41.015] [DEBUG] [Move 12] MINIMAX: TT HIT at depth 3, eval=-4.900001, move=move
[10:48:41.015] [DEBUG] [Move 12] MINIMAX: TT HIT at depth 3, eval=-4.900001, move=move
[10:48:41.015] [DEBUG] [Move 12] MINIMAX: TT HIT at depth 3, eval=-4.900001, move=move
[10:48:41.035] [DEBUG] [Move 12] MINIMAX: Beta cutoff at depth 3, move 1/48, alpha=-4.900001, beta=-4.900001
[10:48:41.035] [DEBUG] [Move 12] MINIMAX: TT HIT at depth 3, eval=-4.900001, move=move
[10:48:41.035] [DEBUG] [Move 12] MINIMAX: TT HIT at depth 3, eval=-4.900001, move=move
[10:48:41.036] [DEBUG] [Move 12] MINIMAX: Beta cutoff at depth 3, move 1/48, alpha=0.000000, beta=-4.900001
[10:48:41.050] [DEBUG] [Move 12] MINIMAX: Beta cutoff at depth 3, move 1/48, alpha=-4.900001, beta=-4.900001
[10:48:41.062] [DEBUG] [Move 12] MINIMAX: Beta cutoff at depth 3, move 1/47, alpha=-4.900001, beta=-4.900001
[10:48:41.075] [DEBUG] [Move 12] MINIMAX: Beta cutoff at depth 3, move 1/48, alpha=-4.900001, beta=-4.900001
[10:48:41.090] [DEBUG] [Move 12] MINIMAX: Beta cutoff at depth 3, move 1/48, alpha=-4.900001, beta=-4.900001
[10:48:41.102] [DEBUG] [Move 12] MINIMAX: Beta cutoff at depth 3, move 1/48, alpha=-4.900001, beta=-4.900001
[10:48:41.123] [DEBUG] [Move 12] MINIMAX: Beta cutoff at depth 3, move 1/48, alpha=-4.900001, beta=-4.900001
[10:48:41.139] [DEBUG] [Move 12] MINIMAX: Beta cutoff at depth 3, move 1/48, alpha=-4.900001, beta=-4.900001
[10:48:41.153] [DEBUG] [Move 12] MINIMAX: Beta cutoff at depth 3, move 1/48, alpha=-4.900001, beta=-4.900001
[10:48:41.168] [DEBUG] [Move 12] MINIMAX: Beta cutoff at depth 3, move 1/48, alpha=-4.900001, beta=-4.900001
[10:48:41.185] [DEBUG] [Move 12] MINIMAX: Beta cutoff at depth 3, move 1/48, alpha=-4.900001, beta=-4.900001
[10:48:41.192] [DEBUG] [Move 12] MINIMAX: Beta cutoff at depth 3, move 1/48, alpha=-4.900001, beta=-4.900001
[10:48:41.196] [DEBUG] [Move 12] MINIMAX: Beta cutoff at depth 3, move 1/48, alpha=-4.900001, beta=-4.900001
[10:48:41.201] [DEBUG] [Move 12] MINIMAX: Beta cutoff at depth 3, move 1/48, alpha=-4.900001, beta=-4.900001
[10:48:41.206] [DEBUG] [Move 12] MINIMAX: Beta cutoff at depth 3, move 1/48, alpha=-4.900001, beta=-4.900001
[10:48:41.217] [DEBUG] [Move 12] MINIMAX: Beta cutoff at depth 3, move 1/48, alpha=-4.900001, beta=-4.900001
[10:48:41.220] [DEBUG] [Move 12] MINIMAX: Beta cutoff at depth 3, move 1/48, alpha=-4.900001, beta=-4.900001
[10:48:41.220] [DEBUG] [Move 12] MINIMAX: Root move 1: move eval=-4.900001
[10:48:41.220] [DEBUG] [Move 12] MINIMAX: Alpha improved at root: -1000000.000000 -> -4.900001
[10:48:41.300] [DEBUG] [Move 12] MINIMAX: New best at depth 4, move=move, eval=4.900001
[10:48:41.300] [DEBUG] [Move 12] MINIMAX: Beta cutoff at depth 4, move 1/113, alpha=4.900001, beta=4.900001
[10:48:41.300] [DEBUG] [Move 12] MINIMAX: Root move 2: move eval=-4.900001
[10:48:41.377] [DEBUG] [Move 12] MINIMAX: New best at depth 4, move=move, eval=4.900001
[10:48:41.377] [DEBUG] [Move 12] MINIMAX: Beta cutoff at depth 4, move 1/113, alpha=4.900001, beta=4.900001
[10:48:41.377] [DEBUG] [Move 12] MINIMAX: Root move 3: move eval=-4.900001
[10:48:41.448] [DEBUG] [Move 12] MINIMAX: New best at depth 4, move=move, eval=4.900001
[10:48:41.448] [DEBUG] [Move 12] MINIMAX: Beta cutoff at depth 4, move 1/113, alpha=4.900001, beta=4.900001
[10:48:41.448] [DEBUG] [Move 12] MINIMAX: Root move 4: flip eval=-4.900001
[10:48:41.521] [DEBUG] [Move 12] MINIMAX: New best at depth 4, move=move, eval=4.900001
[10:48:41.521] [DEBUG] [Move 12] MINIMAX: Beta cutoff at depth 4, move 1/113, alpha=4.900001, beta=4.900001
[10:48:41.521] [DEBUG] [Move 12] MINIMAX: Root move 5: flip eval=-4.900001
[10:48:41.602] [DEBUG] [Move 12] MINIMAX: New best at depth 4, move=move, eval=4.900001
[10:48:41.602] [DEBUG] [Move 12] MINIMAX: Beta cutoff at depth 4, move 1/113, alpha=4.900001, beta=4.900001
[10:48:41.602] [DEBUG] [Move 12] MINIMAX: Root move 6: move eval=-4.900001
[10:48:41.666] [DEBUG] [Move 12] MINIMAX: New best at depth 4, move=move, eval=4.900001
[10:48:41.666] [DEBUG] [Move 12] MINIMAX: Beta cutoff at depth 4, move 1/113, alpha=4.900001, beta=4.900001
[10:48:41.666] [DEBUG] [Move 12] MINIMAX: Root move 7: push eval=-4.900001
[10:48:41.757] [DEBUG] [Move 12] MINIMAX: New best at depth 4, move=move, eval=4.900001
[10:48:41.757] [DEBUG] [Move 12] MINIMAX: Beta cutoff at depth 4, move 1/113, alpha=4.900001, beta=4.900001
[10:48:41.757] [DEBUG] [Move 12] MINIMAX: Root move 8: flip eval=-4.900001
[10:48:41.836] [DEBUG] [Move 12] MINIMAX: New best at depth 4, move=move, eval=4.900001
[10:48:41.836] [DEBUG] [Move 12] MINIMAX: Beta cutoff at depth 4, move 1/113, alpha=4.900001, beta=4.900001
[10:48:41.836] [DEBUG] [Move 12] MINIMAX: Root move 9: flip eval=-4.900001
[10:48:41.899] [DEBUG] [Move 12] MINIMAX: New best at depth 4, move=move, eval=4.900001
[10:48:41.899] [DEBUG] [Move 12] MINIMAX: Beta cutoff at depth 4, move 1/113, alpha=4.900001, beta=4.900001
[10:48:41.899] [DEBUG] [Move 12] MINIMAX: Root move 10: push eval=-4.900001
[10:48:41.899] [DEBUG] [Move 12] MINIMAX: TT HIT at depth 4, eval=4.900001, move=move
[10:48:41.899] [DEBUG] [Move 12] MINIMAX: Root move 11: push eval=-4.900001
[10:48:41.985] [DEBUG] [Move 12] MINIMAX: New best at depth 4, move=move, eval=4.900001
[10:48:41.985] [DEBUG] [Move 12] MINIMAX: Beta cutoff at depth 4, move 1/113, alpha=4.900001, beta=4.900001
[10:48:41.985] [DEBUG] [Move 12] MINIMAX: Root move 12: flip eval=-4.900001
[10:48:42.031] [DEBUG] [Move 12] MINIMAX: Beta cutoff at depth 3, move 35/52, alpha=1000000.000000, beta=1000000.000000
[10:48:42.031] [DEBUG] [Move 12] MINIMAX: Root move 13: flip eval=1000000.000000
[10:48:42.031] [DEBUG] [Move 12] MINIMAX: Alpha improved at root: -4.900001 -> 1000000.000000
[10:48:42.031] [DEBUG] [Move 12] MINIMAX: Root beta cutoff! Remaining 36 moves pruned
[10:48:42.031] [DEBUG] [Move 12] MINIMAX: Root search complete - evaluated=13/49, cutoffs=1
[10:48:42.031] [DEBUG] [Move 12] MINIMAX: Depth 5 completed, nodes=42696, eval=1000000.000000, move=flip
[10:48:42.031] [INFO] [Move 12] MINIMAX: Best move changed from move to flip (eval: 4.200000 -> 1000000.000000)
[10:48:42.031] [DEBUG] [Move 12] MINIMAX: Found winning position, stopping early
[10:48:42.031] [INFO] [Move 12] MINIMAX: Search complete - depth=5, nodes=63487, TT_size=177955, time=5.496000s
[10:48:42.032] [DEBUG] [Move 12] VALIDATION DEBUG: Generated 49 legal moves for validation
[10:48:42.032] [DEBUG] [Move 12] VALIDATION DEBUG: Minimax returned move: flip (5,3) -> (5,3)
[10:48:42.032] [DEBUG] [Move 12] VALIDATION DEBUG: Legal move 1: move (0,1) -> (0,0)
[10:48:42.032] [DEBUG] [Move 12] VALIDATION DEBUG: Legal move 2: move (0,1) -> (0,2)
[10:48:42.032] [DEBUG] [Move 12] VALIDATION DEBUG: Legal move 3: move (0,1) -> (1,1)
[10:48:42.032] [DEBUG] [Move 12] VALIDATION DEBUG: Legal move 4: flip (0,1) -> (0,1)
[10:48:42.032] [DEBUG] [Move 12] VALIDATION DEBUG: Legal move 5: flip (0,1) -> (0,1)
[10:48:42.032] [DEBUG] [Move 12] VALIDATION DEBUG: Move found in legal moves - SUCCESS!
[10:48:42.032] [DECISION] [Move 12] FINAL DECISION: flip (5,3) -> (5,3) [vertical] | Reasoning: Minimax search
[10:48:42.032] [DECISION] [Move 12] === MOVE DECISION END ===
[10:48:42.070] [DECISION] [Move 13] === MOVE DECISION START === Player: square, Board: 13x12, Time: 18.4795s (vs 59.953s)
[10:48:42.071] [DEBUG] [Move 13] MINIMAX: Starting search for square, time=18.479527s
[10:48:42.072] [DEBUG] [Move 13] MINIMAX: Found 52 legal moves at root
[10:48:42.072] [DEBUG] [Move 13] MINIMAX: Starting iterative deepening
[10:48:42.072] [DEBUG] [Move 13] MINIMAX: Searching at depth 1
[10:48:42.072] [DEBUG] [Move 13] MINIMAX: Root move 1: move eval=-4.900001
[10:48:42.072] [DEBUG] [Move 13] MINIMAX: Alpha improved at root: -1000000.000000 -> -4.900001
[10:48:42.072] [DEBUG] [Move 13] MINIMAX: Root move 2: move eval=-4.900001
[10:48:42.072] [DEBUG] [Move 13] MINIMAX: Root move 3: move eval=-4.900001
[10:48:42.072] [DEBUG] [Move 13] MINIMAX: Root move 4: flip eval=-4.900001
[10:48:42.072] [DEBUG] [Move 13] MINIMAX: Root move 5: flip eval=-4.900001
[10:48:42.072] [DEBUG] [Move 13] MINIMAX: Root move 6: move eval=-4.900001
[10:48:42.072] [DEBUG] [Move 13] MINIMAX: Root move 7: push eval=-4.900001
[10:48:42.072] [DEBUG] [Move 13] MINIMAX: Root move 8: flip eval=-4.900001
[10:48:42.072] [DEBUG] [Move 13] MINIMAX: Root move 9: flip eval=-4.900001
[10:48:42.072] [DEBUG] [Move 13] MINIMAX: Root move 10: push eval=-4.900001
[10:48:42.072] [DEBUG] [Move 13] MINIMAX: Root move 11: push eval=-4.900001
[10:48:42.072] [DEBUG] [Move 13] MINIMAX: Root move 12: push eval=-4.900001
[10:48:42.072] [DEBUG] [Move 13] MINIMAX: Root move 13: flip eval=-4.900001
[10:48:42.072] [DEBUG] [Move 13] MINIMAX: Root move 14: rotate eval=-4.900001
[10:48:42.072] [DEBUG] [Move 13] MINIMAX: Root move 15: push eval=-4.900001
[10:48:42.072] [DEBUG] [Move 13] MINIMAX: Root move 16: flip eval=-4.900001
[10:48:42.072] [DEBUG] [Move 13] MINIMAX: Root move 17: flip eval=-4.900001
[10:48:42.072] [DEBUG] [Move 13] MINIMAX: Root move 18: push eval=-4.900001
[10:48:42.072] [DEBUG] [Move 13] MINIMAX: Root move 19: push eval=-4.900001
[10:48:42.072] [DEBUG] [Move 13] MINIMAX: Root move 20: flip eval=-4.900001
[10:48:42.073] [DEBUG] [Move 13] MINIMAX: Root move 21: flip eval=-4.900001
[10:48:42.073] [DEBUG] [Move 13] MINIMAX: Root move 22: move eval=-4.900001
[10:48:42.073] [DEBUG] [Move 13] MINIMAX: Root move 23: move eval=-4.900001
[10:48:42.073] [DEBUG] [Move 13] MINIMAX: Root move 24: push eval=-4.900001
[10:48:42.073] [DEBUG] [Move 13] MINIMAX: Root move 25: flip eval=-4.900001
[10:48:42.073] [DEBUG] [Move 13] MINIMAX: Root move 26: flip eval=-4.900001
[10:48:42.073] [DEBUG] [Move 13] MINIMAX: Root move 27: move eval=-4.900001
[10:48:42.073] [DEBUG] [Move 13] MINIMAX: Root move 28: move eval=-4.900001
[10:48:42.073] [DEBUG] [Move 13] MINIMAX: Root move 29: move eval=-4.900001
[10:48:42.073] [DEBUG] [Move 13] MINIMAX: Root move 30: flip eval=-4.900001
[10:48:42.073] [DEBUG] [Move 13] MINIMAX: Root move 31: flip eval=-4.900001
[10:48:42.073] [DEBUG] [Move 13] MINIMAX: Root move 32: move eval=-4.900001
[10:48:42.073] [DEBUG] [Move 13] MINIMAX: Root move 33: push eval=-4.900001
[10:48:42.073] [DEBUG] [Move 13] MINIMAX: Root move 34: flip eval=-4.900001
[10:48:42.073] [DEBUG] [Move 13] MINIMAX: Root move 35: flip eval=-4.900001
[10:48:42.073] [DEBUG] [Move 13] MINIMAX: Root move 36: move eval=-4.900001
[10:48:42.073] [DEBUG] [Move 13] MINIMAX: Root move 37: move eval=-4.900001
[10:48:42.073] [DEBUG] [Move 13] MINIMAX: Root move 38: move eval=-4.900001
[10:48:42.073] [DEBUG] [Move 13] MINIMAX: Root move 39: flip eval=-4.900001
[10:48:42.073] [DEBUG] [Move 13] MINIMAX: Root move 40: flip eval=-4.900001
[10:48:42.073] [DEBUG] [Move 13] MINIMAX: Root move 41: move eval=-4.900001
[10:48:42.073] [DEBUG] [Move 13] MINIMAX: Root move 42: flip eval=-4.900001
[10:48:42.073] [DEBUG] [Move 13] MINIMAX: Root move 43: flip eval=-4.900001
[10:48:42.073] [DEBUG] [Move 13] MINIMAX: Root move 44: move eval=-4.900001
[10:48:42.073] [DEBUG] [Move 13] MINIMAX: Root move 45: push eval=-4.900001
[10:48:42.073] [DEBUG] [Move 13] MINIMAX: Root move 46: flip eval=-4.900001
[10:48:42.073] [DEBUG] [Move 13] MINIMAX: Root move 47: flip eval=-4.900001
[10:48:42.073] [DEBUG] [Move 13] MINIMAX: Root move 48: move eval=-4.900001
[10:48:42.073] [DEBUG] [Move 13] MINIMAX: Root move 49: move eval=-4.900001
[10:48:42.073] [DEBUG] [Move 13] MINIMAX: Root move 50: push eval=-4.900001
[10:48:42.073] [DEBUG] [Move 13] MINIMAX: Root move 51: flip eval=-4.900001
[10:48:42.073] [DEBUG] [Move 13] MINIMAX: Root move 52: flip eval=-4.900001
[10:48:42.073] [DEBUG] [Move 13] MINIMAX: Root search complete - evaluated=52/52, cutoffs=0
[10:48:42.073] [DEBUG] [Move 13] MINIMAX: Depth 1 completed, nodes=52, eval=-4.900001, move=move
[10:48:42.073] [DEBUG] [Move 13] MINIMAX: Searching at depth 2
[10:48:42.075] [DEBUG] [Move 13] MINIMAX: Root move 1: move eval=4.200000
[10:48:42.075] [DEBUG] [Move 13] MINIMAX: Alpha improved at root: -1000000.000000 -> 4.200000
[10:48:42.076] [DEBUG] [Move 13] MINIMAX: Root move 2: move eval=4.200000
[10:48:42.077] [DEBUG] [Move 13] MINIMAX: Root move 3: move eval=4.200000
[10:48:42.078] [DEBUG] [Move 13] MINIMAX: Root move 4: flip eval=4.200000
[10:48:42.079] [DEBUG] [Move 13] MINIMAX: Root move 5: flip eval=4.200000
[10:48:42.080] [DEBUG] [Move 13] MINIMAX: Root move 6: move eval=4.200000
[10:48:42.080] [DEBUG] [Move 13] MINIMAX: Root move 7: push eval=4.200000
[10:48:42.081] [DEBUG] [Move 13] MINIMAX: Root move 8: flip eval=4.200000
[10:48:42.082] [DEBUG] [Move 13] MINIMAX: Root move 9: flip eval=4.200000
[10:48:42.083] [DEBUG] [Move 13] MINIMAX: Root move 10: push eval=4.200000
[10:48:42.084] [DEBUG] [Move 13] MINIMAX: Root move 11: push eval=4.200000
[10:48:42.084] [DEBUG] [Move 13] MINIMAX: Root move 12: push eval=4.200000
[10:48:42.084] [DEBUG] [Move 13] MINIMAX: Root move 13: flip eval=4.200000
[10:48:42.085] [DEBUG] [Move 13] MINIMAX: Root move 14: rotate eval=4.200000
[10:48:42.086] [DEBUG] [Move 13] MINIMAX: Root move 15: push eval=4.200000
[10:48:42.087] [DEBUG] [Move 13] MINIMAX: Root move 16: flip eval=4.200000
[10:48:42.087] [DEBUG] [Move 13] MINIMAX: Root move 17: flip eval=4.200000
[10:48:42.088] [DEBUG] [Move 13] MINIMAX: Root move 18: push eval=4.200000
[10:48:42.088] [DEBUG] [Move 13] MINIMAX: Root move 19: push eval=4.200000
[10:48:42.090] [DEBUG] [Move 13] MINIMAX: Root move 20: flip eval=4.200000
[10:48:42.091] [DEBUG] [Move 13] MINIMAX: Root move 21: flip eval=4.200000
[10:48:42.092] [DEBUG] [Move 13] MINIMAX: Root move 22: move eval=4.200000
[10:48:42.093] [DEBUG] [Move 13] MINIMAX: Root move 23: move eval=4.200000
[10:48:42.094] [DEBUG] [Move 13] MINIMAX: Root move 24: push eval=4.200000
[10:48:42.095] [DEBUG] [Move 13] MINIMAX: Root move 25: flip eval=4.200000
[10:48:42.096] [DEBUG] [Move 13] MINIMAX: Root move 26: flip eval=4.200000
[10:48:42.097] [DEBUG] [Move 13] MINIMAX: Root move 27: move eval=4.200000
[10:48:42.097] [DEBUG] [Move 13] MINIMAX: Root move 28: move eval=4.200000
[10:48:42.098] [DEBUG] [Move 13] MINIMAX: Root move 29: move eval=4.200000
[10:48:42.099] [DEBUG] [Move 13] MINIMAX: Root move 30: flip eval=4.200000
[10:48:42.100] [DEBUG] [Move 13] MINIMAX: Root move 31: flip eval=4.200000
[10:48:42.100] [DEBUG] [Move 13] MINIMAX: Root move 32: move eval=4.200000
[10:48:42.101] [DEBUG] [Move 13] MINIMAX: Root move 33: push eval=4.200000
[10:48:42.102] [DEBUG] [Move 13] MINIMAX: Root move 34: flip eval=4.200000
[10:48:42.103] [DEBUG] [Move 13] MINIMAX: Root move 35: flip eval=4.200000
[10:48:42.103] [DEBUG] [Move 13] MINIMAX: Root move 36: move eval=4.200000
[10:48:42.104] [DEBUG] [Move 13] MINIMAX: Root move 37: move eval=4.200000
[10:48:42.105] [DEBUG] [Move 13] MINIMAX: Root move 38: move eval=4.200000
[10:48:42.106] [DEBUG] [Move 13] MINIMAX: Root move 39: flip eval=4.200000
[10:48:42.107] [DEBUG] [Move 13] MINIMAX: Root move 40: flip eval=4.200000
[10:48:42.107] [DEBUG] [Move 13] MINIMAX: Root move 41: move eval=4.200000
[10:48:42.108] [DEBUG] [Move 13] MINIMAX: Root move 42: flip eval=4.200000
[10:48:42.109] [DEBUG] [Move 13] MINIMAX: Root move 43: flip eval=4.200000
[10:48:42.110] [DEBUG] [Move 13] MINIMAX: Root move 44: move eval=4.200000
[10:48:42.111] [DEBUG] [Move 13] MINIMAX: Root move 45: push eval=4.200000
[10:48:42.111] [DEBUG] [Move 13] MINIMAX: Root move 46: flip eval=4.200000
[10:48:42.112] [DEBUG] [Move 13] MINIMAX: Root move 47: flip eval=4.200000
[10:48:42.113] [DEBUG] [Move 13] MINIMAX: Root move 48: move eval=4.200000
[10:48:42.114] [DEBUG] [Move 13] MINIMAX: Root move 49: move eval=4.200000
[10:48:42.115] [DEBUG] [Move 13] MINIMAX: Root move 50: push eval=4.200000
[10:48:42.117] [DEBUG] [Move 13] MINIMAX: Root move 51: flip eval=4.200000
[10:48:42.118] [DEBUG] [Move 13] MINIMAX: Root move 52: flip eval=4.200000
[10:48:42.118] [DEBUG] [Move 13] MINIMAX: Root search complete - evaluated=52/52, cutoffs=0
[10:48:42.118] [DEBUG] [Move 13] MINIMAX: Depth 2 completed, nodes=214, eval=4.200000, move=move
[10:48:42.118] [DEBUG] [Move 13] MINIMAX: Searching at depth 3
[10:48:42.196] [DEBUG] [Move 13] MINIMAX: Root move 1: move eval=-4.900001
[10:48:42.196] [DEBUG] [Move 13] MINIMAX: Alpha improved at root: -1000000.000000 -> -4.900001
[10:48:42.197] [DEBUG] [Move 13] MINIMAX: Root move 2: move eval=-4.900001
[10:48:42.199] [DEBUG] [Move 13] MINIMAX: Root move 3: move eval=-4.900001
[10:48:42.201] [DEBUG] [Move 13] MINIMAX: Root move 4: flip eval=-4.900001
[10:48:42.203] [DEBUG] [Move 13] MINIMAX: Root move 5: flip eval=-4.900001
[10:48:42.205] [DEBUG] [Move 13] MINIMAX: Root move 6: move eval=-4.900001
[10:48:42.206] [DEBUG] [Move 13] MINIMAX: Root move 7: push eval=-4.900001
[10:48:42.208] [DEBUG] [Move 13] MINIMAX: Root move 8: flip eval=-4.900001
[10:48:42.210] [DEBUG] [Move 13] MINIMAX: Root move 9: flip eval=-4.900001
[10:48:42.212] [DEBUG] [Move 13] MINIMAX: Root move 10: push eval=-4.900001
[10:48:42.212] [DEBUG] [Move 13] MINIMAX: Root move 11: push eval=-4.900001
[10:48:42.212] [DEBUG] [Move 13] MINIMAX: Root move 12: push eval=-4.900001
[10:48:42.214] [DEBUG] [Move 13] MINIMAX: Root move 13: flip eval=-4.900001
[10:48:42.215] [DEBUG] [Move 13] MINIMAX: Root move 14: rotate eval=-4.900001
[10:48:42.217] [DEBUG] [Move 13] MINIMAX: Root move 15: push eval=-4.900001
[10:48:42.219] [DEBUG] [Move 13] MINIMAX: Root move 16: flip eval=-4.900001
[10:48:42.221] [DEBUG] [Move 13] MINIMAX: Root move 17: flip eval=-4.900001
[10:48:42.223] [DEBUG] [Move 13] MINIMAX: Root move 18: push eval=-4.900001
[10:48:42.223] [DEBUG] [Move 13] MINIMAX: Root move 19: push eval=-4.900001
[10:48:42.224] [DEBUG] [Move 13] MINIMAX: Root move 20: flip eval=-4.900001
[10:48:42.226] [DEBUG] [Move 13] MINIMAX: Root move 21: flip eval=-4.900001
[10:48:42.228] [DEBUG] [Move 13] MINIMAX: Root move 22: move eval=-4.900001
[10:48:42.229] [DEBUG] [Move 13] MINIMAX: Root move 23: move eval=-4.900001
[10:48:42.231] [DEBUG] [Move 13] MINIMAX: Root move 24: push eval=-4.900001
[10:48:42.233] [DEBUG] [Move 13] MINIMAX: Root move 25: flip eval=-4.900001
[10:48:42.235] [DEBUG] [Move 13] MINIMAX: Root move 26: flip eval=-4.900001
[10:48:42.237] [DEBUG] [Move 13] MINIMAX: Root move 27: move eval=-4.900001
[10:48:42.238] [DEBUG] [Move 13] MINIMAX: Root move 28: move eval=-4.900001
[10:48:42.240] [DEBUG] [Move 13] MINIMAX: Root move 29: move eval=-4.900001
[10:48:42.242] [DEBUG] [Move 13] MINIMAX: Root move 30: flip eval=-4.900001
[10:48:42.244] [DEBUG] [Move 13] MINIMAX: Root move 31: flip eval=-4.900001
[10:48:42.245] [DEBUG] [Move 13] MINIMAX: Root move 32: move eval=-4.900001
[10:48:42.247] [DEBUG] [Move 13] MINIMAX: Root move 33: push eval=-4.900001
[10:48:42.249] [DEBUG] [Move 13] MINIMAX: Root move 34: flip eval=-4.900001
[10:48:42.250] [DEBUG] [Move 13] MINIMAX: Root move 35: flip eval=-4.900001
[10:48:42.253] [DEBUG] [Move 13] MINIMAX: Root move 36: move eval=-4.900001
[10:48:42.255] [DEBUG] [Move 13] MINIMAX: Root move 37: move eval=-4.900001
[10:48:42.257] [DEBUG] [Move 13] MINIMAX: Root move 38: move eval=-4.900001
[10:48:42.258] [DEBUG] [Move 13] MINIMAX: Root move 39: flip eval=-4.900001
[10:48:42.260] [DEBUG] [Move 13] MINIMAX: Root move 40: flip eval=-4.900001
[10:48:42.262] [DEBUG] [Move 13] MINIMAX: Root move 41: move eval=-4.900001
[10:48:42.264] [DEBUG] [Move 13] MINIMAX: Root move 42: flip eval=-4.900001
[10:48:42.266] [DEBUG] [Move 13] MINIMAX: Root move 43: flip eval=-4.900001
[10:48:42.267] [DEBUG] [Move 13] MINIMAX: Root move 44: move eval=-4.900001
[10:48:42.269] [DEBUG] [Move 13] MINIMAX: Root move 45: push eval=-4.900001
[10:48:42.271] [DEBUG] [Move 13] MINIMAX: Root move 46: flip eval=-4.900001
[10:48:42.272] [DEBUG] [Move 13] MINIMAX: Root move 47: flip eval=-4.900001
[10:48:42.274] [DEBUG] [Move 13] MINIMAX: Root move 48: move eval=-4.900001
[10:48:42.276] [DEBUG] [Move 13] MINIMAX: Root move 49: move eval=-4.900001
[10:48:42.278] [DEBUG] [Move 13] MINIMAX: Root move 50: push eval=-4.900001
[10:48:42.280] [DEBUG] [Move 13] MINIMAX: Root move 51: flip eval=-4.900001
[10:48:42.281] [DEBUG] [Move 13] MINIMAX: Root move 52: flip eval=-4.900001
[10:48:42.281] [DEBUG] [Move 13] MINIMAX: Root search complete - evaluated=52/52, cutoffs=0
[10:48:42.281] [DEBUG] [Move 13] MINIMAX: Depth 3 completed, nodes=3114, eval=-4.900001, move=move
[10:48:42.281] [DEBUG] [Move 13] MINIMAX: Searching at depth 4
[10:48:42.547] [DEBUG] [Move 13] MINIMAX: Root move 1: move eval=4.200000
[10:48:42.547] [DEBUG] [Move 13] MINIMAX: Alpha improved at root: -1000000.000000 -> 4.200000
[10:48:42.605] [DEBUG] [Move 13] MINIMAX: Beta cutoff at depth 3, move 1/114, alpha=-4.200000, beta=-4.200000
[10:48:42.605] [DEBUG] [Move 13] MINIMAX: Root move 2: move eval=4.200000
[10:48:42.661] [DEBUG] [Move 13] MINIMAX: Beta cutoff at depth 3, move 1/114, alpha=-4.200000, beta=-4.200000
[10:48:42.661] [DEBUG] [Move 13] MINIMAX: Root move 3: move eval=4.200000
[10:48:42.707] [DEBUG] [Move 13] MINIMAX: Beta cutoff at depth 3, move 1/114, alpha=-4.200000, beta=-4.200000
[10:48:42.707] [DEBUG] [Move 13] MINIMAX: Root move 4: flip eval=4.200000
[10:48:42.743] [DEBUG] [Move 13] MINIMAX: Beta cutoff at depth 3, move 1/114, alpha=-4.200000, beta=-4.200000
[10:48:42.743] [DEBUG] [Move 13] MINIMAX: Root move 5: flip eval=4.200000
[10:48:42.787] [DEBUG] [Move 13] MINIMAX: Beta cutoff at depth 3, move 1/114, alpha=-4.200000, beta=-4.200000
[10:48:42.787] [DEBUG] [Move 13] MINIMAX: Root move 6: move eval=4.200000
[10:48:42.818] [DEBUG] [Move 13] MINIMAX: Beta cutoff at depth 3, move 1/114, alpha=-4.200000, beta=-4.200000
[10:48:42.818] [DEBUG] [Move 13] MINIMAX: Root move 7: push eval=4.200000
[10:48:42.865] [DEBUG] [Move 13] MINIMAX: Beta cutoff at depth 3, move 1/114, alpha=-4.200000, beta=-4.200000
[10:48:42.865] [DEBUG] [Move 13] MINIMAX: Root move 8: flip eval=4.200000
[10:48:42.901] [DEBUG] [Move 13] MINIMAX: Beta cutoff at depth 3, move 1/114, alpha=-4.200000, beta=-4.200000
[10:48:42.901] [DEBUG] [Move 13] MINIMAX: Root move 9: flip eval=4.200000
[10:48:42.960] [DEBUG] [Move 13] MINIMAX: Beta cutoff at depth 3, move 1/138, alpha=-4.200000, beta=-4.200000
[10:48:42.960] [DEBUG] [Move 13] MINIMAX: Root move 10: push eval=4.200000
[10:48:42.960] [DEBUG] [Move 13] MINIMAX: TT HIT at depth 3, eval=-4.200000, move=move
[10:48:42.960] [DEBUG] [Move 13] MINIMAX: Root move 11: push eval=4.200000
[10:48:42.960] [DEBUG] [Move 13] MINIMAX: TT HIT at depth 3, eval=-4.200000, move=move
[10:48:42.960] [DEBUG] [Move 13] MINIMAX: Root move 12: push eval=4.200000
[10:48:42.996] [DEBUG] [Move 13] MINIMAX: Beta cutoff at depth 3, move 1/114, alpha=-4.200000, beta=-4.200000
[10:48:42.996] [DEBUG] [Move 13] MINIMAX: Root move 13: flip eval=4.200000
[10:48:43.049] [DEBUG] [Move 13] MINIMAX: Beta cutoff at depth 3, move 1/114, alpha=-4.200000, beta=-4.200000
[10:48:43.049] [DEBUG] [Move 13] MINIMAX: Root move 14: rotate eval=4.200000
[10:48:43.102] [DEBUG] [Move 13] MINIMAX: Beta cutoff at depth 3, move 1/114, alpha=-4.200000, beta=-4.200000
[10:48:43.102] [DEBUG] [Move 13] MINIMAX: Root move 15: push eval=4.200000
[10:48:43.147] [DEBUG] [Move 13] MINIMAX: Beta cutoff at depth 3, move 1/114, alpha=-4.200000, beta=-4.200000
[10:48:43.147] [DEBUG] [Move 13] MINIMAX: Root move 16: flip eval=4.200000
[10:48:43.176] [DEBUG] [Move 13] MINIMAX: Beta cutoff at depth 3, move 1/114, alpha=-4.200000, beta=-4.200000
[10:48:43.176] [DEBUG] [Move 13] MINIMAX: Root move 17: flip eval=4.200000
[10:48:43.203] [DEBUG] [Move 13] MINIMAX: Beta cutoff at depth 3, move 1/114, alpha=-4.200000, beta=-4.200000
[10:48:43.203] [DEBUG] [Move 13] MINIMAX: Root move 18: push eval=4.200000
[10:48:43.203] [DEBUG] [Move 13] MINIMAX: TT HIT at depth 3, eval=-4.200000, move=move
[10:48:43.203] [DEBUG] [Move 13] MINIMAX: Root move 19: push eval=4.200000
[10:48:43.232] [DEBUG] [Move 13] MINIMAX: Beta cutoff at depth 3, move 1/114, alpha=-4.200000, beta=-4.200000
[10:48:43.232] [DEBUG] [Move 13] MINIMAX: Root move 20: flip eval=4.200000
[10:48:43.269] [DEBUG] [Move 13] MINIMAX: Beta cutoff at depth 3, move 1/114, alpha=-4.200000, beta=-4.200000
[10:48:43.269] [DEBUG] [Move 13] MINIMAX: Root move 21: flip eval=4.200000
[10:48:43.297] [DEBUG] [Move 13] MINIMAX: Beta cutoff at depth 3, move 1/114, alpha=-4.200000, beta=-4.200000
[10:48:43.297] [DEBUG] [Move 13] MINIMAX: Root move 22: move eval=4.200000
[10:48:43.336] [DEBUG] [Move 13] MINIMAX: Beta cutoff at depth 3, move 1/114, alpha=-4.200000, beta=-4.200000
[10:48:43.336] [DEBUG] [Move 13] MINIMAX: Root move 23: move eval=4.200000
[10:48:43.364] [DEBUG] [Move 13] MINIMAX: Beta cutoff at depth 3, move 1/114, alpha=-4.200000, beta=-4.200000
[10:48:43.365] [DEBUG] [Move 13] MINIMAX: Root move 24: push eval=4.200000
[10:48:43.398] [DEBUG] [Move 13] MINIMAX: Beta cutoff at depth 3, move 1/114, alpha=-4.200000, beta=-4.200000
[10:48:43.398] [DEBUG] [Move 13] MINIMAX: Root move 25: flip eval=4.200000
[10:48:43.449] [DEBUG] [Move 13] MINIMAX: Beta cutoff at depth 3, move 1/114, alpha=-4.200000, beta=-4.200000
[10:48:43.449] [DEBUG] [Move 13] MINIMAX: Root move 26: flip eval=4.200000
[10:48:43.479] [DEBUG] [Move 13] MINIMAX: Beta cutoff at depth 3, move 1/119, alpha=-4.200000, beta=-4.200000
[10:48:43.480] [DEBUG] [Move 13] MINIMAX: Root move 27: move eval=4.200000
[10:48:43.504] [DEBUG] [Move 13] MINIMAX: Beta cutoff at depth 3, move 1/115, alpha=-4.200000, beta=-4.200000
[10:48:43.504] [DEBUG] [Move 13] MINIMAX: Root move 28: move eval=4.200000
[10:48:43.524] [DEBUG] [Move 13] MINIMAX: Beta cutoff at depth 3, move 1/113, alpha=-4.200000, beta=-4.200000
[10:48:43.524] [DEBUG] [Move 13] MINIMAX: Root move 29: move eval=4.200000
[10:48:43.545] [DEBUG] [Move 13] MINIMAX: Beta cutoff at depth 3, move 1/117, alpha=-4.200000, beta=-4.200000
[10:48:43.545] [DEBUG] [Move 13] MINIMAX: Root move 30: flip eval=4.200000
[10:48:43.570] [DEBUG] [Move 13] MINIMAX: Beta cutoff at depth 3, move 1/118, alpha=-4.200000, beta=-4.200000
[10:48:43.570] [DEBUG] [Move 13] MINIMAX: Root move 31: flip eval=4.200000
[10:48:43.590] [DEBUG] [Move 13] MINIMAX: Beta cutoff at depth 3, move 1/109, alpha=-4.200000, beta=-4.200000
[10:48:43.590] [DEBUG] [Move 13] MINIMAX: Root move 32: move eval=4.200000
[10:48:43.609] [DEBUG] [Move 13] MINIMAX: Beta cutoff at depth 3, move 1/119, alpha=-4.200000, beta=-4.200000
[10:48:43.609] [DEBUG] [Move 13] MINIMAX: Root move 33: push eval=4.200000
[10:48:43.625] [DEBUG] [Move 13] MINIMAX: Beta cutoff at depth 3, move 1/114, alpha=-4.200000, beta=-4.200000
[10:48:43.626] [DEBUG] [Move 13] MINIMAX: Root move 34: flip eval=4.200000
[10:48:43.657] [DEBUG] [Move 13] MINIMAX: Beta cutoff at depth 3, move 1/114, alpha=-4.200000, beta=-4.200000
[10:48:43.657] [DEBUG] [Move 13] MINIMAX: Root move 35: flip eval=4.200000
[10:48:43.674] [DEBUG] [Move 13] MINIMAX: Beta cutoff at depth 3, move 1/108, alpha=-4.200000, beta=-4.200000
[10:48:43.674] [DEBUG] [Move 13] MINIMAX: Root move 36: move eval=4.200000
[10:48:43.695] [DEBUG] [Move 13] MINIMAX: Beta cutoff at depth 3, move 1/102, alpha=-4.200000, beta=-4.200000
[10:48:43.695] [DEBUG] [Move 13] MINIMAX: Root move 37: move eval=4.200000
[10:48:43.717] [DEBUG] [Move 13] MINIMAX: Beta cutoff at depth 3, move 1/98, alpha=-4.200000, beta=-4.200000
[10:48:43.717] [DEBUG] [Move 13] MINIMAX: Root move 38: move eval=4.200000
[10:48:43.728] [DEBUG] [Move 13] MINIMAX: Beta cutoff at depth 3, move 1/114, alpha=-4.200000, beta=-4.200000
[10:48:43.728] [DEBUG] [Move 13] MINIMAX: Root move 39: flip eval=4.200000
[10:48:43.753] [DEBUG] [Move 13] MINIMAX: Beta cutoff at depth 3, move 1/132, alpha=-4.200000, beta=-4.200000
[10:48:43.753] [DEBUG] [Move 13] MINIMAX: Root move 40: flip eval=4.200000
[10:48:43.766] [DEBUG] [Move 13] MINIMAX: Beta cutoff at depth 3, move 1/111, alpha=-4.200000, beta=-4.200000
[10:48:43.766] [DEBUG] [Move 13] MINIMAX: Root move 41: move eval=4.200000
[10:48:43.775] [DEBUG] [Move 13] MINIMAX: Beta cutoff at depth 3, move 1/114, alpha=-4.200000, beta=-4.200000
[10:48:43.775] [DEBUG] [Move 13] MINIMAX: Root move 42: flip eval=4.200000
[10:48:43.796] [DEBUG] [Move 13] MINIMAX: Beta cutoff at depth 3, move 1/114, alpha=-4.200000, beta=-4.200000
[10:48:43.796] [DEBUG] [Move 13] MINIMAX: Root move 43: flip eval=4.200000
[10:48:43.806] [DEBUG] [Move 13] MINIMAX: Beta cutoff at depth 3, move 1/111, alpha=-4.200000, beta=-4.200000
[10:48:43.806] [DEBUG] [Move 13] MINIMAX: Root move 44: move eval=4.200000
[10:48:43.812] [DEBUG] [Move 13] MINIMAX: Beta cutoff at depth 3, move 1/117, alpha=-4.200000, beta=-4.200000
[10:48:43.812] [DEBUG] [Move 13] MINIMAX: Root move 45: push eval=4.200000
[10:48:43.821] [DEBUG] [Move 13] MINIMAX: Beta cutoff at depth 3, move 1/114, alpha=-4.200000, beta=-4.200000
[10:48:43.821] [DEBUG] [Move 13] MINIMAX: Root move 46: flip eval=4.200000
[10:48:43.834] [DEBUG] [Move 13] MINIMAX: Beta cutoff at depth 3, move 1/114, alpha=-4.200000, beta=-4.200000
[10:48:43.834] [DEBUG] [Move 13] MINIMAX: Root move 47: flip eval=4.200000
[10:48:43.844] [DEBUG] [Move 13] MINIMAX: Beta cutoff at depth 3, move 1/110, alpha=-4.200000, beta=-4.200000
[10:48:43.844] [DEBUG] [Move 13] MINIMAX: Root move 48: move eval=4.200000
[10:48:43.853] [DEBUG] [Move 13] MINIMAX: Beta cutoff at depth 3, move 1/118, alpha=-4.200000, beta=-4.200000
[10:48:43.853] [DEBUG] [Move 13] MINIMAX: Root move 49: move eval=4.200000
[10:48:43.863] [DEBUG] [Move 13] MINIMAX: Beta cutoff at depth 3, move 1/118, alpha=-4.200000, beta=-4.200000
[10:48:43.863] [DEBUG] [Move 13] MINIMAX: Root move 50: push eval=4.200000
[10:48:43.871] [DEBUG] [Move 13] MINIMAX: Beta cutoff at depth 3, move 1/126, alpha=-4.200000, beta=-4.200000
[10:48:43.871] [DEBUG] [Move 13] MINIMAX: Root move 51: flip eval=4.200000
[10:48:43.883] [DEBUG] [Move 13] MINIMAX: Beta cutoff at depth 3, move 1/114, alpha=-4.200000, beta=-4.200000
[10:48:43.883] [DEBUG] [Move 13] MINIMAX: Root move 52: flip eval=4.200000
[10:48:43.883] [DEBUG] [Move 13] MINIMAX: Root search complete - evaluated=52/52, cutoffs=0
[10:48:43.883] [DEBUG] [Move 13] MINIMAX: Depth 4 completed, nodes=14151, eval=4.200000, move=move
[10:48:43.883] [DEBUG] [Move 13] MINIMAX: Searching at depth 5
[10:48:44.053] [DEBUG] [Move 13] MINIMAX: New best at depth 4, move=move, eval=4.900001
[10:48:44.141] [DEBUG] [Move 13] MINIMAX: Beta cutoff at depth 3, move 1/51, alpha=-4.900001, beta=-4.900001
[10:48:44.223] [DEBUG] [Move 13] MINIMAX: Beta cutoff at depth 3, move 1/51, alpha=-4.900001, beta=-4.900001
[10:48:44.279] [DEBUG] [Move 13] MINIMAX: Beta cutoff at depth 3, move 1/54, alpha=-4.900001, beta=-4.900001
[10:48:44.359] [DEBUG] [Move 13] MINIMAX: Beta cutoff at depth 3, move 1/51, alpha=-4.900001, beta=-4.900001
[10:48:44.415] [DEBUG] [Move 13] MINIMAX: Beta cutoff at depth 3, move 1/51, alpha=-4.900001, beta=-4.900001
[10:48:44.493] [DEBUG] [Move 13] MINIMAX: Beta cutoff at depth 3, move 1/51, alpha=-4.900001, beta=-4.900001
[10:48:44.572] [DEBUG] [Move 13] MINIMAX: Beta cutoff at depth 3, move 1/51, alpha=-4.900001, beta=-4.900001
[10:48:44.656] [DEBUG] [Move 13] MINIMAX: Beta cutoff at depth 3, move 1/58, alpha=-4.900001, beta=-4.900001
[10:48:44.735] [DEBUG] [Move 13] MINIMAX: Beta cutoff at depth 3, move 1/51, alpha=-4.900001, beta=-4.900001
[10:48:44.797] [DEBUG] [Move 13] MINIMAX: Beta cutoff at depth 3, move 1/51, alpha=-4.900001, beta=-4.900001
[10:48:44.850] [DEBUG] [Move 13] MINIMAX: Beta cutoff at depth 3, move 1/51, alpha=-4.900001, beta=-4.900001
[10:48:44.902] [DEBUG] [Move 13] MINIMAX: Beta cutoff at depth 3, move 1/51, alpha=-4.900001, beta=-4.900001
[10:48:44.953] [DEBUG] [Move 13] MINIMAX: Beta cutoff at depth 3, move 1/51, alpha=-4.900001, beta=-4.900001
[10:48:45.005] [DEBUG] [Move 13] MINIMAX: Beta cutoff at depth 3, move 1/55, alpha=-4.900001, beta=-4.900001
[10:48:45.055] [DEBUG] [Move 13] MINIMAX: Beta cutoff at depth 3, move 1/51, alpha=-4.900001, beta=-4.900001
[10:48:45.122] [DEBUG] [Move 13] MINIMAX: Beta cutoff at depth 3, move 1/51, alpha=-4.900001, beta=-4.900001
[10:48:45.174] [DEBUG] [Move 13] MINIMAX: Beta cutoff at depth 3, move 1/49, alpha=-4.900001, beta=-4.900001
[10:48:45.231] [DEBUG] [Move 13] MINIMAX: Beta cutoff at depth 3, move 1/49, alpha=-4.900001, beta=-4.900001
[10:48:45.289] [DEBUG] [Move 13] MINIMAX: Beta cutoff at depth 3, move 1/49, alpha=-4.900001, beta=-4.900001
[10:48:45.337] [DEBUG] [Move 13] MINIMAX: Beta cutoff at depth 3, move 1/51, alpha=-4.900001, beta=-4.900001
[10:48:45.400] [DEBUG] [Move 13] MINIMAX: Beta cutoff at depth 3, move 1/51, alpha=-4.900001, beta=-4.900001
[10:48:45.465] [DEBUG] [Move 13] MINIMAX: Beta cutoff at depth 3, move 1/56, alpha=-4.900001, beta=-4.900001
[10:48:45.521] [DEBUG] [Move 13] MINIMAX: Beta cutoff at depth 3, move 1/53, alpha=-4.900001, beta=-4.900001
[10:48:45.588] [DEBUG] [Move 13] MINIMAX: Beta cutoff at depth 3, move 1/53, alpha=-4.900001, beta=-4.900001
[10:48:45.641] [DEBUG] [Move 13] MINIMAX: Beta cutoff at depth 3, move 1/51, alpha=-4.900001, beta=-4.900001
[10:48:45.704] [DEBUG] [Move 13] MINIMAX: Beta cutoff at depth 3, move 1/53, alpha=-4.900001, beta=-4.900001
[10:48:45.704] [DEBUG] [Move 13] MINIMAX: TT HIT at depth 3, eval=-4.900001, move=move
[10:48:45.704] [DEBUG] [Move 13] MINIMAX: TT HIT at depth 3, eval=-4.900001, move=move
[10:48:45.761] [DEBUG] [Move 13] MINIMAX: Beta cutoff at depth 3, move 1/59, alpha=-4.900001, beta=-4.900001
[10:48:45.761] [DEBUG] [Move 13] MINIMAX: TT HIT at depth 3, eval=-4.900001, move=move
[10:48:45.761] [DEBUG] [Move 13] MINIMAX: TT HIT at depth 3, eval=-4.900001, move=move
[10:48:45.800] [DEBUG] [Move 13] MINIMAX: Beta cutoff at depth 3, move 1/51, alpha=-4.900001, beta=-4.900001
[10:48:45.846] [DEBUG] [Move 13] MINIMAX: Beta cutoff at depth 3, move 1/63, alpha=-4.900001, beta=-4.900001
[10:48:45.899] [DEBUG] [Move 13] MINIMAX: Beta cutoff at depth 3, move 1/46, alpha=-4.900001, beta=-4.900001
[10:48:45.963] [DEBUG] [Move 13] MINIMAX: Beta cutoff at depth 3, move 1/47, alpha=-4.900001, beta=-4.900001
[10:48:46.015] [DEBUG] [Move 13] MINIMAX: Beta cutoff at depth 3, move 1/49, alpha=-4.900001, beta=-4.900001
[10:48:46.058] [DEBUG] [Move 13] MINIMAX: Beta cutoff at depth 3, move 1/50, alpha=-4.900001, beta=-4.900001
[10:48:46.114] [DEBUG] [Move 13] MINIMAX: Beta cutoff at depth 3, move 1/51, alpha=-4.900001, beta=-4.900001
[10:48:46.160] [DEBUG] [Move 13] MINIMAX: Beta cutoff at depth 3, move 1/51, alpha=-4.900001, beta=-4.900001
[10:48:46.192] [DEBUG] [Move 13] MINIMAX: New best at depth 4, move=flip, eval=1000000.000000
[10:48:46.192] [DEBUG] [Move 13] MINIMAX: Beta cutoff at depth 4, move 41/114, alpha=1000000.000000, beta=1000000.000000
[10:48:46.193] [DEBUG] [Move 13] MINIMAX: Root move 1: move eval=-1000000.000000
[10:48:46.193] [DEBUG] [Move 13] MINIMAX: Timeout at root level after 1/52 moves
[10:48:46.193] [DEBUG] [Move 13] MINIMAX: Root search complete - evaluated=1/52, cutoffs=0
[10:48:46.193] [DEBUG] [Move 13] MINIMAX: Depth 5 completed, nodes=9330, eval=-1000000.000000, move=move
[10:48:46.193] [DEBUG] [Move 13] MINIMAX: Time limit reached at depth 6
[10:48:46.193] [INFO] [Move 13] MINIMAX: Search complete - depth=4, nodes=26861, TT_size=189068, time=4.122000s
[10:48:46.194] [DEBUG] [Move 13] VALIDATION DEBUG: Generated 52 legal moves for validation
[10:48:46.194] [DEBUG] [Move 13] VALIDATION DEBUG: Minimax returned move: move (0,1) -> (0,0)
[10:48:46.194] [DEBUG] [Move 13] VALIDATION DEBUG: Legal move 1: move (0,1) -> (0,0)
[10:48:46.194] [DEBUG] [Move 13] VALIDATION DEBUG: Legal move 2: move (0,1) -> (0,2)
[10:48:46.194] [DEBUG] [Move 13] VALIDATION DEBUG: Legal move 3: move (0,1) -> (1,1)
[10:48:46.194] [DEBUG] [Move 13] VALIDATION DEBUG: Legal move 4: flip (0,1) -> (0,1)
[10:48:46.194] [DEBUG] [Move 13] VALIDATION DEBUG: Legal move 5: flip (0,1) -> (0,1)
[10:48:46.194] [DEBUG] [Move 13] VALIDATION DEBUG: Move found in legal moves - SUCCESS!
[10:48:46.194] [DECISION] [Move 13] FINAL DECISION: move (0,1) -> (0,0) | Reasoning: Minimax search
[10:48:46.194] [DECISION] [Move 13] === MOVE DECISION END ===
[10:48:46.232] [DECISION] [Move 14] === MOVE DECISION START === Player: square, Board: 13x12, Time: 14.3556s (vs 59.9492s)
[10:48:46.233] [DEBUG] [Move 14] MINIMAX: Starting search for square, time=14.355631s
[10:48:46.234] [DEBUG] [Move 14] MINIMAX: Found 51 legal moves at root
[10:48:46.234] [DEBUG] [Move 14] MINIMAX: Starting iterative deepening
[10:48:46.234] [DEBUG] [Move 14] MINIMAX: Searching at depth 1
[10:48:46.234] [DEBUG] [Move 14] MINIMAX: Root move 1: move eval=-4.900001
[10:48:46.234] [DEBUG] [Move 14] MINIMAX: Alpha improved at root: -1000000.000000 -> -4.900001
[10:48:46.234] [DEBUG] [Move 14] MINIMAX: Root move 2: move eval=-4.900001
[10:48:46.235] [DEBUG] [Move 14] MINIMAX: Root move 3: flip eval=-4.900001
[10:48:46.235] [DEBUG] [Move 14] MINIMAX: Root move 4: flip eval=-4.900001
[10:48:46.235] [DEBUG] [Move 14] MINIMAX: Root move 5: move eval=-4.900001
[10:48:46.235] [DEBUG] [Move 14] MINIMAX: Root move 6: push eval=-4.900001
[10:48:46.235] [DEBUG] [Move 14] MINIMAX: Root move 7: flip eval=-4.900001
[10:48:46.235] [DEBUG] [Move 14] MINIMAX: Root move 8: flip eval=-4.900001
[10:48:46.235] [DEBUG] [Move 14] MINIMAX: Root move 9: push eval=-4.900001
[10:48:46.235] [DEBUG] [Move 14] MINIMAX: Root move 10: push eval=-4.900001
[10:48:46.235] [DEBUG] [Move 14] MINIMAX: Root move 11: push eval=-4.900001
[10:48:46.235] [DEBUG] [Move 14] MINIMAX: Root move 12: flip eval=-4.900001
[10:48:46.235] [DEBUG] [Move 14] MINIMAX: Root move 13: rotate eval=-4.900001
[10:48:46.235] [DEBUG] [Move 14] MINIMAX: Root move 14: push eval=-4.900001
[10:48:46.235] [DEBUG] [Move 14] MINIMAX: Root move 15: flip eval=-4.900001
[10:48:46.235] [DEBUG] [Move 14] MINIMAX: Root move 16: flip eval=-4.900001
[10:48:46.235] [DEBUG] [Move 14] MINIMAX: Root move 17: push eval=-4.900001
[10:48:46.235] [DEBUG] [Move 14] MINIMAX: Root move 18: push eval=-4.900001
[10:48:46.235] [DEBUG] [Move 14] MINIMAX: Root move 19: flip eval=-4.900001
[10:48:46.235] [DEBUG] [Move 14] MINIMAX: Root move 20: flip eval=-4.900001
[10:48:46.235] [DEBUG] [Move 14] MINIMAX: Root move 21: move eval=-4.900001
[10:48:46.235] [DEBUG] [Move 14] MINIMAX: Root move 22: move eval=-4.900001
[10:48:46.235] [DEBUG] [Move 14] MINIMAX: Root move 23: push eval=-4.900001
[10:48:46.235] [DEBUG] [Move 14] MINIMAX: Root move 24: flip eval=-4.900001
[10:48:46.235] [DEBUG] [Move 14] MINIMAX: Root move 25: flip eval=-4.900001
[10:48:46.235] [DEBUG] [Move 14] MINIMAX: Root move 26: move eval=-4.900001
[10:48:46.235] [DEBUG] [Move 14] MINIMAX: Root move 27: move eval=-4.900001
[10:48:46.235] [DEBUG] [Move 14] MINIMAX: Root move 28: move eval=-4.900001
[10:48:46.235] [DEBUG] [Move 14] MINIMAX: Root move 29: flip eval=-4.900001
[10:48:46.235] [DEBUG] [Move 14] MINIMAX: Root move 30: flip eval=-4.900001
[10:48:46.235] [DEBUG] [Move 14] MINIMAX: Root move 31: move eval=-4.900001
[10:48:46.235] [DEBUG] [Move 14] MINIMAX: Root move 32: push eval=-4.900001
[10:48:46.235] [DEBUG] [Move 14] MINIMAX: Root move 33: flip eval=-4.900001
[10:48:46.236] [DEBUG] [Move 14] MINIMAX: Root move 34: flip eval=-4.900001
[10:48:46.236] [DEBUG] [Move 14] MINIMAX: Root move 35: move eval=-4.900001
[10:48:46.236] [DEBUG] [Move 14] MINIMAX: Root move 36: move eval=-4.900001
[10:48:46.236] [DEBUG] [Move 14] MINIMAX: Root move 37: move eval=-4.900001
[10:48:46.236] [DEBUG] [Move 14] MINIMAX: Root move 38: flip eval=-4.900001
[10:48:46.236] [DEBUG] [Move 14] MINIMAX: Root move 39: flip eval=-4.900001
[10:48:46.236] [DEBUG] [Move 14] MINIMAX: Root move 40: move eval=-4.900001
[10:48:46.236] [DEBUG] [Move 14] MINIMAX: Root move 41: flip eval=-4.900001
[10:48:46.236] [DEBUG] [Move 14] MINIMAX: Root move 42: flip eval=-4.900001
[10:48:46.236] [DEBUG] [Move 14] MINIMAX: Root move 43: move eval=-4.900001
[10:48:46.236] [DEBUG] [Move 14] MINIMAX: Root move 44: push eval=-4.900001
[10:48:46.236] [DEBUG] [Move 14] MINIMAX: Root move 45: flip eval=-4.900001
[10:48:46.236] [DEBUG] [Move 14] MINIMAX: Root move 46: flip eval=-4.900001
[10:48:46.236] [DEBUG] [Move 14] MINIMAX: Root move 47: move eval=-4.900001
[10:48:46.236] [DEBUG] [Move 14] MINIMAX: Root move 48: move eval=-4.900001
[10:48:46.236] [DEBUG] [Move 14] MINIMAX: Root move 49: push eval=-4.900001
[10:48:46.236] [DEBUG] [Move 14] MINIMAX: Root move 50: flip eval=-4.900001
[10:48:46.236] [DEBUG] [Move 14] MINIMAX: Root move 51: flip eval=-4.900001
[10:48:46.236] [DEBUG] [Move 14] MINIMAX: Root search complete - evaluated=51/51, cutoffs=0
[10:48:46.236] [DEBUG] [Move 14] MINIMAX: Depth 1 completed, nodes=51, eval=-4.900001, move=move
[10:48:46.236] [DEBUG] [Move 14] MINIMAX: Searching at depth 2
[10:48:46.238] [DEBUG] [Move 14] MINIMAX: Root move 1: move eval=4.200000
[10:48:46.238] [DEBUG] [Move 14] MINIMAX: Alpha improved at root: -1000000.000000 -> 4.200000
[10:48:46.239] [DEBUG] [Move 14] MINIMAX: Root move 2: move eval=4.200000
[10:48:46.241] [DEBUG] [Move 14] MINIMAX: Root move 3: flip eval=4.200000
[10:48:46.242] [DEBUG] [Move 14] MINIMAX: Root move 4: flip eval=4.200000
[10:48:46.244] [DEBUG] [Move 14] MINIMAX: Root move 5: move eval=4.200000
[10:48:46.246] [DEBUG] [Move 14] MINIMAX: Root move 6: push eval=4.200000
[10:48:46.248] [DEBUG] [Move 14] MINIMAX: Root move 7: flip eval=4.200000
[10:48:46.249] [DEBUG] [Move 14] MINIMAX: Root move 8: flip eval=4.200000
[10:48:46.250] [DEBUG] [Move 14] MINIMAX: Root move 9: push eval=4.200000
[10:48:46.251] [DEBUG] [Move 14] MINIMAX: Root move 10: push eval=4.200000
[10:48:46.251] [DEBUG] [Move 14] MINIMAX: Root move 11: push eval=4.200000
[10:48:46.252] [DEBUG] [Move 14] MINIMAX: Root move 12: flip eval=4.200000
[10:48:46.253] [DEBUG] [Move 14] MINIMAX: Root move 13: rotate eval=4.200000
[10:48:46.254] [DEBUG] [Move 14] MINIMAX: Root move 14: push eval=4.200000
[10:48:46.255] [DEBUG] [Move 14] MINIMAX: Root move 15: flip eval=4.200000
[10:48:46.256] [DEBUG] [Move 14] MINIMAX: Root move 16: flip eval=4.200000
[10:48:46.257] [DEBUG] [Move 14] MINIMAX: Root move 17: push eval=4.200000
[10:48:46.257] [DEBUG] [Move 14] MINIMAX: Root move 18: push eval=4.200000
[10:48:46.258] [DEBUG] [Move 14] MINIMAX: Root move 19: flip eval=4.200000
[10:48:46.258] [DEBUG] [Move 14] MINIMAX: Root move 20: flip eval=4.200000
[10:48:46.259] [DEBUG] [Move 14] MINIMAX: Root move 21: move eval=4.200000
[10:48:46.260] [DEBUG] [Move 14] MINIMAX: Root move 22: move eval=4.200000
[10:48:46.260] [DEBUG] [Move 14] MINIMAX: Root move 23: push eval=4.200000
[10:48:46.261] [DEBUG] [Move 14] MINIMAX: Root move 24: flip eval=4.200000
[10:48:46.262] [DEBUG] [Move 14] MINIMAX: Root move 25: flip eval=4.200000
[10:48:46.263] [DEBUG] [Move 14] MINIMAX: Root move 26: move eval=4.200000
[10:48:46.263] [DEBUG] [Move 14] MINIMAX: Root move 27: move eval=4.200000
[10:48:46.264] [DEBUG] [Move 14] MINIMAX: Root move 28: move eval=4.200000
[10:48:46.265] [DEBUG] [Move 14] MINIMAX: Root move 29: flip eval=4.200000
[10:48:46.266] [DEBUG] [Move 14] MINIMAX: Root move 30: flip eval=4.200000
[10:48:46.266] [DEBUG] [Move 14] MINIMAX: Root move 31: move eval=4.200000
[10:48:46.268] [DEBUG] [Move 14] MINIMAX: Root move 32: push eval=4.200000
[10:48:46.268] [DEBUG] [Move 14] MINIMAX: Root move 33: flip eval=4.200000
[10:48:46.269] [DEBUG] [Move 14] MINIMAX: Root move 34: flip eval=4.200000
[10:48:46.270] [DEBUG] [Move 14] MINIMAX: Root move 35: move eval=4.200000
[10:48:46.271] [DEBUG] [Move 14] MINIMAX: Root move 36: move eval=4.200000
[10:48:46.271] [DEBUG] [Move 14] MINIMAX: Root move 37: move eval=4.200000
[10:48:46.272] [DEBUG] [Move 14] MINIMAX: Root move 38: flip eval=4.200000
[10:48:46.273] [DEBUG] [Move 14] MINIMAX: Root move 39: flip eval=4.200000
[10:48:46.274] [DEBUG] [Move 14] MINIMAX: Root move 40: move eval=4.200000
[10:48:46.274] [DEBUG] [Move 14] MINIMAX: Root move 41: flip eval=4.200000
[10:48:46.275] [DEBUG] [Move 14] MINIMAX: Root move 42: flip eval=4.200000
[10:48:46.276] [DEBUG] [Move 14] MINIMAX: Root move 43: move eval=4.200000
[10:48:46.276] [DEBUG] [Move 14] MINIMAX: Root move 44: push eval=4.200000
[10:48:46.277] [DEBUG] [Move 14] MINIMAX: Root move 45: flip eval=4.200000
[10:48:46.278] [DEBUG] [Move 14] MINIMAX: Root move 46: flip eval=4.200000
[10:48:46.279] [DEBUG] [Move 14] MINIMAX: Root move 47: move eval=4.200000
[10:48:46.279] [DEBUG] [Move 14] MINIMAX: Root move 48: move eval=4.200000
[10:48:46.280] [DEBUG] [Move 14] MINIMAX: Root move 49: push eval=4.200000
[10:48:46.281] [DEBUG] [Move 14] MINIMAX: Root move 50: flip eval=4.200000
[10:48:46.282] [DEBUG] [Move 14] MINIMAX: Root move 51: flip eval=4.200000
[10:48:46.282] [DEBUG] [Move 14] MINIMAX: Root search complete - evaluated=51/51, cutoffs=0
[10:48:46.282] [DEBUG] [Move 14] MINIMAX: Depth 2 completed, nodes=205, eval=4.200000, move=move
[10:48:46.282] [DEBUG] [Move 14] MINIMAX: Searching at depth 3
[10:48:46.327] [DEBUG] [Move 14] MINIMAX: Root move 1: move eval=-4.900001
[10:48:46.327] [DEBUG] [Move 14] MINIMAX: Alpha improved at root: -1000000.000000 -> -4.900001
[10:48:46.331] [DEBUG] [Move 14] MINIMAX: Root move 2: move eval=-4.900001
[10:48:46.334] [DEBUG] [Move 14] MINIMAX: Root move 3: flip eval=-4.900001
[10:48:46.336] [DEBUG] [Move 14] MINIMAX: Root move 4: flip eval=-4.900001
[10:48:46.340] [DEBUG] [Move 14] MINIMAX: Root move 5: move eval=-4.900001
[10:48:46.342] [DEBUG] [Move 14] MINIMAX: Root move 6: push eval=-4.900001
[10:48:46.345] [DEBUG] [Move 14] MINIMAX: Root move 7: flip eval=-4.900001
[10:48:46.347] [DEBUG] [Move 14] MINIMAX: Root move 8: flip eval=-4.900001
[10:48:46.349] [DEBUG] [Move 14] MINIMAX: Root move 9: push eval=-4.900001
[10:48:46.349] [DEBUG] [Move 14] MINIMAX: Root move 10: push eval=-4.900001
[10:48:46.349] [DEBUG] [Move 14] MINIMAX: Root move 11: push eval=-4.900001
[10:48:46.351] [DEBUG] [Move 14] MINIMAX: Root move 12: flip eval=-4.900001
[10:48:46.353] [DEBUG] [Move 14] MINIMAX: Root move 13: rotate eval=-4.900001
[10:48:46.355] [DEBUG] [Move 14] MINIMAX: Root move 14: push eval=-4.900001
[10:48:46.358] [DEBUG] [Move 14] MINIMAX: Root move 15: flip eval=-4.900001
[10:48:46.359] [DEBUG] [Move 14] MINIMAX: Root move 16: flip eval=-4.900001
[10:48:46.361] [DEBUG] [Move 14] MINIMAX: Root move 17: push eval=-4.900001
[10:48:46.361] [DEBUG] [Move 14] MINIMAX: Root move 18: push eval=-4.900001
[10:48:46.363] [DEBUG] [Move 14] MINIMAX: Root move 19: flip eval=-4.900001
[10:48:46.364] [DEBUG] [Move 14] MINIMAX: Root move 20: flip eval=-4.900001
[10:48:46.366] [DEBUG] [Move 14] MINIMAX: Root move 21: move eval=-4.900001
[10:48:46.368] [DEBUG] [Move 14] MINIMAX: Root move 22: move eval=-4.900001
[10:48:46.369] [DEBUG] [Move 14] MINIMAX: Root move 23: push eval=-4.900001
[10:48:46.371] [DEBUG] [Move 14] MINIMAX: Root move 24: flip eval=-4.900001
[10:48:46.373] [DEBUG] [Move 14] MINIMAX: Root move 25: flip eval=-4.900001
[10:48:46.376] [DEBUG] [Move 14] MINIMAX: Root move 26: move eval=-4.900001
[10:48:46.378] [DEBUG] [Move 14] MINIMAX: Root move 27: move eval=-4.900001
[10:48:46.380] [DEBUG] [Move 14] MINIMAX: Root move 28: move eval=-4.900001
[10:48:46.381] [DEBUG] [Move 14] MINIMAX: Root move 29: flip eval=-4.900001
[10:48:46.383] [DEBUG] [Move 14] MINIMAX: Root move 30: flip eval=-4.900001
[10:48:46.384] [DEBUG] [Move 14] MINIMAX: Root move 31: move eval=-4.900001
[10:48:46.386] [DEBUG] [Move 14] MINIMAX: Root move 32: push eval=-4.900001
[10:48:46.388] [DEBUG] [Move 14] MINIMAX: Root move 33: flip eval=-4.900001
[10:48:46.390] [DEBUG] [Move 14] MINIMAX: Root move 34: flip eval=-4.900001
[10:48:46.391] [DEBUG] [Move 14] MINIMAX: Root move 35: move eval=-4.900001
[10:48:46.394] [DEBUG] [Move 14] MINIMAX: Root move 36: move eval=-4.900001
[10:48:46.396] [DEBUG] [Move 14] MINIMAX: Root move 37: move eval=-4.900001
[10:48:46.398] [DEBUG] [Move 14] MINIMAX: Root move 38: flip eval=-4.900001
[10:48:46.400] [DEBUG] [Move 14] MINIMAX: Root move 39: flip eval=-4.900001
[10:48:46.402] [DEBUG] [Move 14] MINIMAX: Root move 40: move eval=-4.900001
[10:48:46.404] [DEBUG] [Move 14] MINIMAX: Root move 41: flip eval=-4.900001
[10:48:46.406] [DEBUG] [Move 14] MINIMAX: Root move 42: flip eval=-4.900001
[10:48:46.409] [DEBUG] [Move 14] MINIMAX: Root move 43: move eval=-4.900001
[10:48:46.412] [DEBUG] [Move 14] MINIMAX: Root move 44: push eval=-4.900001
[10:48:46.416] [DEBUG] [Move 14] MINIMAX: Root move 45: flip eval=-4.900001
[10:48:46.419] [DEBUG] [Move 14] MINIMAX: Root move 46: flip eval=-4.900001
[10:48:46.423] [DEBUG] [Move 14] MINIMAX: Root move 47: move eval=-4.900001
[10:48:46.425] [DEBUG] [Move 14] MINIMAX: Root move 48: move eval=-4.900001
[10:48:46.428] [DEBUG] [Move 14] MINIMAX: Root move 49: push eval=-4.900001
[10:48:46.430] [DEBUG] [Move 14] MINIMAX: Root move 50: flip eval=-4.900001
[10:48:46.432] [DEBUG] [Move 14] MINIMAX: Root move 51: flip eval=-4.900001
[10:48:46.432] [DEBUG] [Move 14] MINIMAX: Root search complete - evaluated=51/51, cutoffs=0
[10:48:46.432] [DEBUG] [Move 14] MINIMAX: Depth 3 completed, nodes=2970, eval=-4.900001, move=move
[10:48:46.432] [DEBUG] [Move 14] MINIMAX: Searching at depth 4
[10:48:46.662] [DEBUG] [Move 14] MINIMAX: Root move 1: move eval=4.200000
[10:48:46.662] [DEBUG] [Move 14] MINIMAX: Alpha improved at root: -1000000.000000 -> 4.200000
[10:48:46.703] [DEBUG] [Move 14] MINIMAX: Beta cutoff at depth 3, move 1/107, alpha=-4.200000, beta=-4.200000
[10:48:46.703] [DEBUG] [Move 14] MINIMAX: Root move 2: move eval=4.200000
[10:48:46.736] [DEBUG] [Move 14] MINIMAX: Beta cutoff at depth 3, move 1/107, alpha=-4.200000, beta=-4.200000
[10:48:46.736] [DEBUG] [Move 14] MINIMAX: Root move 3: flip eval=4.200000
[10:48:46.770] [DEBUG] [Move 14] MINIMAX: Beta cutoff at depth 3, move 1/107, alpha=-4.200000, beta=-4.200000
[10:48:46.770] [DEBUG] [Move 14] MINIMAX: Root move 4: flip eval=4.200000
[10:48:46.805] [DEBUG] [Move 14] MINIMAX: Beta cutoff at depth 3, move 1/107, alpha=-4.200000, beta=-4.200000
[10:48:46.805] [DEBUG] [Move 14] MINIMAX: Root move 5: move eval=4.200000
[10:48:46.835] [DEBUG] [Move 14] MINIMAX: Beta cutoff at depth 3, move 1/107, alpha=-4.200000, beta=-4.200000
[10:48:46.835] [DEBUG] [Move 14] MINIMAX: Root move 6: push eval=4.200000
[10:48:46.872] [DEBUG] [Move 14] MINIMAX: Beta cutoff at depth 3, move 1/107, alpha=-4.200000, beta=-4.200000
[10:48:46.872] [DEBUG] [Move 14] MINIMAX: Root move 7: flip eval=4.200000
[10:48:46.906] [DEBUG] [Move 14] MINIMAX: Beta cutoff at depth 3, move 1/107, alpha=-4.200000, beta=-4.200000
[10:48:46.906] [DEBUG] [Move 14] MINIMAX: Root move 8: flip eval=4.200000
[10:48:46.942] [DEBUG] [Move 14] MINIMAX: Beta cutoff at depth 3, move 1/127, alpha=-4.200000, beta=-4.200000
[10:48:46.943] [DEBUG] [Move 14] MINIMAX: Root move 9: push eval=4.200000
[10:48:46.943] [DEBUG] [Move 14] MINIMAX: TT HIT at depth 3, eval=-4.200000, move=move
[10:48:46.943] [DEBUG] [Move 14] MINIMAX: Root move 10: push eval=4.200000
[10:48:46.943] [DEBUG] [Move 14] MINIMAX: TT HIT at depth 3, eval=-4.200000, move=move
[10:48:46.943] [DEBUG] [Move 14] MINIMAX: Root move 11: push eval=4.200000
[10:48:46.969] [DEBUG] [Move 14] MINIMAX: Beta cutoff at depth 3, move 1/107, alpha=-4.200000, beta=-4.200000
[10:48:46.969] [DEBUG] [Move 14] MINIMAX: Root move 12: flip eval=4.200000
[10:48:46.998] [DEBUG] [Move 14] MINIMAX: Beta cutoff at depth 3, move 1/107, alpha=-4.200000, beta=-4.200000
[10:48:46.998] [DEBUG] [Move 14] MINIMAX: Root move 13: rotate eval=4.200000
[10:48:47.026] [DEBUG] [Move 14] MINIMAX: Beta cutoff at depth 3, move 1/107, alpha=-4.200000, beta=-4.200000
[10:48:47.027] [DEBUG] [Move 14] MINIMAX: Root move 14: push eval=4.200000
[10:48:47.055] [DEBUG] [Move 14] MINIMAX: Beta cutoff at depth 3, move 1/107, alpha=-4.200000, beta=-4.200000
[10:48:47.055] [DEBUG] [Move 14] MINIMAX: Root move 15: flip eval=4.200000
[10:48:47.084] [DEBUG] [Move 14] MINIMAX: Beta cutoff at depth 3, move 1/107, alpha=-4.200000, beta=-4.200000
[10:48:47.084] [DEBUG] [Move 14] MINIMAX: Root move 16: flip eval=4.200000
[10:48:47.110] [DEBUG] [Move 14] MINIMAX: Beta cutoff at depth 3, move 1/107, alpha=-4.200000, beta=-4.200000
[10:48:47.110] [DEBUG] [Move 14] MINIMAX: Root move 17: push eval=4.200000
[10:48:47.110] [DEBUG] [Move 14] MINIMAX: TT HIT at depth 3, eval=-4.200000, move=move
[10:48:47.110] [DEBUG] [Move 14] MINIMAX: Root move 18: push eval=4.200000
[10:48:47.136] [DEBUG] [Move 14] MINIMAX: Beta cutoff at depth 3, move 1/107, alpha=-4.200000, beta=-4.200000
[10:48:47.136] [DEBUG] [Move 14] MINIMAX: Root move 19: flip eval=4.200000
[10:48:47.162] [DEBUG] [Move 14] MINIMAX: Beta cutoff at depth 3, move 1/107, alpha=-4.200000, beta=-4.200000
[10:48:47.162] [DEBUG] [Move 14] MINIMAX: Root move 20: flip eval=4.200000
[10:48:47.190] [DEBUG] [Move 14] MINIMAX: Beta cutoff at depth 3, move 1/107, alpha=-4.200000, beta=-4.200000
[10:48:47.190] [DEBUG] [Move 14] MINIMAX: Root move 21: move eval=4.200000
[10:48:47.219] [DEBUG] [Move 14] MINIMAX: Beta cutoff at depth 3, move 1/107, alpha=-4.200000, beta=-4.200000
[10:48:47.220] [DEBUG] [Move 14] MINIMAX: Root move 22: move eval=4.200000
[10:48:47.249] [DEBUG] [Move 14] MINIMAX: Beta cutoff at depth 3, move 1/107, alpha=-4.200000, beta=-4.200000
[10:48:47.249] [DEBUG] [Move 14] MINIMAX: Root move 23: push eval=4.200000
[10:48:47.284] [DEBUG] [Move 14] MINIMAX: Beta cutoff at depth 3, move 1/107, alpha=-4.200000, beta=-4.200000
[10:48:47.285] [DEBUG] [Move 14] MINIMAX: Root move 24: flip eval=4.200000
[10:48:47.310] [DEBUG] [Move 14] MINIMAX: Beta cutoff at depth 3, move 1/107, alpha=-4.200000, beta=-4.200000
[10:48:47.310] [DEBUG] [Move 14] MINIMAX: Root move 25: flip eval=4.200000
[10:48:47.330] [DEBUG] [Move 14] MINIMAX: Beta cutoff at depth 3, move 1/112, alpha=-4.200000, beta=-4.200000
[10:48:47.331] [DEBUG] [Move 14] MINIMAX: Root move 26: move eval=4.200000
[10:48:47.350] [DEBUG] [Move 14] MINIMAX: Beta cutoff at depth 3, move 1/108, alpha=-4.200000, beta=-4.200000
[10:48:47.350] [DEBUG] [Move 14] MINIMAX: Root move 27: move eval=4.200000
[10:48:47.374] [DEBUG] [Move 14] MINIMAX: Beta cutoff at depth 3, move 1/106, alpha=-4.200000, beta=-4.200000
[10:48:47.374] [DEBUG] [Move 14] MINIMAX: Root move 28: move eval=4.200000
[10:48:47.397] [DEBUG] [Move 14] MINIMAX: Beta cutoff at depth 3, move 1/110, alpha=-4.200000, beta=-4.200000
[10:48:47.397] [DEBUG] [Move 14] MINIMAX: Root move 29: flip eval=4.200000
[10:48:47.423] [DEBUG] [Move 14] MINIMAX: Beta cutoff at depth 3, move 1/111, alpha=-4.200000, beta=-4.200000
[10:48:47.423] [DEBUG] [Move 14] MINIMAX: Root move 30: flip eval=4.200000
[10:48:47.442] [DEBUG] [Move 14] MINIMAX: Beta cutoff at depth 3, move 1/102, alpha=-4.200000, beta=-4.200000
[10:48:47.442] [DEBUG] [Move 14] MINIMAX: Root move 31: move eval=4.200000
[10:48:47.461] [DEBUG] [Move 14] MINIMAX: Beta cutoff at depth 3, move 1/112, alpha=-4.200000, beta=-4.200000
[10:48:47.461] [DEBUG] [Move 14] MINIMAX: Root move 32: push eval=4.200000
[10:48:47.481] [DEBUG] [Move 14] MINIMAX: Beta cutoff at depth 3, move 1/107, alpha=-4.200000, beta=-4.200000
[10:48:47.481] [DEBUG] [Move 14] MINIMAX: Root move 33: flip eval=4.200000
[10:48:47.518] [DEBUG] [Move 14] MINIMAX: Beta cutoff at depth 3, move 1/107, alpha=-4.200000, beta=-4.200000
[10:48:47.518] [DEBUG] [Move 14] MINIMAX: Root move 34: flip eval=4.200000
[10:48:47.545] [DEBUG] [Move 14] MINIMAX: Beta cutoff at depth 3, move 1/102, alpha=-4.200000, beta=-4.200000
[10:48:47.545] [DEBUG] [Move 14] MINIMAX: Root move 35: move eval=4.200000
[10:48:47.581] [DEBUG] [Move 14] MINIMAX: Beta cutoff at depth 3, move 1/97, alpha=-4.200000, beta=-4.200000
[10:48:47.581] [DEBUG] [Move 14] MINIMAX: Root move 36: move eval=4.200000
[10:48:47.609] [DEBUG] [Move 14] MINIMAX: Beta cutoff at depth 3, move 1/94, alpha=-4.200000, beta=-4.200000
[10:48:47.610] [DEBUG] [Move 14] MINIMAX: Root move 37: move eval=4.200000
[10:48:47.620] [DEBUG] [Move 14] MINIMAX: Beta cutoff at depth 3, move 1/107, alpha=-4.200000, beta=-4.200000
[10:48:47.620] [DEBUG] [Move 14] MINIMAX: Root move 38: flip eval=4.200000
[10:48:47.644] [DEBUG] [Move 14] MINIMAX: Beta cutoff at depth 3, move 1/122, alpha=-4.200000, beta=-4.200000
[10:48:47.644] [DEBUG] [Move 14] MINIMAX: Root move 39: flip eval=4.200000
[10:48:47.657] [DEBUG] [Move 14] MINIMAX: Beta cutoff at depth 3, move 1/106, alpha=-4.200000, beta=-4.200000
[10:48:47.657] [DEBUG] [Move 14] MINIMAX: Root move 40: move eval=4.200000
[10:48:47.666] [DEBUG] [Move 14] MINIMAX: Beta cutoff at depth 3, move 1/107, alpha=-4.200000, beta=-4.200000
[10:48:47.667] [DEBUG] [Move 14] MINIMAX: Root move 41: flip eval=4.200000
[10:48:47.685] [DEBUG] [Move 14] MINIMAX: Beta cutoff at depth 3, move 1/107, alpha=-4.200000, beta=-4.200000
[10:48:47.685] [DEBUG] [Move 14] MINIMAX: Root move 42: flip eval=4.200000
[10:48:47.698] [DEBUG] [Move 14] MINIMAX: Beta cutoff at depth 3, move 1/104, alpha=-4.200000, beta=-4.200000
[10:48:47.698] [DEBUG] [Move 14] MINIMAX: Root move 43: move eval=4.200000
[10:48:47.709] [DEBUG] [Move 14] MINIMAX: Beta cutoff at depth 3, move 1/110, alpha=-4.200000, beta=-4.200000
[10:48:47.709] [DEBUG] [Move 14] MINIMAX: Root move 44: push eval=4.200000
[10:48:47.723] [DEBUG] [Move 14] MINIMAX: Beta cutoff at depth 3, move 1/107, alpha=-4.200000, beta=-4.200000
[10:48:47.723] [DEBUG] [Move 14] MINIMAX: Root move 45: flip eval=4.200000
[10:48:47.741] [DEBUG] [Move 14] MINIMAX: Beta cutoff at depth 3, move 1/107, alpha=-4.200000, beta=-4.200000
[10:48:47.741] [DEBUG] [Move 14] MINIMAX: Root move 46: flip eval=4.200000
[10:48:47.749] [DEBUG] [Move 14] MINIMAX: Beta cutoff at depth 3, move 1/103, alpha=-4.200000, beta=-4.200000
[10:48:47.749] [DEBUG] [Move 14] MINIMAX: Root move 47: move eval=4.200000
[10:48:47.755] [DEBUG] [Move 14] MINIMAX: Beta cutoff at depth 3, move 1/111, alpha=-4.200000, beta=-4.200000
[10:48:47.755] [DEBUG] [Move 14] MINIMAX: Root move 48: move eval=4.200000
[10:48:47.760] [DEBUG] [Move 14] MINIMAX: Beta cutoff at depth 3, move 1/111, alpha=-4.200000, beta=-4.200000
[10:48:47.760] [DEBUG] [Move 14] MINIMAX: Root move 49: push eval=4.200000
[10:48:47.769] [DEBUG] [Move 14] MINIMAX: Beta cutoff at depth 3, move 1/119, alpha=-4.200000, beta=-4.200000
[10:48:47.769] [DEBUG] [Move 14] MINIMAX: Root move 50: flip eval=4.200000
[10:48:47.777] [DEBUG] [Move 14] MINIMAX: Beta cutoff at depth 3, move 1/107, alpha=-4.200000, beta=-4.200000
[10:48:47.777] [DEBUG] [Move 14] MINIMAX: Root move 51: flip eval=4.200000
[10:48:47.777] [DEBUG] [Move 14] MINIMAX: Root search complete - evaluated=51/51, cutoffs=0
[10:48:47.777] [DEBUG] [Move 14] MINIMAX: Depth 4 completed, nodes=13431, eval=4.200000, move=move
[10:48:47.777] [DEBUG] [Move 14] MINIMAX: Searching at depth 5
[10:48:47.943] [DEBUG] [Move 14] MINIMAX: New best at depth 4, move=move, eval=4.900001
[10:48:48.004] [DEBUG] [Move 14] MINIMAX: Beta cutoff at depth 3, move 1/52, alpha=-4.900001, beta=-4.900001
[10:48:48.068] [DEBUG] [Move 14] MINIMAX: Beta cutoff at depth 3, move 1/52, alpha=-4.900001, beta=-4.900001
[10:48:48.127] [DEBUG] [Move 14] MINIMAX: Beta cutoff at depth 3, move 1/55, alpha=-4.900001, beta=-4.900001
[10:48:48.183] [DEBUG] [Move 14] MINIMAX: Beta cutoff at depth 3, move 1/52, alpha=-4.900001, beta=-4.900001
[10:48:48.244] [DEBUG] [Move 14] MINIMAX: Beta cutoff at depth 3, move 1/52, alpha=-4.900001, beta=-4.900001
[10:48:48.319] [DEBUG] [Move 14] MINIMAX: Beta cutoff at depth 3, move 1/52, alpha=-4.900001, beta=-4.900001
[10:48:48.383] [DEBUG] [Move 14] MINIMAX: Beta cutoff at depth 3, move 1/52, alpha=-4.900001, beta=-4.900001
[10:48:48.442] [DEBUG] [Move 14] MINIMAX: Beta cutoff at depth 3, move 1/59, alpha=-4.900001, beta=-4.900001
[10:48:48.501] [DEBUG] [Move 14] MINIMAX: Beta cutoff at depth 3, move 1/52, alpha=-4.900001, beta=-4.900001
[10:48:48.552] [DEBUG] [Move 14] MINIMAX: Beta cutoff at depth 3, move 1/52, alpha=-4.900001, beta=-4.900001
[10:48:48.609] [DEBUG] [Move 14] MINIMAX: Beta cutoff at depth 3, move 1/52, alpha=-4.900001, beta=-4.900001
[10:48:48.658] [DEBUG] [Move 14] MINIMAX: Beta cutoff at depth 3, move 1/52, alpha=-4.900001, beta=-4.900001
[10:48:48.721] [DEBUG] [Move 14] MINIMAX: Beta cutoff at depth 3, move 1/52, alpha=-4.900001, beta=-4.900001
[10:48:48.771] [DEBUG] [Move 14] MINIMAX: Beta cutoff at depth 3, move 1/56, alpha=-4.900001, beta=-4.900001
[10:48:48.833] [DEBUG] [Move 14] MINIMAX: Beta cutoff at depth 3, move 1/52, alpha=-4.900001, beta=-4.900001
[10:48:48.884] [DEBUG] [Move 14] MINIMAX: Beta cutoff at depth 3, move 1/52, alpha=-4.900001, beta=-4.900001
[10:48:48.931] [DEBUG] [Move 14] MINIMAX: Beta cutoff at depth 3, move 1/50, alpha=-4.900001, beta=-4.900001
[10:48:48.983] [DEBUG] [Move 14] MINIMAX: Beta cutoff at depth 3, move 1/50, alpha=-4.900001, beta=-4.900001
[10:48:49.025] [DEBUG] [Move 14] MINIMAX: Beta cutoff at depth 3, move 1/50, alpha=-4.900001, beta=-4.900001
[10:48:49.065] [DEBUG] [Move 14] MINIMAX: Beta cutoff at depth 3, move 1/52, alpha=-4.900001, beta=-4.900001
[10:48:49.123] [DEBUG] [Move 14] MINIMAX: Beta cutoff at depth 3, move 1/52, alpha=-4.900001, beta=-4.900001
[10:48:49.173] [DEBUG] [Move 14] MINIMAX: Beta cutoff at depth 3, move 1/57, alpha=-4.900001, beta=-4.900001
[10:48:49.217] [DEBUG] [Move 14] MINIMAX: Beta cutoff at depth 3, move 1/54, alpha=-4.900001, beta=-4.900001
[10:48:49.260] [DEBUG] [Move 14] MINIMAX: Beta cutoff at depth 3, move 1/54, alpha=-4.900001, beta=-4.900001
[10:48:49.302] [DEBUG] [Move 14] MINIMAX: Beta cutoff at depth 3, move 1/52, alpha=-4.900001, beta=-4.900001
[10:48:49.322] [DEBUG] [Move 14] MINIMAX: New best at depth 4, move=push, eval=1000000.000000
[10:48:49.322] [DEBUG] [Move 14] MINIMAX: Beta cutoff at depth 4, move 27/107, alpha=1000000.000000, beta=1000000.000000
[10:48:49.322] [DEBUG] [Move 14] MINIMAX: Root move 1: move eval=-1000000.000000
[10:48:49.322] [DEBUG] [Move 14] MINIMAX: Timeout at root level after 1/51 moves
[10:48:49.322] [DEBUG] [Move 14] MINIMAX: Root search complete - evaluated=1/51, cutoffs=0
[10:48:49.322] [DEBUG] [Move 14] MINIMAX: Depth 5 completed, nodes=7379, eval=-1000000.000000, move=move
[10:48:49.322] [DEBUG] [Move 14] MINIMAX: Time limit reached at depth 6
[10:48:49.322] [INFO] [Move 14] MINIMAX: Search complete - depth=4, nodes=24036, TT_size=199155, time=3.089000s
[10:48:49.323] [DEBUG] [Move 14] VALIDATION DEBUG: Generated 51 legal moves for validation
[10:48:49.323] [DEBUG] [Move 14] VALIDATION DEBUG: Minimax returned move: move (0,0) -> (0,1)
[10:48:49.323] [DEBUG] [Move 14] VALIDATION DEBUG: Legal move 1: move (0,0) -> (0,1)
[10:48:49.323] [DEBUG] [Move 14] VALIDATION DEBUG: Legal move 2: move (0,0) -> (1,0)
[10:48:49.323] [DEBUG] [Move 14] VALIDATION DEBUG: Legal move 3: flip (0,0) -> (0,0)
[10:48:49.323] [DEBUG] [Move 14] VALIDATION DEBUG: Legal move 4: flip (0,0) -> (0,0)
[10:48:49.323] [DEBUG] [Move 14] VALIDATION DEBUG: Legal move 5: move (4,3) -> (3,3)
[10:48:49.323] [DEBUG] [Move 14] VALIDATION DEBUG: Move found in legal moves - SUCCESS!
[10:48:49.323] [DECISION] [Move 14] FINAL DECISION: move (0,0) -> (0,1) | Reasoning: Minimax search
[10:48:49.323] [DECISION] [Move 14] === MOVE DECISION END ===
[10:48:49.361] [DECISION] [Move 15] === MOVE DECISION START === Player: square, Board: 13x12, Time: 11.2646s (vs 59.9465s)
[10:48:49.361] [DEBUG] [Move 15] MINIMAX: Starting search for square, time=11.264579s
[10:48:49.362] [DEBUG] [Move 15] MINIMAX: Found 52 legal moves at root
[10:48:49.362] [DEBUG] [Move 15] MINIMAX: Starting iterative deepening
[10:48:49.362] [DEBUG] [Move 15] MINIMAX: Searching at depth 1
[10:48:49.362] [DEBUG] [Move 15] MINIMAX: Root move 1: move eval=-4.900001
[10:48:49.362] [DEBUG] [Move 15] MINIMAX: Alpha improved at root: -1000000.000000 -> -4.900001
[10:48:49.362] [DEBUG] [Move 15] MINIMAX: Root move 2: move eval=-4.900001
[10:48:49.362] [DEBUG] [Move 15] MINIMAX: Root move 3: move eval=-4.900001
[10:48:49.362] [DEBUG] [Move 15] MINIMAX: Root move 4: flip eval=-4.900001
[10:48:49.362] [DEBUG] [Move 15] MINIMAX: Root move 5: flip eval=-4.900001
[10:48:49.362] [DEBUG] [Move 15] MINIMAX: Root move 6: move eval=-4.900001
[10:48:49.362] [DEBUG] [Move 15] MINIMAX: Root move 7: push eval=-4.900001
[10:48:49.362] [DEBUG] [Move 15] MINIMAX: Root move 8: flip eval=-4.900001
[10:48:49.362] [DEBUG] [Move 15] MINIMAX: Root move 9: flip eval=-4.900001
[10:48:49.362] [DEBUG] [Move 15] MINIMAX: Root move 10: push eval=-4.900001
[10:48:49.363] [DEBUG] [Move 15] MINIMAX: Root move 11: push eval=-4.900001
[10:48:49.363] [DEBUG] [Move 15] MINIMAX: Root move 12: push eval=-4.900001
[10:48:49.363] [DEBUG] [Move 15] MINIMAX: Root move 13: flip eval=-4.900001
[10:48:49.363] [DEBUG] [Move 15] MINIMAX: Root move 14: rotate eval=-4.900001
[10:48:49.363] [DEBUG] [Move 15] MINIMAX: Root move 15: push eval=-4.900001
[10:48:49.363] [DEBUG] [Move 15] MINIMAX: Root move 16: flip eval=-4.900001
[10:48:49.363] [DEBUG] [Move 15] MINIMAX: Root move 17: flip eval=-4.900001
[10:48:49.363] [DEBUG] [Move 15] MINIMAX: Root move 18: push eval=-4.900001
[10:48:49.363] [DEBUG] [Move 15] MINIMAX: Root move 19: push eval=-4.900001
[10:48:49.363] [DEBUG] [Move 15] MINIMAX: Root move 20: flip eval=-4.900001
[10:48:49.363] [DEBUG] [Move 15] MINIMAX: Root move 21: flip eval=-4.900001
[10:48:49.363] [DEBUG] [Move 15] MINIMAX: Root move 22: move eval=-4.900001
[10:48:49.363] [DEBUG] [Move 15] MINIMAX: Root move 23: move eval=-4.900001
[10:48:49.363] [DEBUG] [Move 15] MINIMAX: Root move 24: push eval=-4.900001
[10:48:49.363] [DEBUG] [Move 15] MINIMAX: Root move 25: flip eval=-4.900001
[10:48:49.363] [DEBUG] [Move 15] MINIMAX: Root move 26: flip eval=-4.900001
[10:48:49.363] [DEBUG] [Move 15] MINIMAX: Root move 27: move eval=-4.900001
[10:48:49.363] [DEBUG] [Move 15] MINIMAX: Root move 28: move eval=-4.900001
[10:48:49.363] [DEBUG] [Move 15] MINIMAX: Root move 29: move eval=-4.900001
[10:48:49.363] [DEBUG] [Move 15] MINIMAX: Root move 30: flip eval=-4.900001
[10:48:49.363] [DEBUG] [Move 15] MINIMAX: Root move 31: flip eval=-4.900001
[10:48:49.363] [DEBUG] [Move 15] MINIMAX: Root move 32: move eval=-4.900001
[10:48:49.363] [DEBUG] [Move 15] MINIMAX: Root move 33: push eval=-4.900001
[10:48:49.363] [DEBUG] [Move 15] MINIMAX: Root move 34: flip eval=-4.900001
[10:48:49.363] [DEBUG] [Move 15] MINIMAX: Root move 35: flip eval=-4.900001
[10:48:49.363] [DEBUG] [Move 15] MINIMAX: Root move 36: move eval=-4.900001
[10:48:49.363] [DEBUG] [Move 15] MINIMAX: Root move 37: move eval=-4.900001
[10:48:49.363] [DEBUG] [Move 15] MINIMAX: Root move 38: move eval=-4.900001
[10:48:49.363] [DEBUG] [Move 15] MINIMAX: Root move 39: flip eval=-4.900001
[10:48:49.363] [DEBUG] [Move 15] MINIMAX: Root move 40: flip eval=-4.900001
[10:48:49.363] [DEBUG] [Move 15] MINIMAX: Root move 41: move eval=-4.900001
[10:48:49.363] [DEBUG] [Move 15] MINIMAX: Root move 42: flip eval=-4.900001
[10:48:49.363] [DEBUG] [Move 15] MINIMAX: Root move 43: flip eval=-4.900001
[10:48:49.363] [DEBUG] [Move 15] MINIMAX: Root move 44: move eval=-4.900001
[10:48:49.363] [DEBUG] [Move 15] MINIMAX: Root move 45: push eval=-4.900001
[10:48:49.363] [DEBUG] [Move 15] MINIMAX: Root move 46: flip eval=-4.900001
[10:48:49.363] [DEBUG] [Move 15] MINIMAX: Root move 47: flip eval=-4.900001
[10:48:49.363] [DEBUG] [Move 15] MINIMAX: Root move 48: move eval=-4.900001
[10:48:49.363] [DEBUG] [Move 15] MINIMAX: Root move 49: move eval=-4.900001
[10:48:49.363] [DEBUG] [Move 15] MINIMAX: Root move 50: push eval=-4.900001
[10:48:49.363] [DEBUG] [Move 15] MINIMAX: Root move 51: flip eval=-4.900001
[10:48:49.363] [DEBUG] [Move 15] MINIMAX: Root move 52: flip eval=-4.900001
[10:48:49.363] [DEBUG] [Move 15] MINIMAX: Root search complete - evaluated=52/52, cutoffs=0
[10:48:49.363] [DEBUG] [Move 15] MINIMAX: Depth 1 completed, nodes=52, eval=-4.900001, move=move
[10:48:49.363] [DEBUG] [Move 15] MINIMAX: Searching at depth 2
[10:48:49.365] [DEBUG] [Move 15] MINIMAX: Root move 1: move eval=4.200000
[10:48:49.365] [DEBUG] [Move 15] MINIMAX: Alpha improved at root: -1000000.000000 -> 4.200000
[10:48:49.366] [DEBUG] [Move 15] MINIMAX: Root move 2: move eval=4.200000
[10:48:49.367] [DEBUG] [Move 15] MINIMAX: Root move 3: move eval=4.200000
[10:48:49.368] [DEBUG] [Move 15] MINIMAX: Root move 4: flip eval=4.200000
[10:48:49.369] [DEBUG] [Move 15] MINIMAX: Root move 5: flip eval=4.200000
[10:48:49.370] [DEBUG] [Move 15] MINIMAX: Root move 6: move eval=4.200000
[10:48:49.372] [DEBUG] [Move 15] MINIMAX: Root move 7: push eval=4.200000
[10:48:49.373] [DEBUG] [Move 15] MINIMAX: Root move 8: flip eval=4.200000
[10:48:49.374] [DEBUG] [Move 15] MINIMAX: Root move 9: flip eval=4.200000
[10:48:49.376] [DEBUG] [Move 15] MINIMAX: Root move 10: push eval=4.200000
[10:48:49.376] [DEBUG] [Move 15] MINIMAX: Root move 11: push eval=4.200000
[10:48:49.377] [DEBUG] [Move 15] MINIMAX: Root move 12: push eval=4.200000
[10:48:49.378] [DEBUG] [Move 15] MINIMAX: Root move 13: flip eval=4.200000
[10:48:49.379] [DEBUG] [Move 15] MINIMAX: Root move 14: rotate eval=4.200000
[10:48:49.380] [DEBUG] [Move 15] MINIMAX: Root move 15: push eval=4.200000
[10:48:49.381] [DEBUG] [Move 15] MINIMAX: Root move 16: flip eval=4.200000
[10:48:49.382] [DEBUG] [Move 15] MINIMAX: Root move 17: flip eval=4.200000
[10:48:49.383] [DEBUG] [Move 15] MINIMAX: Root move 18: push eval=4.200000
[10:48:49.383] [DEBUG] [Move 15] MINIMAX: Root move 19: push eval=4.200000
[10:48:49.384] [DEBUG] [Move 15] MINIMAX: Root move 20: flip eval=4.200000
[10:48:49.385] [DEBUG] [Move 15] MINIMAX: Root move 21: flip eval=4.200000
[10:48:49.385] [DEBUG] [Move 15] MINIMAX: Root move 22: move eval=4.200000
[10:48:49.386] [DEBUG] [Move 15] MINIMAX: Root move 23: move eval=4.200000
[10:48:49.387] [DEBUG] [Move 15] MINIMAX: Root move 24: push eval=4.200000
[10:48:49.388] [DEBUG] [Move 15] MINIMAX: Root move 25: flip eval=4.200000
[10:48:49.388] [DEBUG] [Move 15] MINIMAX: Root move 26: flip eval=4.200000
[10:48:49.389] [DEBUG] [Move 15] MINIMAX: Root move 27: move eval=4.200000
[10:48:49.390] [DEBUG] [Move 15] MINIMAX: Root move 28: move eval=4.200000
[10:48:49.391] [DEBUG] [Move 15] MINIMAX: Root move 29: move eval=4.200000
[10:48:49.391] [DEBUG] [Move 15] MINIMAX: Root move 30: flip eval=4.200000
[10:48:49.393] [DEBUG] [Move 15] MINIMAX: Root move 31: flip eval=4.200000
[10:48:49.393] [DEBUG] [Move 15] MINIMAX: Root move 32: move eval=4.200000
[10:48:49.395] [DEBUG] [Move 15] MINIMAX: Root move 33: push eval=4.200000
[10:48:49.396] [DEBUG] [Move 15] MINIMAX: Root move 34: flip eval=4.200000
[10:48:49.397] [DEBUG] [Move 15] MINIMAX: Root move 35: flip eval=4.200000
[10:48:49.397] [DEBUG] [Move 15] MINIMAX: Root move 36: move eval=4.200000
[10:48:49.398] [DEBUG] [Move 15] MINIMAX: Root move 37: move eval=4.200000
[10:48:49.399] [DEBUG] [Move 15] MINIMAX: Root move 38: move eval=4.200000
[10:48:49.400] [DEBUG] [Move 15] MINIMAX: Root move 39: flip eval=4.200000
[10:48:49.401] [DEBUG] [Move 15] MINIMAX: Root move 40: flip eval=4.200000
[10:48:49.402] [DEBUG] [Move 15] MINIMAX: Root move 41: move eval=4.200000
[10:48:49.403] [DEBUG] [Move 15] MINIMAX: Root move 42: flip eval=4.200000
[10:48:49.404] [DEBUG] [Move 15] MINIMAX: Root move 43: flip eval=4.200000
[10:48:49.404] [DEBUG] [Move 15] MINIMAX: Root move 44: move eval=4.200000
[10:48:49.405] [DEBUG] [Move 15] MINIMAX: Root move 45: push eval=4.200000
[10:48:49.406] [DEBUG] [Move 15] MINIMAX: Root move 46: flip eval=4.200000
[10:48:49.406] [DEBUG] [Move 15] MINIMAX: Root move 47: flip eval=4.200000
[10:48:49.407] [DEBUG] [Move 15] MINIMAX: Root move 48: move eval=4.200000
[10:48:49.408] [DEBUG] [Move 15] MINIMAX: Root move 49: move eval=4.200000
[10:48:49.409] [DEBUG] [Move 15] MINIMAX: Root move 50: push eval=4.200000
[10:48:49.409] [DEBUG] [Move 15] MINIMAX: Root move 51: flip eval=4.200000
[10:48:49.410] [DEBUG] [Move 15] MINIMAX: Root move 52: flip eval=4.200000
[10:48:49.410] [DEBUG] [Move 15] MINIMAX: Root search complete - evaluated=52/52, cutoffs=0
[10:48:49.410] [DEBUG] [Move 15] MINIMAX: Depth 2 completed, nodes=204, eval=4.200000, move=move
[10:48:49.410] [DEBUG] [Move 15] MINIMAX: Searching at depth 3
[10:48:49.457] [DEBUG] [Move 15] MINIMAX: Root move 1: move eval=-4.900001
[10:48:49.458] [DEBUG] [Move 15] MINIMAX: Alpha improved at root: -1000000.000000 -> -4.900001
[10:48:49.459] [DEBUG] [Move 15] MINIMAX: Root move 2: move eval=-4.900001
[10:48:49.461] [DEBUG] [Move 15] MINIMAX: Root move 3: move eval=-4.900001
[10:48:49.463] [DEBUG] [Move 15] MINIMAX: Root move 4: flip eval=-4.900001
[10:48:49.464] [DEBUG] [Move 15] MINIMAX: Root move 5: flip eval=-4.900001
[10:48:49.466] [DEBUG] [Move 15] MINIMAX: Root move 6: move eval=-4.900001
[10:48:49.468] [DEBUG] [Move 15] MINIMAX: Root move 7: push eval=-4.900001
[10:48:49.470] [DEBUG] [Move 15] MINIMAX: Root move 8: flip eval=-4.900001
[10:48:49.471] [DEBUG] [Move 15] MINIMAX: Root move 9: flip eval=-4.900001
[10:48:49.473] [DEBUG] [Move 15] MINIMAX: Root move 10: push eval=-4.900001
[10:48:49.473] [DEBUG] [Move 15] MINIMAX: Root move 11: push eval=-4.900001
[10:48:49.473] [DEBUG] [Move 15] MINIMAX: Root move 12: push eval=-4.900001
[10:48:49.475] [DEBUG] [Move 15] MINIMAX: Root move 13: flip eval=-4.900001
[10:48:49.476] [DEBUG] [Move 15] MINIMAX: Root move 14: rotate eval=-4.900001
[10:48:49.478] [DEBUG] [Move 15] MINIMAX: Root move 15: push eval=-4.900001
[10:48:49.480] [DEBUG] [Move 15] MINIMAX: Root move 16: flip eval=-4.900001
[10:48:49.482] [DEBUG] [Move 15] MINIMAX: Root move 17: flip eval=-4.900001
[10:48:49.483] [DEBUG] [Move 15] MINIMAX: Root move 18: push eval=-4.900001
[10:48:49.484] [DEBUG] [Move 15] MINIMAX: Root move 19: push eval=-4.900001
[10:48:49.486] [DEBUG] [Move 15] MINIMAX: Root move 20: flip eval=-4.900001
[10:48:49.487] [DEBUG] [Move 15] MINIMAX: Root move 21: flip eval=-4.900001
[10:48:49.489] [DEBUG] [Move 15] MINIMAX: Root move 22: move eval=-4.900001
[10:48:49.491] [DEBUG] [Move 15] MINIMAX: Root move 23: move eval=-4.900001
[10:48:49.493] [DEBUG] [Move 15] MINIMAX: Root move 24: push eval=-4.900001
[10:48:49.495] [DEBUG] [Move 15] MINIMAX: Root move 25: flip eval=-4.900001
[10:48:49.496] [DEBUG] [Move 15] MINIMAX: Root move 26: flip eval=-4.900001
[10:48:49.498] [DEBUG] [Move 15] MINIMAX: Root move 27: move eval=-4.900001
[10:48:49.500] [DEBUG] [Move 15] MINIMAX: Root move 28: move eval=-4.900001
[10:48:49.501] [DEBUG] [Move 15] MINIMAX: Root move 29: move eval=-4.900001
[10:48:49.503] [DEBUG] [Move 15] MINIMAX: Root move 30: flip eval=-4.900001
[10:48:49.505] [DEBUG] [Move 15] MINIMAX: Root move 31: flip eval=-4.900001
[10:48:49.507] [DEBUG] [Move 15] MINIMAX: Root move 32: move eval=-4.900001
[10:48:49.508] [DEBUG] [Move 15] MINIMAX: Root move 33: push eval=-4.900001
[10:48:49.511] [DEBUG] [Move 15] MINIMAX: Root move 34: flip eval=-4.900001
[10:48:49.513] [DEBUG] [Move 15] MINIMAX: Root move 35: flip eval=-4.900001
[10:48:49.515] [DEBUG] [Move 15] MINIMAX: Root move 36: move eval=-4.900001
[10:48:49.517] [DEBUG] [Move 15] MINIMAX: Root move 37: move eval=-4.900001
[10:48:49.519] [DEBUG] [Move 15] MINIMAX: Root move 38: move eval=-4.900001
[10:48:49.521] [DEBUG] [Move 15] MINIMAX: Root move 39: flip eval=-4.900001
[10:48:49.523] [DEBUG] [Move 15] MINIMAX: Root move 40: flip eval=-4.900001
[10:48:49.525] [DEBUG] [Move 15] MINIMAX: Root move 41: move eval=-4.900001
[10:48:49.527] [DEBUG] [Move 15] MINIMAX: Root move 42: flip eval=-4.900001
[10:48:49.529] [DEBUG] [Move 15] MINIMAX: Root move 43: flip eval=-4.900001
[10:48:49.531] [DEBUG] [Move 15] MINIMAX: Root move 44: move eval=-4.900001
[10:48:49.533] [DEBUG] [Move 15] MINIMAX: Root move 45: push eval=-4.900001
[10:48:49.534] [DEBUG] [Move 15] MINIMAX: Root move 46: flip eval=-4.900001
[10:48:49.536] [DEBUG] [Move 15] MINIMAX: Root move 47: flip eval=-4.900001
[10:48:49.538] [DEBUG] [Move 15] MINIMAX: Root move 48: move eval=-4.900001
[10:48:49.540] [DEBUG] [Move 15] MINIMAX: Root move 49: move eval=-4.900001
[10:48:49.541] [DEBUG] [Move 15] MINIMAX: Root move 50: push eval=-4.900001
[10:48:49.543] [DEBUG] [Move 15] MINIMAX: Root move 51: flip eval=-4.900001
[10:48:49.545] [DEBUG] [Move 15] MINIMAX: Root move 52: flip eval=-4.900001
[10:48:49.545] [DEBUG] [Move 15] MINIMAX: Root search complete - evaluated=52/52, cutoffs=0
[10:48:49.545] [DEBUG] [Move 15] MINIMAX: Depth 3 completed, nodes=3074, eval=-4.900001, move=move
[10:48:49.545] [DEBUG] [Move 15] MINIMAX: Searching at depth 4
[10:48:49.777] [DEBUG] [Move 15] MINIMAX: Root move 1: move eval=4.200000
[10:48:49.777] [DEBUG] [Move 15] MINIMAX: Alpha improved at root: -1000000.000000 -> 4.200000
[10:48:49.813] [DEBUG] [Move 15] MINIMAX: Beta cutoff at depth 3, move 1/104, alpha=-4.200000, beta=-4.200000
[10:48:49.813] [DEBUG] [Move 15] MINIMAX: Root move 2: move eval=4.200000
[10:48:49.853] [DEBUG] [Move 15] MINIMAX: Beta cutoff at depth 3, move 1/104, alpha=-4.200000, beta=-4.200000
[10:48:49.853] [DEBUG] [Move 15] MINIMAX: Root move 3: move eval=4.200000
[10:48:49.895] [DEBUG] [Move 15] MINIMAX: Beta cutoff at depth 3, move 1/104, alpha=-4.200000, beta=-4.200000
[10:48:49.896] [DEBUG] [Move 15] MINIMAX: Root move 4: flip eval=4.200000
[10:48:49.930] [DEBUG] [Move 15] MINIMAX: Beta cutoff at depth 3, move 1/104, alpha=-4.200000, beta=-4.200000
[10:48:49.930] [DEBUG] [Move 15] MINIMAX: Root move 5: flip eval=4.200000
[10:48:49.969] [DEBUG] [Move 15] MINIMAX: Beta cutoff at depth 3, move 1/104, alpha=-4.200000, beta=-4.200000
[10:48:49.969] [DEBUG] [Move 15] MINIMAX: Root move 6: move eval=4.200000
[10:48:50.025] [DEBUG] [Move 15] MINIMAX: Beta cutoff at depth 3, move 1/104, alpha=-4.200000, beta=-4.200000
[10:48:50.025] [DEBUG] [Move 15] MINIMAX: Root move 7: push eval=4.200000
[10:48:50.072] [DEBUG] [Move 15] MINIMAX: Beta cutoff at depth 3, move 1/104, alpha=-4.200000, beta=-4.200000
[10:48:50.072] [DEBUG] [Move 15] MINIMAX: Root move 8: flip eval=4.200000
[10:48:50.108] [DEBUG] [Move 15] MINIMAX: Beta cutoff at depth 3, move 1/104, alpha=-4.200000, beta=-4.200000
[10:48:50.108] [DEBUG] [Move 15] MINIMAX: Root move 9: flip eval=4.200000
[10:48:50.146] [DEBUG] [Move 15] MINIMAX: Beta cutoff at depth 3, move 1/124, alpha=-4.200000, beta=-4.200000
[10:48:50.146] [DEBUG] [Move 15] MINIMAX: Root move 10: push eval=4.200000
[10:48:50.146] [DEBUG] [Move 15] MINIMAX: TT HIT at depth 3, eval=-4.200000, move=move
[10:48:50.146] [DEBUG] [Move 15] MINIMAX: Root move 11: push eval=4.200000
[10:48:50.146] [DEBUG] [Move 15] MINIMAX: TT HIT at depth 3, eval=-4.200000, move=move
[10:48:50.146] [DEBUG] [Move 15] MINIMAX: Root move 12: push eval=4.200000
[10:48:50.173] [DEBUG] [Move 15] MINIMAX: Beta cutoff at depth 3, move 1/104, alpha=-4.200000, beta=-4.200000
[10:48:50.173] [DEBUG] [Move 15] MINIMAX: Root move 13: flip eval=4.200000
[10:48:50.210] [DEBUG] [Move 15] MINIMAX: Beta cutoff at depth 3, move 1/104, alpha=-4.200000, beta=-4.200000
[10:48:50.210] [DEBUG] [Move 15] MINIMAX: Root move 14: rotate eval=4.200000
[10:48:50.253] [DEBUG] [Move 15] MINIMAX: Beta cutoff at depth 3, move 1/104, alpha=-4.200000, beta=-4.200000
[10:48:50.254] [DEBUG] [Move 15] MINIMAX: Root move 15: push eval=4.200000
[10:48:50.297] [DEBUG] [Move 15] MINIMAX: Beta cutoff at depth 3, move 1/104, alpha=-4.200000, beta=-4.200000
[10:48:50.297] [DEBUG] [Move 15] MINIMAX: Root move 16: flip eval=4.200000
[10:48:50.328] [DEBUG] [Move 15] MINIMAX: Beta cutoff at depth 3, move 1/104, alpha=-4.200000, beta=-4.200000
[10:48:50.328] [DEBUG] [Move 15] MINIMAX: Root move 17: flip eval=4.200000
[10:48:50.355] [DEBUG] [Move 15] MINIMAX: Beta cutoff at depth 3, move 1/104, alpha=-4.200000, beta=-4.200000
[10:48:50.355] [DEBUG] [Move 15] MINIMAX: Root move 18: push eval=4.200000
[10:48:50.355] [DEBUG] [Move 15] MINIMAX: TT HIT at depth 3, eval=-4.200000, move=move
[10:48:50.355] [DEBUG] [Move 15] MINIMAX: Root move 19: push eval=4.200000
[10:48:50.382] [DEBUG] [Move 15] MINIMAX: Beta cutoff at depth 3, move 1/104, alpha=-4.200000, beta=-4.200000
[10:48:50.382] [DEBUG] [Move 15] MINIMAX: Root move 20: flip eval=4.200000
[10:48:50.410] [DEBUG] [Move 15] MINIMAX: Beta cutoff at depth 3, move 1/104, alpha=-4.200000, beta=-4.200000
[10:48:50.411] [DEBUG] [Move 15] MINIMAX: Root move 21: flip eval=4.200000
[10:48:50.435] [DEBUG] [Move 15] MINIMAX: Beta cutoff at depth 3, move 1/104, alpha=-4.200000, beta=-4.200000
[10:48:50.435] [DEBUG] [Move 15] MINIMAX: Root move 22: move eval=4.200000
[10:48:50.460] [DEBUG] [Move 15] MINIMAX: Beta cutoff at depth 3, move 1/104, alpha=-4.200000, beta=-4.200000
[10:48:50.460] [DEBUG] [Move 15] MINIMAX: Root move 23: move eval=4.200000
[10:48:50.483] [DEBUG] [Move 15] MINIMAX: Beta cutoff at depth 3, move 1/104, alpha=-4.200000, beta=-4.200000
[10:48:50.484] [DEBUG] [Move 15] MINIMAX: Root move 24: push eval=4.200000
[10:48:50.509] [DEBUG] [Move 15] MINIMAX: Beta cutoff at depth 3, move 1/104, alpha=-4.200000, beta=-4.200000
[10:48:50.510] [DEBUG] [Move 15] MINIMAX: Root move 25: flip eval=4.200000
[10:48:50.535] [DEBUG] [Move 15] MINIMAX: Beta cutoff at depth 3, move 1/104, alpha=-4.200000, beta=-4.200000
[10:48:50.535] [DEBUG] [Move 15] MINIMAX: Root move 26: flip eval=4.200000
[10:48:50.556] [DEBUG] [Move 15] MINIMAX: Beta cutoff at depth 3, move 1/109, alpha=-4.200000, beta=-4.200000
[10:48:50.556] [DEBUG] [Move 15] MINIMAX: Root move 27: move eval=4.200000
[10:48:50.578] [DEBUG] [Move 15] MINIMAX: Beta cutoff at depth 3, move 1/105, alpha=-4.200000, beta=-4.200000
[10:48:50.578] [DEBUG] [Move 15] MINIMAX: Root move 28: move eval=4.200000
[10:48:50.601] [DEBUG] [Move 15] MINIMAX: Beta cutoff at depth 3, move 1/103, alpha=-4.200000, beta=-4.200000
[10:48:50.602] [DEBUG] [Move 15] MINIMAX: Root move 29: move eval=4.200000
[10:48:50.630] [DEBUG] [Move 15] MINIMAX: Beta cutoff at depth 3, move 1/107, alpha=-4.200000, beta=-4.200000
[10:48:50.631] [DEBUG] [Move 15] MINIMAX: Root move 30: flip eval=4.200000
[10:48:50.660] [DEBUG] [Move 15] MINIMAX: Beta cutoff at depth 3, move 1/108, alpha=-4.200000, beta=-4.200000
[10:48:50.660] [DEBUG] [Move 15] MINIMAX: Root move 31: flip eval=4.200000
[10:48:50.681] [DEBUG] [Move 15] MINIMAX: Beta cutoff at depth 3, move 1/99, alpha=-4.200000, beta=-4.200000
[10:48:50.681] [DEBUG] [Move 15] MINIMAX: Root move 32: move eval=4.200000
[10:48:50.699] [DEBUG] [Move 15] MINIMAX: Beta cutoff at depth 3, move 1/109, alpha=-4.200000, beta=-4.200000
[10:48:50.699] [DEBUG] [Move 15] MINIMAX: Root move 33: push eval=4.200000
[10:48:50.720] [DEBUG] [Move 15] MINIMAX: Beta cutoff at depth 3, move 1/104, alpha=-4.200000, beta=-4.200000
[10:48:50.720] [DEBUG] [Move 15] MINIMAX: Root move 34: flip eval=4.200000
[10:48:50.750] [DEBUG] [Move 15] MINIMAX: Beta cutoff at depth 3, move 1/104, alpha=-4.200000, beta=-4.200000
[10:48:50.751] [DEBUG] [Move 15] MINIMAX: Root move 35: flip eval=4.200000
[10:48:50.767] [DEBUG] [Move 15] MINIMAX: Beta cutoff at depth 3, move 1/99, alpha=-4.200000, beta=-4.200000
[10:48:50.767] [DEBUG] [Move 15] MINIMAX: Root move 36: move eval=4.200000
[10:48:50.804] [DEBUG] [Move 15] MINIMAX: Beta cutoff at depth 3, move 1/94, alpha=-4.200000, beta=-4.200000
[10:48:50.804] [DEBUG] [Move 15] MINIMAX: Root move 37: move eval=4.200000
[10:48:50.833] [DEBUG] [Move 15] MINIMAX: Beta cutoff at depth 3, move 1/91, alpha=-4.200000, beta=-4.200000
[10:48:50.833] [DEBUG] [Move 15] MINIMAX: Root move 38: move eval=4.200000
[10:48:50.844] [DEBUG] [Move 15] MINIMAX: Beta cutoff at depth 3, move 1/104, alpha=-4.200000, beta=-4.200000
[10:48:50.844] [DEBUG] [Move 15] MINIMAX: Root move 39: flip eval=4.200000
[10:48:50.870] [DEBUG] [Move 15] MINIMAX: Beta cutoff at depth 3, move 1/119, alpha=-4.200000, beta=-4.200000
[10:48:50.870] [DEBUG] [Move 15] MINIMAX: Root move 40: flip eval=4.200000
[10:48:50.883] [DEBUG] [Move 15] MINIMAX: Beta cutoff at depth 3, move 1/103, alpha=-4.200000, beta=-4.200000
[10:48:50.883] [DEBUG] [Move 15] MINIMAX: Root move 41: move eval=4.200000
[10:48:50.892] [DEBUG] [Move 15] MINIMAX: Beta cutoff at depth 3, move 1/104, alpha=-4.200000, beta=-4.200000
[10:48:50.892] [DEBUG] [Move 15] MINIMAX: Root move 42: flip eval=4.200000
[10:48:50.911] [DEBUG] [Move 15] MINIMAX: Beta cutoff at depth 3, move 1/104, alpha=-4.200000, beta=-4.200000
[10:48:50.911] [DEBUG] [Move 15] MINIMAX: Root move 43: flip eval=4.200000
[10:48:50.921] [DEBUG] [Move 15] MINIMAX: Beta cutoff at depth 3, move 1/103, alpha=-4.200000, beta=-4.200000
[10:48:50.921] [DEBUG] [Move 15] MINIMAX: Root move 44: move eval=4.200000
[10:48:50.927] [DEBUG] [Move 15] MINIMAX: Beta cutoff at depth 3, move 1/105, alpha=-4.200000, beta=-4.200000
[10:48:50.927] [DEBUG] [Move 15] MINIMAX: Root move 45: push eval=4.200000
[10:48:50.935] [DEBUG] [Move 15] MINIMAX: Beta cutoff at depth 3, move 1/104, alpha=-4.200000, beta=-4.200000
[10:48:50.935] [DEBUG] [Move 15] MINIMAX: Root move 46: flip eval=4.200000
[10:48:50.948] [DEBUG] [Move 15] MINIMAX: Beta cutoff at depth 3, move 1/104, alpha=-4.200000, beta=-4.200000
[10:48:50.948] [DEBUG] [Move 15] MINIMAX: Root move 47: flip eval=4.200000
[10:48:50.955] [DEBUG] [Move 15] MINIMAX: Beta cutoff at depth 3, move 1/100, alpha=-4.200000, beta=-4.200000
[10:48:50.956] [DEBUG] [Move 15] MINIMAX: Root move 48: move eval=4.200000
[10:48:50.961] [DEBUG] [Move 15] MINIMAX: Beta cutoff at depth 3, move 1/108, alpha=-4.200000, beta=-4.200000
[10:48:50.961] [DEBUG] [Move 15] MINIMAX: Root move 49: move eval=4.200000
[10:48:50.966] [DEBUG] [Move 15] MINIMAX: Beta cutoff at depth 3, move 1/108, alpha=-4.200000, beta=-4.200000
[10:48:50.966] [DEBUG] [Move 15] MINIMAX: Root move 50: push eval=4.200000
[10:48:50.973] [DEBUG] [Move 15] MINIMAX: Beta cutoff at depth 3, move 1/116, alpha=-4.200000, beta=-4.200000
[10:48:50.973] [DEBUG] [Move 15] MINIMAX: Root move 51: flip eval=4.200000
[10:48:50.981] [DEBUG] [Move 15] MINIMAX: Beta cutoff at depth 3, move 1/104, alpha=-4.200000, beta=-4.200000
[10:48:50.981] [DEBUG] [Move 15] MINIMAX: Root move 52: flip eval=4.200000
[10:48:50.981] [DEBUG] [Move 15] MINIMAX: Root search complete - evaluated=52/52, cutoffs=0
[10:48:50.981] [DEBUG] [Move 15] MINIMAX: Depth 4 completed, nodes=13314, eval=4.200000, move=move
[10:48:50.981] [DEBUG] [Move 15] MINIMAX: Searching at depth 5
[10:48:51.118] [DEBUG] [Move 15] MINIMAX: New best at depth 4, move=move, eval=4.900001
[10:48:51.175] [DEBUG] [Move 15] MINIMAX: Beta cutoff at depth 3, move 1/51, alpha=-4.900001, beta=-4.900001
[10:48:51.235] [DEBUG] [Move 15] MINIMAX: Beta cutoff at depth 3, move 1/51, alpha=-4.900001, beta=-4.900001
[10:48:51.291] [DEBUG] [Move 15] MINIMAX: Beta cutoff at depth 3, move 1/54, alpha=-4.900001, beta=-4.900001
[10:48:51.340] [DEBUG] [Move 15] MINIMAX: Beta cutoff at depth 3, move 1/51, alpha=-4.900001, beta=-4.900001
[10:48:51.387] [DEBUG] [Move 15] MINIMAX: Beta cutoff at depth 3, move 1/51, alpha=-4.900001, beta=-4.900001
[10:48:51.439] [DEBUG] [Move 15] MINIMAX: Beta cutoff at depth 3, move 1/51, alpha=-4.900001, beta=-4.900001
[10:48:51.500] [DEBUG] [Move 15] MINIMAX: Beta cutoff at depth 3, move 1/51, alpha=-4.900001, beta=-4.900001
[10:48:51.559] [DEBUG] [Move 15] MINIMAX: Beta cutoff at depth 3, move 1/58, alpha=-4.900001, beta=-4.900001
[10:48:51.617] [DEBUG] [Move 15] MINIMAX: Beta cutoff at depth 3, move 1/51, alpha=-4.900001, beta=-4.900001
[10:48:51.672] [DEBUG] [Move 15] MINIMAX: Beta cutoff at depth 3, move 1/51, alpha=-4.900001, beta=-4.900001
[10:48:51.679] [DEBUG] [Move 15] MINIMAX: New best at depth 4, move=move, eval=1000000.000000
[10:48:51.679] [DEBUG] [Move 15] MINIMAX: Beta cutoff at depth 4, move 12/104, alpha=1000000.000000, beta=1000000.000000
[10:48:51.679] [DEBUG] [Move 15] MINIMAX: Root move 1: move eval=-1000000.000000
[10:48:51.679] [DEBUG] [Move 15] MINIMAX: Timeout at root level after 1/52 moves
[10:48:51.679] [DEBUG] [Move 15] MINIMAX: Root search complete - evaluated=1/52, cutoffs=0
[10:48:51.679] [DEBUG] [Move 15] MINIMAX: Depth 5 completed, nodes=4719, eval=-1000000.000000, move=move
[10:48:51.679] [DEBUG] [Move 15] MINIMAX: Time limit reached at depth 6
[10:48:51.679] [INFO] [Move 15] MINIMAX: Search complete - depth=4, nodes=21363, TT_size=208178, time=2.317000s
[10:48:51.680] [DEBUG] [Move 15] VALIDATION DEBUG: Generated 52 legal moves for validation
[10:48:51.680] [DEBUG] [Move 15] VALIDATION DEBUG: Minimax returned move: move (0,1) -> (0,0)
[10:48:51.680] [DEBUG] [Move 15] VALIDATION DEBUG: Legal move 1: move (0,1) -> (0,0)
[10:48:51.680] [DEBUG] [Move 15] VALIDATION DEBUG: Legal move 2: move (0,1) -> (0,2)
[10:48:51.680] [DEBUG] [Move 15] VALIDATION DEBUG: Legal move 3: move (0,1) -> (1,1)
[10:48:51.680] [DEBUG] [Move 15] VALIDATION DEBUG: Legal move 4: flip (0,1) -> (0,1)
[10:48:51.680] [DEBUG] [Move 15] VALIDATION DEBUG: Legal move 5: flip (0,1) -> (0,1)
[10:48:51.680] [DEBUG] [Move 15] VALIDATION DEBUG: Move found in legal moves - SUCCESS!
[10:48:51.680] [DECISION] [Move 15] FINAL DECISION: move (0,1) -> (0,0) | Reasoning: Minimax search
[10:48:51.680] [DECISION] [Move 15] === MOVE DECISION END ===
[10:48:51.718] [DECISION] [Move 16] === MOVE DECISION START === Player: square, Board: 13x12, Time: 8.94539s (vs 59.943s)
[10:48:51.718] [DEBUG] [Move 16] MINIMAX: Starting search for square, time=8.945391s
[10:48:51.720] [DEBUG] [Move 16] MINIMAX: Found 51 legal moves at root
[10:48:51.720] [DEBUG] [Move 16] MINIMAX: Starting iterative deepening
[10:48:51.720] [DEBUG] [Move 16] MINIMAX: Searching at depth 1
[10:48:51.720] [DEBUG] [Move 16] MINIMAX: Root move 1: move eval=-4.900001
[10:48:51.720] [DEBUG] [Move 16] MINIMAX: Alpha improved at root: -1000000.000000 -> -4.900001
[10:48:51.720] [DEBUG] [Move 16] MINIMAX: Root move 2: move eval=-4.900001
[10:48:51.720] [DEBUG] [Move 16] MINIMAX: Root move 3: flip eval=-4.900001
[10:48:51.720] [DEBUG] [Move 16] MINIMAX: Root move 4: flip eval=-4.900001
[10:48:51.720] [DEBUG] [Move 16] MINIMAX: Root move 5: move eval=-4.900001
[10:48:51.720] [DEBUG] [Move 16] MINIMAX: Root move 6: push eval=-4.900001
[10:48:51.720] [DEBUG] [Move 16] MINIMAX: Root move 7: flip eval=-4.900001
[10:48:51.720] [DEBUG] [Move 16] MINIMAX: Root move 8: flip eval=-4.900001
[10:48:51.720] [DEBUG] [Move 16] MINIMAX: Root move 9: push eval=-4.900001
[10:48:51.720] [DEBUG] [Move 16] MINIMAX: Root move 10: push eval=-4.900001
[10:48:51.720] [DEBUG] [Move 16] MINIMAX: Root move 11: push eval=-4.900001
[10:48:51.720] [DEBUG] [Move 16] MINIMAX: Root move 12: flip eval=-4.900001
[10:48:51.720] [DEBUG] [Move 16] MINIMAX: Root move 13: rotate eval=-4.900001
[10:48:51.720] [DEBUG] [Move 16] MINIMAX: Root move 14: push eval=-4.900001
[10:48:51.720] [DEBUG] [Move 16] MINIMAX: Root move 15: flip eval=-4.900001
[10:48:51.720] [DEBUG] [Move 16] MINIMAX: Root move 16: flip eval=-4.900001
[10:48:51.720] [DEBUG] [Move 16] MINIMAX: Root move 17: push eval=-4.900001
[10:48:51.720] [DEBUG] [Move 16] MINIMAX: Root move 18: push eval=-4.900001
[10:48:51.720] [DEBUG] [Move 16] MINIMAX: Root move 19: flip eval=-4.900001
[10:48:51.720] [DEBUG] [Move 16] MINIMAX: Root move 20: flip eval=-4.900001
[10:48:51.720] [DEBUG] [Move 16] MINIMAX: Root move 21: move eval=-4.900001
[10:48:51.720] [DEBUG] [Move 16] MINIMAX: Root move 22: move eval=-4.900001
[10:48:51.720] [DEBUG] [Move 16] MINIMAX: Root move 23: push eval=-4.900001
[10:48:51.720] [DEBUG] [Move 16] MINIMAX: Root move 24: flip eval=-4.900001
[10:48:51.720] [DEBUG] [Move 16] MINIMAX: Root move 25: flip eval=-4.900001
[10:48:51.721] [DEBUG] [Move 16] MINIMAX: Root move 26: move eval=-4.900001
[10:48:51.721] [DEBUG] [Move 16] MINIMAX: Root move 27: move eval=-4.900001
[10:48:51.721] [DEBUG] [Move 16] MINIMAX: Root move 28: move eval=-4.900001
[10:48:51.721] [DEBUG] [Move 16] MINIMAX: Root move 29: flip eval=-4.900001
[10:48:51.721] [DEBUG] [Move 16] MINIMAX: Root move 30: flip eval=-4.900001
[10:48:51.721] [DEBUG] [Move 16] MINIMAX: Root move 31: move eval=-4.900001
[10:48:51.721] [DEBUG] [Move 16] MINIMAX: Root move 32: push eval=-4.900001
[10:48:51.721] [DEBUG] [Move 16] MINIMAX: Root move 33: flip eval=-4.900001
[10:48:51.721] [DEBUG] [Move 16] MINIMAX: Root move 34: flip eval=-4.900001
[10:48:51.721] [DEBUG] [Move 16] MINIMAX: Root move 35: move eval=-4.900001
[10:48:51.721] [DEBUG] [Move 16] MINIMAX: Root move 36: move eval=-4.900001
[10:48:51.721] [DEBUG] [Move 16] MINIMAX: Root move 37: move eval=-4.900001
[10:48:51.721] [DEBUG] [Move 16] MINIMAX: Root move 38: flip eval=-4.900001
[10:48:51.721] [DEBUG] [Move 16] MINIMAX: Root move 39: flip eval=-4.900001
[10:48:51.721] [DEBUG] [Move 16] MINIMAX: Root move 40: move eval=-4.900001
[10:48:51.721] [DEBUG] [Move 16] MINIMAX: Root move 41: flip eval=-4.900001
[10:48:51.721] [DEBUG] [Move 16] MINIMAX: Root move 42: flip eval=-4.900001
[10:48:51.721] [DEBUG] [Move 16] MINIMAX: Root move 43: move eval=-4.900001
[10:48:51.721] [DEBUG] [Move 16] MINIMAX: Root move 44: push eval=-4.900001
[10:48:51.721] [DEBUG] [Move 16] MINIMAX: Root move 45: flip eval=-4.900001
[10:48:51.721] [DEBUG] [Move 16] MINIMAX: Root move 46: flip eval=-4.900001
[10:48:51.721] [DEBUG] [Move 16] MINIMAX: Root move 47: move eval=-4.900001
[10:48:51.721] [DEBUG] [Move 16] MINIMAX: Root move 48: move eval=-4.900001
[10:48:51.721] [DEBUG] [Move 16] MINIMAX: Root move 49: push eval=-4.900001
[10:48:51.721] [DEBUG] [Move 16] MINIMAX: Root move 50: flip eval=-4.900001
[10:48:51.721] [DEBUG] [Move 16] MINIMAX: Root move 51: flip eval=-4.900001
[10:48:51.721] [DEBUG] [Move 16] MINIMAX: Root search complete - evaluated=51/51, cutoffs=0
[10:48:51.721] [DEBUG] [Move 16] MINIMAX: Depth 1 completed, nodes=51, eval=-4.900001, move=move
[10:48:51.721] [DEBUG] [Move 16] MINIMAX: Searching at depth 2
[10:48:51.724] [DEBUG] [Move 16] MINIMAX: Root move 1: move eval=4.200000
[10:48:51.724] [DEBUG] [Move 16] MINIMAX: Alpha improved at root: -1000000.000000 -> 4.200000
[10:48:51.726] [DEBUG] [Move 16] MINIMAX: Root move 2: move eval=4.200000
[10:48:51.728] [DEBUG] [Move 16] MINIMAX: Root move 3: flip eval=4.200000
[10:48:51.729] [DEBUG] [Move 16] MINIMAX: Root move 4: flip eval=4.200000
[10:48:51.731] [DEBUG] [Move 16] MINIMAX: Root move 5: move eval=4.200000
[10:48:51.733] [DEBUG] [Move 16] MINIMAX: Root move 6: push eval=4.200000
[10:48:51.734] [DEBUG] [Move 16] MINIMAX: Root move 7: flip eval=4.200000
[10:48:51.736] [DEBUG] [Move 16] MINIMAX: Root move 8: flip eval=4.200000
[10:48:51.738] [DEBUG] [Move 16] MINIMAX: Root move 9: push eval=4.200000
[10:48:51.738] [DEBUG] [Move 16] MINIMAX: Root move 10: push eval=4.200000
[10:48:51.738] [DEBUG] [Move 16] MINIMAX: Root move 11: push eval=4.200000
[10:48:51.740] [DEBUG] [Move 16] MINIMAX: Root move 12: flip eval=4.200000
[10:48:51.741] [DEBUG] [Move 16] MINIMAX: Root move 13: rotate eval=4.200000
[10:48:51.743] [DEBUG] [Move 16] MINIMAX: Root move 14: push eval=4.200000
[10:48:51.744] [DEBUG] [Move 16] MINIMAX: Root move 15: flip eval=4.200000
[10:48:51.746] [DEBUG] [Move 16] MINIMAX: Root move 16: flip eval=4.200000
[10:48:51.748] [DEBUG] [Move 16] MINIMAX: Root move 17: push eval=4.200000
[10:48:51.748] [DEBUG] [Move 16] MINIMAX: Root move 18: push eval=4.200000
[10:48:51.749] [DEBUG] [Move 16] MINIMAX: Root move 19: flip eval=4.200000
[10:48:51.751] [DEBUG] [Move 16] MINIMAX: Root move 20: flip eval=4.200000
[10:48:51.753] [DEBUG] [Move 16] MINIMAX: Root move 21: move eval=4.200000
[10:48:51.754] [DEBUG] [Move 16] MINIMAX: Root move 22: move eval=4.200000
[10:48:51.756] [DEBUG] [Move 16] MINIMAX: Root move 23: push eval=4.200000
[10:48:51.758] [DEBUG] [Move 16] MINIMAX: Root move 24: flip eval=4.200000
[10:48:51.759] [DEBUG] [Move 16] MINIMAX: Root move 25: flip eval=4.200000
[10:48:51.760] [DEBUG] [Move 16] MINIMAX: Root move 26: move eval=4.200000
[10:48:51.761] [DEBUG] [Move 16] MINIMAX: Root move 27: move eval=4.200000
[10:48:51.763] [DEBUG] [Move 16] MINIMAX: Root move 28: move eval=4.200000
[10:48:51.764] [DEBUG] [Move 16] MINIMAX: Root move 29: flip eval=4.200000
[10:48:51.765] [DEBUG] [Move 16] MINIMAX: Root move 30: flip eval=4.200000
[10:48:51.766] [DEBUG] [Move 16] MINIMAX: Root move 31: move eval=4.200000
[10:48:51.767] [DEBUG] [Move 16] MINIMAX: Root move 32: push eval=4.200000
[10:48:51.768] [DEBUG] [Move 16] MINIMAX: Root move 33: flip eval=4.200000
[10:48:51.769] [DEBUG] [Move 16] MINIMAX: Root move 34: flip eval=4.200000
[10:48:51.770] [DEBUG] [Move 16] MINIMAX: Root move 35: move eval=4.200000
[10:48:51.771] [DEBUG] [Move 16] MINIMAX: Root move 36: move eval=4.200000
[10:48:51.772] [DEBUG] [Move 16] MINIMAX: Root move 37: move eval=4.200000
[10:48:51.773] [DEBUG] [Move 16] MINIMAX: Root move 38: flip eval=4.200000
[10:48:51.774] [DEBUG] [Move 16] MINIMAX: Root move 39: flip eval=4.200000
[10:48:51.775] [DEBUG] [Move 16] MINIMAX: Root move 40: move eval=4.200000
[10:48:51.776] [DEBUG] [Move 16] MINIMAX: Root move 41: flip eval=4.200000
[10:48:51.777] [DEBUG] [Move 16] MINIMAX: Root move 42: flip eval=4.200000
[10:48:51.777] [DEBUG] [Move 16] MINIMAX: Root move 43: move eval=4.200000
[10:48:51.778] [DEBUG] [Move 16] MINIMAX: Root move 44: push eval=4.200000
[10:48:51.779] [DEBUG] [Move 16] MINIMAX: Root move 45: flip eval=4.200000
[10:48:51.780] [DEBUG] [Move 16] MINIMAX: Root move 46: flip eval=4.200000
[10:48:51.781] [DEBUG] [Move 16] MINIMAX: Root move 47: move eval=4.200000
[10:48:51.782] [DEBUG] [Move 16] MINIMAX: Root move 48: move eval=4.200000
[10:48:51.783] [DEBUG] [Move 16] MINIMAX: Root move 49: push eval=4.200000
[10:48:51.784] [DEBUG] [Move 16] MINIMAX: Root move 50: flip eval=4.200000
[10:48:51.785] [DEBUG] [Move 16] MINIMAX: Root move 51: flip eval=4.200000
[10:48:51.785] [DEBUG] [Move 16] MINIMAX: Root search complete - evaluated=51/51, cutoffs=0
[10:48:51.785] [DEBUG] [Move 16] MINIMAX: Depth 2 completed, nodes=210, eval=4.200000, move=move
[10:48:51.785] [DEBUG] [Move 16] MINIMAX: Searching at depth 3
[10:48:51.867] [DEBUG] [Move 16] MINIMAX: Root move 1: move eval=-4.900001
[10:48:51.867] [DEBUG] [Move 16] MINIMAX: Alpha improved at root: -1000000.000000 -> -4.900001
[10:48:51.869] [DEBUG] [Move 16] MINIMAX: Root move 2: move eval=-4.900001
[10:48:51.871] [DEBUG] [Move 16] MINIMAX: Root move 3: flip eval=-4.900001
[10:48:51.873] [DEBUG] [Move 16] MINIMAX: Root move 4: flip eval=-4.900001
[10:48:51.875] [DEBUG] [Move 16] MINIMAX: Root move 5: move eval=-4.900001
[10:48:51.876] [DEBUG] [Move 16] MINIMAX: Root move 6: push eval=-4.900001
[10:48:51.878] [DEBUG] [Move 16] MINIMAX: Root move 7: flip eval=-4.900001
[10:48:51.880] [DEBUG] [Move 16] MINIMAX: Root move 8: flip eval=-4.900001
[10:48:51.882] [DEBUG] [Move 16] MINIMAX: Root move 9: push eval=-4.900001
[10:48:51.882] [DEBUG] [Move 16] MINIMAX: Root move 10: push eval=-4.900001
[10:48:51.882] [DEBUG] [Move 16] MINIMAX: Root move 11: push eval=-4.900001
[10:48:51.883] [DEBUG] [Move 16] MINIMAX: Root move 12: flip eval=-4.900001
[10:48:51.886] [DEBUG] [Move 16] MINIMAX: Root move 13: rotate eval=-4.900001
[10:48:51.887] [DEBUG] [Move 16] MINIMAX: Root move 14: push eval=-4.900001
[10:48:51.889] [DEBUG] [Move 16] MINIMAX: Root move 15: flip eval=-4.900001
[10:48:51.891] [DEBUG] [Move 16] MINIMAX: Root move 16: flip eval=-4.900001
[10:48:51.892] [DEBUG] [Move 16] MINIMAX: Root move 17: push eval=-4.900001
[10:48:51.892] [DEBUG] [Move 16] MINIMAX: Root move 18: push eval=-4.900001
[10:48:51.894] [DEBUG] [Move 16] MINIMAX: Root move 19: flip eval=-4.900001
[10:48:51.896] [DEBUG] [Move 16] MINIMAX: Root move 20: flip eval=-4.900001
[10:48:51.898] [DEBUG] [Move 16] MINIMAX: Root move 21: move eval=-4.900001
[10:48:51.899] [DEBUG] [Move 16] MINIMAX: Root move 22: move eval=-4.900001
[10:48:51.901] [DEBUG] [Move 16] MINIMAX: Root move 23: push eval=-4.900001
[10:48:51.903] [DEBUG] [Move 16] MINIMAX: Root move 24: flip eval=-4.900001
[10:48:51.905] [DEBUG] [Move 16] MINIMAX: Root move 25: flip eval=-4.900001
[10:48:51.907] [DEBUG] [Move 16] MINIMAX: Root move 26: move eval=-4.900001
[10:48:51.909] [DEBUG] [Move 16] MINIMAX: Root move 27: move eval=-4.900001
[10:48:51.910] [DEBUG] [Move 16] MINIMAX: Root move 28: move eval=-4.900001
[10:48:51.912] [DEBUG] [Move 16] MINIMAX: Root move 29: flip eval=-4.900001
[10:48:51.914] [DEBUG] [Move 16] MINIMAX: Root move 30: flip eval=-4.900001
[10:48:51.916] [DEBUG] [Move 16] MINIMAX: Root move 31: move eval=-4.900001
[10:48:51.917] [DEBUG] [Move 16] MINIMAX: Root move 32: push eval=-4.900001
[10:48:51.919] [DEBUG] [Move 16] MINIMAX: Root move 33: flip eval=-4.900001
[10:48:51.921] [DEBUG] [Move 16] MINIMAX: Root move 34: flip eval=-4.900001
[10:48:51.923] [DEBUG] [Move 16] MINIMAX: Root move 35: move eval=-4.900001
[10:48:51.925] [DEBUG] [Move 16] MINIMAX: Root move 36: move eval=-4.900001
[10:48:51.927] [DEBUG] [Move 16] MINIMAX: Root move 37: move eval=-4.900001
[10:48:51.929] [DEBUG] [Move 16] MINIMAX: Root move 38: flip eval=-4.900001
[10:48:51.931] [DEBUG] [Move 16] MINIMAX: Root move 39: flip eval=-4.900001
[10:48:51.933] [DEBUG] [Move 16] MINIMAX: Root move 40: move eval=-4.900001
[10:48:51.935] [DEBUG] [Move 16] MINIMAX: Root move 41: flip eval=-4.900001
[10:48:51.936] [DEBUG] [Move 16] MINIMAX: Root move 42: flip eval=-4.900001
[10:48:51.938] [DEBUG] [Move 16] MINIMAX: Root move 43: move eval=-4.900001
[10:48:51.940] [DEBUG] [Move 16] MINIMAX: Root move 44: push eval=-4.900001
[10:48:51.942] [DEBUG] [Move 16] MINIMAX: Root move 45: flip eval=-4.900001
[10:48:51.944] [DEBUG] [Move 16] MINIMAX: Root move 46: flip eval=-4.900001
[10:48:51.945] [DEBUG] [Move 16] MINIMAX: Root move 47: move eval=-4.900001
[10:48:51.947] [DEBUG] [Move 16] MINIMAX: Root move 48: move eval=-4.900001
[10:48:51.948] [DEBUG] [Move 16] MINIMAX: Root move 49: push eval=-4.900001
[10:48:51.950] [DEBUG] [Move 16] MINIMAX: Root move 50: flip eval=-4.900001
[10:48:51.952] [DEBUG] [Move 16] MINIMAX: Root move 51: flip eval=-4.900001
[10:48:51.952] [DEBUG] [Move 16] MINIMAX: Root search complete - evaluated=51/51, cutoffs=0
[10:48:51.952] [DEBUG] [Move 16] MINIMAX: Depth 3 completed, nodes=3027, eval=-4.900001, move=move
[10:48:51.952] [DEBUG] [Move 16] MINIMAX: Searching at depth 4
[10:48:52.177] [DEBUG] [Move 16] MINIMAX: Root move 1: move eval=4.200000
[10:48:52.177] [DEBUG] [Move 16] MINIMAX: Alpha improved at root: -1000000.000000 -> 4.200000
[10:48:52.215] [DEBUG] [Move 16] MINIMAX: Beta cutoff at depth 3, move 1/112, alpha=-4.200000, beta=-4.200000
[10:48:52.215] [DEBUG] [Move 16] MINIMAX: Root move 2: move eval=4.200000
[10:48:52.248] [DEBUG] [Move 16] MINIMAX: Beta cutoff at depth 3, move 1/112, alpha=-4.200000, beta=-4.200000
[10:48:52.248] [DEBUG] [Move 16] MINIMAX: Root move 3: flip eval=4.200000
[10:48:52.293] [DEBUG] [Move 16] MINIMAX: Beta cutoff at depth 3, move 1/112, alpha=-4.200000, beta=-4.200000
[10:48:52.293] [DEBUG] [Move 16] MINIMAX: Root move 4: flip eval=4.200000
[10:48:52.352] [DEBUG] [Move 16] MINIMAX: Beta cutoff at depth 3, move 1/112, alpha=-4.200000, beta=-4.200000
[10:48:52.352] [DEBUG] [Move 16] MINIMAX: Root move 5: move eval=4.200000
[10:48:52.385] [DEBUG] [Move 16] MINIMAX: Beta cutoff at depth 3, move 1/112, alpha=-4.200000, beta=-4.200000
[10:48:52.385] [DEBUG] [Move 16] MINIMAX: Root move 6: push eval=4.200000
[10:48:52.444] [DEBUG] [Move 16] MINIMAX: Beta cutoff at depth 3, move 1/112, alpha=-4.200000, beta=-4.200000
[10:48:52.444] [DEBUG] [Move 16] MINIMAX: Root move 7: flip eval=4.200000
[10:48:52.479] [DEBUG] [Move 16] MINIMAX: Beta cutoff at depth 3, move 1/112, alpha=-4.200000, beta=-4.200000
[10:48:52.479] [DEBUG] [Move 16] MINIMAX: Root move 8: flip eval=4.200000
[10:48:52.516] [DEBUG] [Move 16] MINIMAX: Beta cutoff at depth 3, move 1/136, alpha=-4.200000, beta=-4.200000
[10:48:52.516] [DEBUG] [Move 16] MINIMAX: Root move 9: push eval=4.200000
[10:48:52.516] [DEBUG] [Move 16] MINIMAX: TT HIT at depth 3, eval=-4.200000, move=move
[10:48:52.516] [DEBUG] [Move 16] MINIMAX: Root move 10: push eval=4.200000
[10:48:52.516] [DEBUG] [Move 16] MINIMAX: TT HIT at depth 3, eval=-4.200000, move=move
[10:48:52.516] [DEBUG] [Move 16] MINIMAX: Root move 11: push eval=4.200000
[10:48:52.544] [DEBUG] [Move 16] MINIMAX: Beta cutoff at depth 3, move 1/112, alpha=-4.200000, beta=-4.200000
[10:48:52.544] [DEBUG] [Move 16] MINIMAX: Root move 12: flip eval=4.200000
[10:48:52.586] [DEBUG] [Move 16] MINIMAX: Beta cutoff at depth 3, move 1/112, alpha=-4.200000, beta=-4.200000
[10:48:52.586] [DEBUG] [Move 16] MINIMAX: Root move 13: rotate eval=4.200000
[10:48:52.622] [DEBUG] [Move 16] MINIMAX: Beta cutoff at depth 3, move 1/112, alpha=-4.200000, beta=-4.200000
[10:48:52.622] [DEBUG] [Move 16] MINIMAX: Root move 14: push eval=4.200000
[10:48:52.649] [DEBUG] [Move 16] MINIMAX: Beta cutoff at depth 3, move 1/112, alpha=-4.200000, beta=-4.200000
[10:48:52.649] [DEBUG] [Move 16] MINIMAX: Root move 15: flip eval=4.200000
[10:48:52.698] [DEBUG] [Move 16] MINIMAX: Beta cutoff at depth 3, move 1/112, alpha=-4.200000, beta=-4.200000
[10:48:52.698] [DEBUG] [Move 16] MINIMAX: Root move 16: flip eval=4.200000
[10:48:52.728] [DEBUG] [Move 16] MINIMAX: Beta cutoff at depth 3, move 1/112, alpha=-4.200000, beta=-4.200000
[10:48:52.728] [DEBUG] [Move 16] MINIMAX: Root move 17: push eval=4.200000
[10:48:52.728] [DEBUG] [Move 16] MINIMAX: TT HIT at depth 3, eval=-4.200000, move=move
[10:48:52.728] [DEBUG] [Move 16] MINIMAX: Root move 18: push eval=4.200000
[10:48:52.754] [DEBUG] [Move 16] MINIMAX: Beta cutoff at depth 3, move 1/112, alpha=-4.200000, beta=-4.200000
[10:48:52.755] [DEBUG] [Move 16] MINIMAX: Root move 19: flip eval=4.200000
[10:48:52.784] [DEBUG] [Move 16] MINIMAX: Beta cutoff at depth 3, move 1/112, alpha=-4.200000, beta=-4.200000
[10:48:52.784] [DEBUG] [Move 16] MINIMAX: Root move 20: flip eval=4.200000
[10:48:52.807] [DEBUG] [Move 16] MINIMAX: Beta cutoff at depth 3, move 1/112, alpha=-4.200000, beta=-4.200000
[10:48:52.807] [DEBUG] [Move 16] MINIMAX: Root move 21: move eval=4.200000
[10:48:52.839] [DEBUG] [Move 16] MINIMAX: Beta cutoff at depth 3, move 1/112, alpha=-4.200000, beta=-4.200000
[10:48:52.839] [DEBUG] [Move 16] MINIMAX: Root move 22: move eval=4.200000
[10:48:52.859] [DEBUG] [Move 16] MINIMAX: Beta cutoff at depth 3, move 1/112, alpha=-4.200000, beta=-4.200000
[10:48:52.860] [DEBUG] [Move 16] MINIMAX: Root move 23: push eval=4.200000
[10:48:52.898] [DEBUG] [Move 16] MINIMAX: Beta cutoff at depth 3, move 1/112, alpha=-4.200000, beta=-4.200000
[10:48:52.898] [DEBUG] [Move 16] MINIMAX: Root move 24: flip eval=4.200000
[10:48:52.937] [DEBUG] [Move 16] MINIMAX: Beta cutoff at depth 3, move 1/112, alpha=-4.200000, beta=-4.200000
[10:48:52.937] [DEBUG] [Move 16] MINIMAX: Root move 25: flip eval=4.200000
[10:48:52.972] [DEBUG] [Move 16] MINIMAX: Beta cutoff at depth 3, move 1/117, alpha=-4.200000, beta=-4.200000
[10:48:52.972] [DEBUG] [Move 16] MINIMAX: Root move 26: move eval=4.200000
[10:48:53.005] [DEBUG] [Move 16] MINIMAX: Beta cutoff at depth 3, move 1/113, alpha=-4.200000, beta=-4.200000
[10:48:53.005] [DEBUG] [Move 16] MINIMAX: Root move 27: move eval=4.200000
[10:48:53.046] [DEBUG] [Move 16] MINIMAX: Beta cutoff at depth 3, move 1/111, alpha=-4.200000, beta=-4.200000
[10:48:53.046] [DEBUG] [Move 16] MINIMAX: Root move 28: move eval=4.200000
[10:48:53.081] [DEBUG] [Move 16] MINIMAX: Beta cutoff at depth 3, move 1/115, alpha=-4.200000, beta=-4.200000
[10:48:53.081] [DEBUG] [Move 16] MINIMAX: Root move 29: flip eval=4.200000
[10:48:53.128] [DEBUG] [Move 16] MINIMAX: Beta cutoff at depth 3, move 1/116, alpha=-4.200000, beta=-4.200000
[10:48:53.128] [DEBUG] [Move 16] MINIMAX: Root move 30: flip eval=4.200000
[10:48:53.153] [DEBUG] [Move 16] MINIMAX: Beta cutoff at depth 3, move 1/107, alpha=-4.200000, beta=-4.200000
[10:48:53.153] [DEBUG] [Move 16] MINIMAX: Root move 31: move eval=4.200000
[10:48:53.187] [DEBUG] [Move 16] MINIMAX: Beta cutoff at depth 3, move 1/117, alpha=-4.200000, beta=-4.200000
[10:48:53.187] [DEBUG] [Move 16] MINIMAX: Root move 32: push eval=4.200000
[10:48:53.216] [DEBUG] [Move 16] MINIMAX: Beta cutoff at depth 3, move 1/112, alpha=-4.200000, beta=-4.200000
[10:48:53.216] [DEBUG] [Move 16] MINIMAX: Root move 33: flip eval=4.200000
[10:48:53.251] [DEBUG] [Move 16] MINIMAX: Beta cutoff at depth 3, move 1/112, alpha=-4.200000, beta=-4.200000
[10:48:53.251] [DEBUG] [Move 16] MINIMAX: Root move 34: flip eval=4.200000
[10:48:53.272] [DEBUG] [Move 16] MINIMAX: Beta cutoff at depth 3, move 1/106, alpha=-4.200000, beta=-4.200000
[10:48:53.272] [DEBUG] [Move 16] MINIMAX: Root move 35: move eval=4.200000
[10:48:53.310] [DEBUG] [Move 16] MINIMAX: Beta cutoff at depth 3, move 1/100, alpha=-4.200000, beta=-4.200000
[10:48:53.310] [DEBUG] [Move 16] MINIMAX: Root move 36: move eval=4.200000
[10:48:53.339] [DEBUG] [Move 16] MINIMAX: Beta cutoff at depth 3, move 1/96, alpha=-4.200000, beta=-4.200000
[10:48:53.340] [DEBUG] [Move 16] MINIMAX: Root move 37: move eval=4.200000
[10:48:53.350] [DEBUG] [Move 16] MINIMAX: Beta cutoff at depth 3, move 1/112, alpha=-4.200000, beta=-4.200000
[10:48:53.350] [DEBUG] [Move 16] MINIMAX: Root move 38: flip eval=4.200000
[10:48:53.375] [DEBUG] [Move 16] MINIMAX: Beta cutoff at depth 3, move 1/130, alpha=-4.200000, beta=-4.200000
[10:48:53.375] [DEBUG] [Move 16] MINIMAX: Root move 39: flip eval=4.200000
[10:48:53.389] [DEBUG] [Move 16] MINIMAX: Beta cutoff at depth 3, move 1/111, alpha=-4.200000, beta=-4.200000
[10:48:53.389] [DEBUG] [Move 16] MINIMAX: Root move 40: move eval=4.200000
[10:48:53.398] [DEBUG] [Move 16] MINIMAX: Beta cutoff at depth 3, move 1/112, alpha=-4.200000, beta=-4.200000
[10:48:53.398] [DEBUG] [Move 16] MINIMAX: Root move 41: flip eval=4.200000
[10:48:53.421] [DEBUG] [Move 16] MINIMAX: Beta cutoff at depth 3, move 1/112, alpha=-4.200000, beta=-4.200000
[10:48:53.421] [DEBUG] [Move 16] MINIMAX: Root move 42: flip eval=4.200000
[10:48:53.435] [DEBUG] [Move 16] MINIMAX: Beta cutoff at depth 3, move 1/112, alpha=-4.200000, beta=-4.200000
[10:48:53.435] [DEBUG] [Move 16] MINIMAX: Root move 43: move eval=4.200000
[10:48:53.446] [DEBUG] [Move 16] MINIMAX: Beta cutoff at depth 3, move 1/112, alpha=-4.200000, beta=-4.200000
[10:48:53.446] [DEBUG] [Move 16] MINIMAX: Root move 44: push eval=4.200000
[10:48:53.461] [DEBUG] [Move 16] MINIMAX: Beta cutoff at depth 3, move 1/112, alpha=-4.200000, beta=-4.200000
[10:48:53.461] [DEBUG] [Move 16] MINIMAX: Root move 45: flip eval=4.200000
[10:48:53.489] [DEBUG] [Move 16] MINIMAX: Beta cutoff at depth 3, move 1/112, alpha=-4.200000, beta=-4.200000
[10:48:53.489] [DEBUG] [Move 16] MINIMAX: Root move 46: flip eval=4.200000
[10:48:53.497] [DEBUG] [Move 16] MINIMAX: Beta cutoff at depth 3, move 1/106, alpha=-4.200000, beta=-4.200000
[10:48:53.497] [DEBUG] [Move 16] MINIMAX: Root move 47: move eval=4.200000
[10:48:53.506] [DEBUG] [Move 16] MINIMAX: Beta cutoff at depth 3, move 1/118, alpha=-4.200000, beta=-4.200000
[10:48:53.506] [DEBUG] [Move 16] MINIMAX: Root move 48: move eval=4.200000
[10:48:53.513] [DEBUG] [Move 16] MINIMAX: Beta cutoff at depth 3, move 1/118, alpha=-4.200000, beta=-4.200000
[10:48:53.513] [DEBUG] [Move 16] MINIMAX: Root move 49: push eval=4.200000
[10:48:53.522] [DEBUG] [Move 16] MINIMAX: Beta cutoff at depth 3, move 1/130, alpha=-4.200000, beta=-4.200000
[10:48:53.522] [DEBUG] [Move 16] MINIMAX: Root move 50: flip eval=4.200000
[10:48:53.537] [DEBUG] [Move 16] MINIMAX: Beta cutoff at depth 3, move 1/112, alpha=-4.200000, beta=-4.200000
[10:48:53.538] [DEBUG] [Move 16] MINIMAX: Root move 51: flip eval=4.200000
[10:48:53.538] [DEBUG] [Move 16] MINIMAX: Root search complete - evaluated=51/51, cutoffs=0
[10:48:53.538] [DEBUG] [Move 16] MINIMAX: Depth 4 completed, nodes=14841, eval=4.200000, move=move
[10:48:53.538] [DEBUG] [Move 16] MINIMAX: Searching at depth 5
[10:48:53.706] [DEBUG] [Move 16] MINIMAX: New best at depth 4, move=move, eval=4.900001
[10:48:53.768] [DEBUG] [Move 16] MINIMAX: Beta cutoff at depth 3, move 1/52, alpha=-4.900001, beta=-4.900001
[10:48:53.832] [DEBUG] [Move 16] MINIMAX: Beta cutoff at depth 3, move 1/52, alpha=-4.900001, beta=-4.900001
[10:48:53.899] [DEBUG] [Move 16] MINIMAX: Beta cutoff at depth 3, move 1/55, alpha=-4.900001, beta=-4.900001
[10:48:53.969] [DEBUG] [Move 16] MINIMAX: Beta cutoff at depth 3, move 1/52, alpha=-4.900001, beta=-4.900001
[10:48:54.030] [DEBUG] [Move 16] MINIMAX: Beta cutoff at depth 3, move 1/52, alpha=-4.900001, beta=-4.900001
[10:48:54.090] [DEBUG] [Move 16] MINIMAX: Beta cutoff at depth 3, move 1/52, alpha=-4.900001, beta=-4.900001
[10:48:54.154] [DEBUG] [Move 16] MINIMAX: Beta cutoff at depth 3, move 1/52, alpha=-4.900001, beta=-4.900001
[10:48:54.214] [DEBUG] [Move 16] MINIMAX: Beta cutoff at depth 3, move 1/59, alpha=-4.900001, beta=-4.900001
[10:48:54.271] [DEBUG] [Move 16] MINIMAX: Beta cutoff at depth 3, move 1/52, alpha=-4.900001, beta=-4.900001
[10:48:54.328] [DEBUG] [Move 16] MINIMAX: Beta cutoff at depth 3, move 1/52, alpha=-4.900001, beta=-4.900001
[10:48:54.416] [DEBUG] [Move 16] MINIMAX: Beta cutoff at depth 3, move 2/52, alpha=-4.900001, beta=-4.900001
[10:48:54.471] [DEBUG] [Move 16] MINIMAX: Beta cutoff at depth 3, move 1/52, alpha=-4.900001, beta=-4.900001
[10:48:54.526] [DEBUG] [Move 16] MINIMAX: Beta cutoff at depth 3, move 1/52, alpha=-4.900001, beta=-4.900001
[10:48:54.579] [DEBUG] [Move 16] MINIMAX: Beta cutoff at depth 3, move 1/56, alpha=-4.900001, beta=-4.900001
[10:48:54.650] [DEBUG] [Move 16] MINIMAX: Beta cutoff at depth 3, move 1/52, alpha=-4.900001, beta=-4.900001
[10:48:54.700] [DEBUG] [Move 16] MINIMAX: Beta cutoff at depth 3, move 1/52, alpha=-4.900001, beta=-4.900001
[10:48:54.756] [DEBUG] [Move 16] MINIMAX: Beta cutoff at depth 3, move 1/50, alpha=-4.900001, beta=-4.900001
[10:48:54.812] [DEBUG] [Move 16] MINIMAX: Beta cutoff at depth 3, move 1/50, alpha=-4.900001, beta=-4.900001
[10:48:54.885] [DEBUG] [Move 16] MINIMAX: Beta cutoff at depth 3, move 1/50, alpha=-4.900001, beta=-4.900001
[10:48:54.933] [DEBUG] [Move 16] MINIMAX: Beta cutoff at depth 3, move 1/52, alpha=-4.900001, beta=-4.900001
[10:48:55.006] [DEBUG] [Move 16] MINIMAX: Beta cutoff at depth 3, move 1/52, alpha=-4.900001, beta=-4.900001
[10:48:55.089] [DEBUG] [Move 16] MINIMAX: Beta cutoff at depth 3, move 1/57, alpha=-4.900001, beta=-4.900001
[10:48:55.168] [DEBUG] [Move 16] MINIMAX: Beta cutoff at depth 3, move 1/54, alpha=-4.900001, beta=-4.900001
[10:48:55.227] [DEBUG] [Move 16] MINIMAX: Beta cutoff at depth 3, move 1/54, alpha=-4.900001, beta=-4.900001
[10:48:55.288] [DEBUG] [Move 16] MINIMAX: Beta cutoff at depth 3, move 1/52, alpha=-4.900001, beta=-4.900001
[10:48:55.345] [DEBUG] [Move 16] MINIMAX: Beta cutoff at depth 3, move 1/54, alpha=-4.900001, beta=-4.900001
[10:48:55.345] [DEBUG] [Move 16] MINIMAX: TT HIT at depth 3, eval=-4.900001, move=move
[10:48:55.345] [DEBUG] [Move 16] MINIMAX: TT HIT at depth 3, eval=-4.900001, move=move
[10:48:55.393] [DEBUG] [Move 16] MINIMAX: Beta cutoff at depth 3, move 1/60, alpha=-4.900001, beta=-4.900001
[10:48:55.393] [DEBUG] [Move 16] MINIMAX: TT HIT at depth 3, eval=-4.900001, move=move
[10:48:55.393] [DEBUG] [Move 16] MINIMAX: TT HIT at depth 3, eval=-4.900001, move=move
[10:48:55.437] [DEBUG] [Move 16] MINIMAX: Beta cutoff at depth 3, move 1/52, alpha=-4.900001, beta=-4.900001
[10:48:55.488] [DEBUG] [Move 16] MINIMAX: Beta cutoff at depth 3, move 1/64, alpha=-4.900001, beta=-4.900001
[10:48:55.556] [DEBUG] [Move 16] MINIMAX: Beta cutoff at depth 3, move 1/47, alpha=-4.900001, beta=-4.900001
[10:48:55.607] [DEBUG] [Move 16] MINIMAX: Beta cutoff at depth 3, move 1/48, alpha=-4.900001, beta=-4.900001
[10:48:55.652] [DEBUG] [Move 16] MINIMAX: Beta cutoff at depth 3, move 1/50, alpha=-4.900001, beta=-4.900001
[10:48:55.708] [DEBUG] [Move 16] MINIMAX: Beta cutoff at depth 3, move 1/52, alpha=-4.900001, beta=-4.900001
[10:48:55.759] [DEBUG] [Move 16] MINIMAX: Beta cutoff at depth 3, move 1/51, alpha=-4.900001, beta=-4.900001
[10:48:55.817] [DEBUG] [Move 16] MINIMAX: Beta cutoff at depth 3, move 1/52, alpha=-4.900001, beta=-4.900001
[10:48:55.860] [DEBUG] [Move 16] MINIMAX: Beta cutoff at depth 3, move 1/52, alpha=-4.900001, beta=-4.900001
[10:48:55.914] [DEBUG] [Move 16] MINIMAX: Beta cutoff at depth 3, move 1/52, alpha=-4.900001, beta=-4.900001
[10:48:55.967] [DEBUG] [Move 16] MINIMAX: Beta cutoff at depth 3, move 1/52, alpha=-4.900001, beta=-4.900001
[10:48:56.013] [DEBUG] [Move 16] MINIMAX: Beta cutoff at depth 3, move 1/52, alpha=-4.900001, beta=-4.900001
[10:48:56.072] [DEBUG] [Move 16] MINIMAX: Beta cutoff at depth 3, move 1/61, alpha=-4.900001, beta=-4.900001
[10:48:56.139] [DEBUG] [Move 16] MINIMAX: Beta cutoff at depth 3, move 1/52, alpha=-4.900001, beta=-4.900001
[10:48:56.192] [DEBUG] [Move 16] MINIMAX: New best at depth 4, move=move, eval=1000000.000000
[10:48:56.192] [DEBUG] [Move 16] MINIMAX: Beta cutoff at depth 4, move 47/112, alpha=1000000.000000, beta=1000000.000000
[10:48:56.192] [DEBUG] [Move 16] MINIMAX: Root move 1: move eval=-1000000.000000
[10:48:56.192] [DEBUG] [Move 16] MINIMAX: Timeout at root level after 1/51 moves
[10:48:56.192] [DEBUG] [Move 16] MINIMAX: Root search complete - evaluated=1/51, cutoffs=0
[10:48:56.192] [DEBUG] [Move 16] MINIMAX: Depth 5 completed, nodes=10624, eval=-1000000.000000, move=move
[10:48:56.192] [DEBUG] [Move 16] MINIMAX: Time limit reached at depth 6
[10:48:56.192] [INFO] [Move 16] MINIMAX: Search complete - depth=4, nodes=28753, TT_size=220419, time=4.474000s
[10:48:56.193] [DEBUG] [Move 16] VALIDATION DEBUG: Generated 51 legal moves for validation
[10:48:56.193] [DEBUG] [Move 16] VALIDATION DEBUG: Minimax returned move: move (0,0) -> (0,1)
[10:48:56.193] [DEBUG] [Move 16] VALIDATION DEBUG: Legal move 1: move (0,0) -> (0,1)
[10:48:56.193] [DEBUG] [Move 16] VALIDATION DEBUG: Legal move 2: move (0,0) -> (1,0)
[10:48:56.193] [DEBUG] [Move 16] VALIDATION DEBUG: Legal move 3: flip (0,0) -> (0,0)
[10:48:56.193] [DEBUG] [Move 16] VALIDATION DEBUG: Legal move 4: flip (0,0) -> (0,0)
[10:48:56.193] [DEBUG] [Move 16] VALIDATION DEBUG: Legal move 5: move (4,3) -> (3,3)
[10:48:56.193] [DEBUG] [Move 16] VALIDATION DEBUG: Move found in legal moves - SUCCESS!
[10:48:56.193] [DECISION] [Move 16] FINAL DECISION: move (0,0) -> (0,1) | Reasoning: Minimax search
[10:48:56.193] [DECISION] [Move 16] === MOVE DECISION END ===
[10:48:56.230] [DECISION] [Move 17] === MOVE DECISION START === Player: square, Board: 13x12, Time: 4.46916s (vs 59.9393s)
[10:48:56.230] [DEBUG] [Move 17] MINIMAX: Starting search for square, time=4.469159s
[10:48:56.231] [DEBUG] [Move 17] MINIMAX: Found 52 legal moves at root
[10:48:56.231] [DEBUG] [Move 17] MINIMAX: Starting iterative deepening
[10:48:56.231] [DEBUG] [Move 17] MINIMAX: Searching at depth 1
[10:48:56.231] [DEBUG] [Move 17] MINIMAX: Root move 1: move eval=-4.900001
[10:48:56.231] [DEBUG] [Move 17] MINIMAX: Alpha improved at root: -1000000.000000 -> -4.900001
[10:48:56.231] [DEBUG] [Move 17] MINIMAX: Root move 2: move eval=-4.900001
[10:48:56.231] [DEBUG] [Move 17] MINIMAX: Root move 3: move eval=-4.900001
[10:48:56.231] [DEBUG] [Move 17] MINIMAX: Root move 4: flip eval=-4.900001
[10:48:56.231] [DEBUG] [Move 17] MINIMAX: Root move 5: flip eval=-4.900001
[10:48:56.231] [DEBUG] [Move 17] MINIMAX: Root move 6: move eval=-4.900001
[10:48:56.231] [DEBUG] [Move 17] MINIMAX: Root move 7: push eval=-4.900001
[10:48:56.231] [DEBUG] [Move 17] MINIMAX: Root move 8: flip eval=-4.900001
[10:48:56.231] [DEBUG] [Move 17] MINIMAX: Root move 9: flip eval=-4.900001
[10:48:56.231] [DEBUG] [Move 17] MINIMAX: Root move 10: push eval=-4.900001
[10:48:56.231] [DEBUG] [Move 17] MINIMAX: Root move 11: push eval=-4.900001
[10:48:56.231] [DEBUG] [Move 17] MINIMAX: Root move 12: push eval=-4.900001
[10:48:56.231] [DEBUG] [Move 17] MINIMAX: Root move 13: flip eval=-4.900001
[10:48:56.231] [DEBUG] [Move 17] MINIMAX: Root move 14: rotate eval=-4.900001
[10:48:56.231] [DEBUG] [Move 17] MINIMAX: Root move 15: push eval=-4.900001
[10:48:56.231] [DEBUG] [Move 17] MINIMAX: Root move 16: flip eval=-4.900001
[10:48:56.231] [DEBUG] [Move 17] MINIMAX: Root move 17: flip eval=-4.900001
[10:48:56.231] [DEBUG] [Move 17] MINIMAX: Root move 18: push eval=-4.900001
[10:48:56.231] [DEBUG] [Move 17] MINIMAX: Root move 19: push eval=-4.900001
[10:48:56.231] [DEBUG] [Move 17] MINIMAX: Root move 20: flip eval=-4.900001
[10:48:56.231] [DEBUG] [Move 17] MINIMAX: Root move 21: flip eval=-4.900001
[10:48:56.231] [DEBUG] [Move 17] MINIMAX: Root move 22: move eval=-4.900001
[10:48:56.231] [DEBUG] [Move 17] MINIMAX: Root move 23: move eval=-4.900001
[10:48:56.231] [DEBUG] [Move 17] MINIMAX: Root move 24: push eval=-4.900001
[10:48:56.231] [DEBUG] [Move 17] MINIMAX: Root move 25: flip eval=-4.900001
[10:48:56.231] [DEBUG] [Move 17] MINIMAX: Root move 26: flip eval=-4.900001
[10:48:56.231] [DEBUG] [Move 17] MINIMAX: Root move 27: move eval=-4.900001
[10:48:56.231] [DEBUG] [Move 17] MINIMAX: Root move 28: move eval=-4.900001
[10:48:56.232] [DEBUG] [Move 17] MINIMAX: Root move 29: move eval=-4.900001
[10:48:56.232] [DEBUG] [Move 17] MINIMAX: Root move 30: flip eval=-4.900001
[10:48:56.232] [DEBUG] [Move 17] MINIMAX: Root move 31: flip eval=-4.900001
[10:48:56.232] [DEBUG] [Move 17] MINIMAX: Root move 32: move eval=-4.900001
[10:48:56.232] [DEBUG] [Move 17] MINIMAX: Root move 33: push eval=-4.900001
[10:48:56.232] [DEBUG] [Move 17] MINIMAX: Root move 34: flip eval=-4.900001
[10:48:56.232] [DEBUG] [Move 17] MINIMAX: Root move 35: flip eval=-4.900001
[10:48:56.232] [DEBUG] [Move 17] MINIMAX: Root move 36: move eval=-4.900001
[10:48:56.232] [DEBUG] [Move 17] MINIMAX: Root move 37: move eval=-4.900001
[10:48:56.232] [DEBUG] [Move 17] MINIMAX: Root move 38: move eval=-4.900001
[10:48:56.232] [DEBUG] [Move 17] MINIMAX: Root move 39: flip eval=-4.900001
[10:48:56.232] [DEBUG] [Move 17] MINIMAX: Root move 40: flip eval=-4.900001
[10:48:56.232] [DEBUG] [Move 17] MINIMAX: Root move 41: move eval=-4.900001
[10:48:56.232] [DEBUG] [Move 17] MINIMAX: Root move 42: flip eval=-4.900001
[10:48:56.232] [DEBUG] [Move 17] MINIMAX: Root move 43: flip eval=-4.900001
[10:48:56.232] [DEBUG] [Move 17] MINIMAX: Root move 44: move eval=-4.900001
[10:48:56.232] [DEBUG] [Move 17] MINIMAX: Root move 45: push eval=-4.900001
[10:48:56.232] [DEBUG] [Move 17] MINIMAX: Root move 46: flip eval=-4.900001
[10:48:56.232] [DEBUG] [Move 17] MINIMAX: Root move 47: flip eval=-4.900001
[10:48:56.232] [DEBUG] [Move 17] MINIMAX: Root move 48: move eval=-4.900001
[10:48:56.232] [DEBUG] [Move 17] MINIMAX: Root move 49: move eval=-4.900001
[10:48:56.232] [DEBUG] [Move 17] MINIMAX: Root move 50: push eval=-4.900001
[10:48:56.232] [DEBUG] [Move 17] MINIMAX: Root move 51: flip eval=-4.900001
[10:48:56.232] [DEBUG] [Move 17] MINIMAX: Root move 52: flip eval=-4.900001
[10:48:56.232] [DEBUG] [Move 17] MINIMAX: Root search complete - evaluated=52/52, cutoffs=0
[10:48:56.232] [DEBUG] [Move 17] MINIMAX: Depth 1 completed, nodes=52, eval=-4.900001, move=move
[10:48:56.232] [DEBUG] [Move 17] MINIMAX: Searching at depth 2
[10:48:56.233] [DEBUG] [Move 17] MINIMAX: Root move 1: move eval=4.200000
[10:48:56.233] [DEBUG] [Move 17] MINIMAX: Alpha improved at root: -1000000.000000 -> 4.200000
[10:48:56.234] [DEBUG] [Move 17] MINIMAX: Root move 2: move eval=4.200000
[10:48:56.235] [DEBUG] [Move 17] MINIMAX: Root move 3: move eval=4.200000
[10:48:56.235] [DEBUG] [Move 17] MINIMAX: Root move 4: flip eval=4.200000
[10:48:56.236] [DEBUG] [Move 17] MINIMAX: Root move 5: flip eval=4.200000
[10:48:56.237] [DEBUG] [Move 17] MINIMAX: Root move 6: move eval=4.200000
[10:48:56.238] [DEBUG] [Move 17] MINIMAX: Root move 7: push eval=4.200000
[10:48:56.238] [DEBUG] [Move 17] MINIMAX: Root move 8: flip eval=4.200000
[10:48:56.239] [DEBUG] [Move 17] MINIMAX: Root move 9: flip eval=4.200000
[10:48:56.240] [DEBUG] [Move 17] MINIMAX: Root move 10: push eval=4.200000
[10:48:56.240] [DEBUG] [Move 17] MINIMAX: Root move 11: push eval=4.200000
[10:48:56.240] [DEBUG] [Move 17] MINIMAX: Root move 12: push eval=4.200000
[10:48:56.241] [DEBUG] [Move 17] MINIMAX: Root move 13: flip eval=4.200000
[10:48:56.241] [DEBUG] [Move 17] MINIMAX: Root move 14: rotate eval=4.200000
[10:48:56.242] [DEBUG] [Move 17] MINIMAX: Root move 15: push eval=4.200000
[10:48:56.243] [DEBUG] [Move 17] MINIMAX: Root move 16: flip eval=4.200000
[10:48:56.244] [DEBUG] [Move 17] MINIMAX: Root move 17: flip eval=4.200000
[10:48:56.245] [DEBUG] [Move 17] MINIMAX: Root move 18: push eval=4.200000
[10:48:56.245] [DEBUG] [Move 17] MINIMAX: Root move 19: push eval=4.200000
[10:48:56.246] [DEBUG] [Move 17] MINIMAX: Root move 20: flip eval=4.200000
[10:48:56.247] [DEBUG] [Move 17] MINIMAX: Root move 21: flip eval=4.200000
[10:48:56.248] [DEBUG] [Move 17] MINIMAX: Root move 22: move eval=4.200000
[10:48:56.249] [DEBUG] [Move 17] MINIMAX: Root move 23: move eval=4.200000
[10:48:56.250] [DEBUG] [Move 17] MINIMAX: Root move 24: push eval=4.200000
[10:48:56.250] [DEBUG] [Move 17] MINIMAX: Root move 25: flip eval=4.200000
[10:48:56.251] [DEBUG] [Move 17] MINIMAX: Root move 26: flip eval=4.200000
[10:48:56.252] [DEBUG] [Move 17] MINIMAX: Root move 27: move eval=4.200000
[10:48:56.253] [DEBUG] [Move 17] MINIMAX: Root move 28: move eval=4.200000
[10:48:56.253] [DEBUG] [Move 17] MINIMAX: Root move 29: move eval=4.200000
[10:48:56.254] [DEBUG] [Move 17] MINIMAX: Root move 30: flip eval=4.200000
[10:48:56.255] [DEBUG] [Move 17] MINIMAX: Root move 31: flip eval=4.200000
[10:48:56.256] [DEBUG] [Move 17] MINIMAX: Root move 32: move eval=4.200000
[10:48:56.256] [DEBUG] [Move 17] MINIMAX: Root move 33: push eval=4.200000
[10:48:56.257] [DEBUG] [Move 17] MINIMAX: Root move 34: flip eval=4.200000
[10:48:56.258] [DEBUG] [Move 17] MINIMAX: Root move 35: flip eval=4.200000
[10:48:56.259] [DEBUG] [Move 17] MINIMAX: Root move 36: move eval=4.200000
[10:48:56.259] [DEBUG] [Move 17] MINIMAX: Root move 37: move eval=4.200000
[10:48:56.260] [DEBUG] [Move 17] MINIMAX: Root move 38: move eval=4.200000
[10:48:56.261] [DEBUG] [Move 17] MINIMAX: Root move 39: flip eval=4.200000
[10:48:56.262] [DEBUG] [Move 17] MINIMAX: Root move 40: flip eval=4.200000
[10:48:56.262] [DEBUG] [Move 17] MINIMAX: Root move 41: move eval=4.200000
[10:48:56.263] [DEBUG] [Move 17] MINIMAX: Root move 42: flip eval=4.200000
[10:48:56.264] [DEBUG] [Move 17] MINIMAX: Root move 43: flip eval=4.200000
[10:48:56.265] [DEBUG] [Move 17] MINIMAX: Root move 44: move eval=4.200000
[10:48:56.266] [DEBUG] [Move 17] MINIMAX: Root move 45: push eval=4.200000
[10:48:56.266] [DEBUG] [Move 17] MINIMAX: Root move 46: flip eval=4.200000
[10:48:56.267] [DEBUG] [Move 17] MINIMAX: Root move 47: flip eval=4.200000
[10:48:56.268] [DEBUG] [Move 17] MINIMAX: Root move 48: move eval=4.200000
[10:48:56.269] [DEBUG] [Move 17] MINIMAX: Root move 49: move eval=4.200000
[10:48:56.269] [DEBUG] [Move 17] MINIMAX: Root move 50: push eval=4.200000
[10:48:56.270] [DEBUG] [Move 17] MINIMAX: Root move 51: flip eval=4.200000
[10:48:56.271] [DEBUG] [Move 17] MINIMAX: Root move 52: flip eval=4.200000
[10:48:56.271] [DEBUG] [Move 17] MINIMAX: Root search complete - evaluated=52/52, cutoffs=0
[10:48:56.271] [DEBUG] [Move 17] MINIMAX: Depth 2 completed, nodes=220, eval=4.200000, move=move
[10:48:56.271] [DEBUG] [Move 17] MINIMAX: Searching at depth 3
[10:48:56.273] [DEBUG] [Move 17] MINIMAX: Root move 1: move eval=-4.900001
[10:48:56.273] [DEBUG] [Move 17] MINIMAX: Alpha improved at root: -1000000.000000 -> -4.900001
[10:48:56.275] [DEBUG] [Move 17] MINIMAX: Root move 2: move eval=-4.900001
[10:48:56.277] [DEBUG] [Move 17] MINIMAX: Root move 3: move eval=-4.900001
[10:48:56.279] [DEBUG] [Move 17] MINIMAX: Root move 4: flip eval=-4.900001
[10:48:56.280] [DEBUG] [Move 17] MINIMAX: Root move 5: flip eval=-4.900001
[10:48:56.282] [DEBUG] [Move 17] MINIMAX: Root move 6: move eval=-4.900001
[10:48:56.284] [DEBUG] [Move 17] MINIMAX: Root move 7: push eval=-4.900001
[10:48:56.285] [DEBUG] [Move 17] MINIMAX: Root move 8: flip eval=-4.900001
[10:48:56.287] [DEBUG] [Move 17] MINIMAX: Root move 9: flip eval=-4.900001
[10:48:56.289] [DEBUG] [Move 17] MINIMAX: Root move 10: push eval=-4.900001
[10:48:56.289] [DEBUG] [Move 17] MINIMAX: Root move 11: push eval=-4.900001
[10:48:56.289] [DEBUG] [Move 17] MINIMAX: Root move 12: push eval=-4.900001
[10:48:56.291] [DEBUG] [Move 17] MINIMAX: Root move 13: flip eval=-4.900001
[10:48:56.293] [DEBUG] [Move 17] MINIMAX: Root move 14: rotate eval=-4.900001
[10:48:56.294] [DEBUG] [Move 17] MINIMAX: Root move 15: push eval=-4.900001
[10:48:56.296] [DEBUG] [Move 17] MINIMAX: Root move 16: flip eval=-4.900001
[10:48:56.298] [DEBUG] [Move 17] MINIMAX: Root move 17: flip eval=-4.900001
[10:48:56.299] [DEBUG] [Move 17] MINIMAX: Root move 18: push eval=-4.900001
[10:48:56.299] [DEBUG] [Move 17] MINIMAX: Root move 19: push eval=-4.900001
[10:48:56.301] [DEBUG] [Move 17] MINIMAX: Root move 20: flip eval=-4.900001
[10:48:56.303] [DEBUG] [Move 17] MINIMAX: Root move 21: flip eval=-4.900001
[10:48:56.304] [DEBUG] [Move 17] MINIMAX: Root move 22: move eval=-4.900001
[10:48:56.306] [DEBUG] [Move 17] MINIMAX: Root move 23: move eval=-4.900001
[10:48:56.308] [DEBUG] [Move 17] MINIMAX: Root move 24: push eval=-4.900001
[10:48:56.311] [DEBUG] [Move 17] MINIMAX: Root move 25: flip eval=-4.900001
[10:48:56.313] [DEBUG] [Move 17] MINIMAX: Root move 26: flip eval=-4.900001
[10:48:56.317] [DEBUG] [Move 17] MINIMAX: Root move 27: move eval=-4.900001
[10:48:56.320] [DEBUG] [Move 17] MINIMAX: Root move 28: move eval=-4.900001
[10:48:56.323] [DEBUG] [Move 17] MINIMAX: Root move 29: move eval=-4.900001
[10:48:56.325] [DEBUG] [Move 17] MINIMAX: Root move 30: flip eval=-4.900001
[10:48:56.327] [DEBUG] [Move 17] MINIMAX: Root move 31: flip eval=-4.900001
[10:48:56.329] [DEBUG] [Move 17] MINIMAX: Root move 32: move eval=-4.900001
[10:48:56.331] [DEBUG] [Move 17] MINIMAX: Root move 33: push eval=-4.900001
[10:48:56.333] [DEBUG] [Move 17] MINIMAX: Root move 34: flip eval=-4.900001
[10:48:56.335] [DEBUG] [Move 17] MINIMAX: Root move 35: flip eval=-4.900001
[10:48:56.338] [DEBUG] [Move 17] MINIMAX: Root move 36: move eval=-4.900001
[10:48:56.340] [DEBUG] [Move 17] MINIMAX: Root move 37: move eval=-4.900001
[10:48:56.343] [DEBUG] [Move 17] MINIMAX: Root move 38: move eval=-4.900001
[10:48:56.345] [DEBUG] [Move 17] MINIMAX: Root move 39: flip eval=-4.900001
[10:48:56.347] [DEBUG] [Move 17] MINIMAX: Root move 40: flip eval=-4.900001
[10:48:56.349] [DEBUG] [Move 17] MINIMAX: Root move 41: move eval=-4.900001
[10:48:56.351] [DEBUG] [Move 17] MINIMAX: Root move 42: flip eval=-4.900001
[10:48:56.353] [DEBUG] [Move 17] MINIMAX: Root move 43: flip eval=-4.900001
[10:48:56.354] [DEBUG] [Move 17] MINIMAX: Root move 44: move eval=-4.900001
[10:48:56.356] [DEBUG] [Move 17] MINIMAX: Root move 45: push eval=-4.900001
[10:48:56.359] [DEBUG] [Move 17] MINIMAX: Root move 46: flip eval=-4.900001
[10:48:56.362] [DEBUG] [Move 17] MINIMAX: Root move 47: flip eval=-4.900001
[10:48:56.365] [DEBUG] [Move 17] MINIMAX: Root move 48: move eval=-4.900001
[10:48:56.368] [DEBUG] [Move 17] MINIMAX: Root move 49: move eval=-4.900001
[10:48:56.370] [DEBUG] [Move 17] MINIMAX: Root move 50: push eval=-4.900001
[10:48:56.373] [DEBUG] [Move 17] MINIMAX: Root move 51: flip eval=-4.900001
[10:48:56.376] [DEBUG] [Move 17] MINIMAX: Root move 52: flip eval=-4.900001
[10:48:56.376] [DEBUG] [Move 17] MINIMAX: Root search complete - evaluated=52/52, cutoffs=0
[10:48:56.376] [DEBUG] [Move 17] MINIMAX: Depth 3 completed, nodes=3077, eval=-4.900001, move=move
[10:48:56.376] [DEBUG] [Move 17] MINIMAX: Searching at depth 4
[10:48:56.677] [DEBUG] [Move 17] MINIMAX: Root move 1: move eval=4.200000
[10:48:56.677] [DEBUG] [Move 17] MINIMAX: Alpha improved at root: -1000000.000000 -> 4.200000
[10:48:56.714] [DEBUG] [Move 17] MINIMAX: Beta cutoff at depth 3, move 1/120, alpha=-4.200000, beta=-4.200000
[10:48:56.714] [DEBUG] [Move 17] MINIMAX: Root move 2: move eval=4.200000
[10:48:56.756] [DEBUG] [Move 17] MINIMAX: Beta cutoff at depth 3, move 1/120, alpha=-4.200000, beta=-4.200000
[10:48:56.756] [DEBUG] [Move 17] MINIMAX: Root move 3: move eval=4.200000
[10:48:56.820] [DEBUG] [Move 17] MINIMAX: Beta cutoff at depth 3, move 1/120, alpha=-4.200000, beta=-4.200000
[10:48:56.820] [DEBUG] [Move 17] MINIMAX: Root move 4: flip eval=4.200000
[10:48:56.855] [DEBUG] [Move 17] MINIMAX: Beta cutoff at depth 3, move 1/120, alpha=-4.200000, beta=-4.200000
[10:48:56.856] [DEBUG] [Move 17] MINIMAX: Root move 5: flip eval=4.200000
[10:48:56.892] [DEBUG] [Move 17] MINIMAX: Beta cutoff at depth 3, move 1/120, alpha=-4.200000, beta=-4.200000
[10:48:56.893] [DEBUG] [Move 17] MINIMAX: Root move 6: move eval=4.200000
[10:48:56.923] [DEBUG] [Move 17] MINIMAX: Beta cutoff at depth 3, move 1/120, alpha=-4.200000, beta=-4.200000
[10:48:56.924] [DEBUG] [Move 17] MINIMAX: Root move 7: push eval=4.200000
[10:48:56.968] [DEBUG] [Move 17] MINIMAX: Beta cutoff at depth 3, move 1/120, alpha=-4.200000, beta=-4.200000
[10:48:56.968] [DEBUG] [Move 17] MINIMAX: Root move 8: flip eval=4.200000
[10:48:57.019] [DEBUG] [Move 17] MINIMAX: Beta cutoff at depth 3, move 1/120, alpha=-4.200000, beta=-4.200000
[10:48:57.019] [DEBUG] [Move 17] MINIMAX: Root move 9: flip eval=4.200000
[10:48:57.057] [DEBUG] [Move 17] MINIMAX: Beta cutoff at depth 3, move 1/140, alpha=-4.200000, beta=-4.200000
[10:48:57.057] [DEBUG] [Move 17] MINIMAX: Root move 10: push eval=4.200000
[10:48:57.057] [DEBUG] [Move 17] MINIMAX: TT HIT at depth 3, eval=-4.200000, move=move
[10:48:57.057] [DEBUG] [Move 17] MINIMAX: Root move 11: push eval=4.200000
[10:48:57.057] [DEBUG] [Move 17] MINIMAX: TT HIT at depth 3, eval=-4.200000, move=move
[10:48:57.057] [DEBUG] [Move 17] MINIMAX: Root move 12: push eval=4.200000
[10:48:57.084] [DEBUG] [Move 17] MINIMAX: Beta cutoff at depth 3, move 1/120, alpha=-4.200000, beta=-4.200000
[10:48:57.084] [DEBUG] [Move 17] MINIMAX: Root move 13: flip eval=4.200000
[10:48:57.114] [DEBUG] [Move 17] MINIMAX: Beta cutoff at depth 3, move 1/120, alpha=-4.200000, beta=-4.200000
[10:48:57.114] [DEBUG] [Move 17] MINIMAX: Root move 14: rotate eval=4.200000
[10:48:57.143] [DEBUG] [Move 17] MINIMAX: Beta cutoff at depth 3, move 1/120, alpha=-4.200000, beta=-4.200000
[10:48:57.143] [DEBUG] [Move 17] MINIMAX: Root move 15: push eval=4.200000
[10:48:57.170] [DEBUG] [Move 17] MINIMAX: Beta cutoff at depth 3, move 1/120, alpha=-4.200000, beta=-4.200000
[10:48:57.171] [DEBUG] [Move 17] MINIMAX: Root move 16: flip eval=4.200000
[10:48:57.200] [DEBUG] [Move 17] MINIMAX: Beta cutoff at depth 3, move 1/120, alpha=-4.200000, beta=-4.200000
[10:48:57.200] [DEBUG] [Move 17] MINIMAX: Root move 17: flip eval=4.200000
[10:48:57.237] [DEBUG] [Move 17] MINIMAX: Beta cutoff at depth 3, move 1/120, alpha=-4.200000, beta=-4.200000
[10:48:57.237] [DEBUG] [Move 17] MINIMAX: Root move 18: push eval=4.200000
[10:48:57.237] [DEBUG] [Move 17] MINIMAX: TT HIT at depth 3, eval=-4.200000, move=move
[10:48:57.237] [DEBUG] [Move 17] MINIMAX: Root move 19: push eval=4.200000
[10:48:57.263] [DEBUG] [Move 17] MINIMAX: Beta cutoff at depth 3, move 1/120, alpha=-4.200000, beta=-4.200000
[10:48:57.263] [DEBUG] [Move 17] MINIMAX: Root move 20: flip eval=4.200000
[10:48:57.293] [DEBUG] [Move 17] MINIMAX: Beta cutoff at depth 3, move 1/120, alpha=-4.200000, beta=-4.200000
[10:48:57.293] [DEBUG] [Move 17] MINIMAX: Root move 21: flip eval=4.200000
[10:48:57.316] [DEBUG] [Move 17] MINIMAX: Beta cutoff at depth 3, move 1/120, alpha=-4.200000, beta=-4.200000
[10:48:57.316] [DEBUG] [Move 17] MINIMAX: Root move 22: move eval=4.200000
[10:48:57.341] [DEBUG] [Move 17] MINIMAX: Beta cutoff at depth 3, move 1/120, alpha=-4.200000, beta=-4.200000
[10:48:57.341] [DEBUG] [Move 17] MINIMAX: Root move 23: move eval=4.200000
[10:48:57.362] [DEBUG] [Move 17] MINIMAX: Beta cutoff at depth 3, move 1/120, alpha=-4.200000, beta=-4.200000
[10:48:57.362] [DEBUG] [Move 17] MINIMAX: Root move 24: push eval=4.200000
[10:48:57.390] [DEBUG] [Move 17] MINIMAX: Beta cutoff at depth 3, move 1/120, alpha=-4.200000, beta=-4.200000
[10:48:57.390] [DEBUG] [Move 17] MINIMAX: Root move 25: flip eval=4.200000
[10:48:57.427] [DEBUG] [Move 17] MINIMAX: Beta cutoff at depth 3, move 1/120, alpha=-4.200000, beta=-4.200000
[10:48:57.427] [DEBUG] [Move 17] MINIMAX: Root move 26: flip eval=4.200000
[10:48:57.448] [DEBUG] [Move 17] MINIMAX: Beta cutoff at depth 3, move 1/125, alpha=-4.200000, beta=-4.200000
[10:48:57.448] [DEBUG] [Move 17] MINIMAX: Root move 27: move eval=4.200000
[10:48:57.468] [DEBUG] [Move 17] MINIMAX: Beta cutoff at depth 3, move 1/121, alpha=-4.200000, beta=-4.200000
[10:48:57.468] [DEBUG] [Move 17] MINIMAX: Root move 28: move eval=4.200000
[10:48:57.489] [DEBUG] [Move 17] MINIMAX: Beta cutoff at depth 3, move 1/119, alpha=-4.200000, beta=-4.200000
[10:48:57.489] [DEBUG] [Move 17] MINIMAX: Root move 29: move eval=4.200000
[10:48:57.513] [DEBUG] [Move 17] MINIMAX: Beta cutoff at depth 3, move 1/123, alpha=-4.200000, beta=-4.200000
[10:48:57.513] [DEBUG] [Move 17] MINIMAX: Root move 30: flip eval=4.200000
[10:48:57.540] [DEBUG] [Move 17] MINIMAX: Beta cutoff at depth 3, move 1/124, alpha=-4.200000, beta=-4.200000
[10:48:57.540] [DEBUG] [Move 17] MINIMAX: Root move 31: flip eval=4.200000
[10:48:57.560] [DEBUG] [Move 17] MINIMAX: Beta cutoff at depth 3, move 1/115, alpha=-4.200000, beta=-4.200000
[10:48:57.560] [DEBUG] [Move 17] MINIMAX: Root move 32: move eval=4.200000
[10:48:57.580] [DEBUG] [Move 17] MINIMAX: Beta cutoff at depth 3, move 1/125, alpha=-4.200000, beta=-4.200000
[10:48:57.580] [DEBUG] [Move 17] MINIMAX: Root move 33: push eval=4.200000
[10:48:57.597] [DEBUG] [Move 17] MINIMAX: Beta cutoff at depth 3, move 1/120, alpha=-4.200000, beta=-4.200000
[10:48:57.597] [DEBUG] [Move 17] MINIMAX: Root move 34: flip eval=4.200000
[10:48:57.634] [DEBUG] [Move 17] MINIMAX: Beta cutoff at depth 3, move 1/120, alpha=-4.200000, beta=-4.200000
[10:48:57.634] [DEBUG] [Move 17] MINIMAX: Root move 35: flip eval=4.200000
[10:48:57.653] [DEBUG] [Move 17] MINIMAX: Beta cutoff at depth 3, move 1/115, alpha=-4.200000, beta=-4.200000
[10:48:57.653] [DEBUG] [Move 17] MINIMAX: Root move 36: move eval=4.200000
[10:48:57.678] [DEBUG] [Move 17] MINIMAX: Beta cutoff at depth 3, move 1/110, alpha=-4.200000, beta=-4.200000
[10:48:57.678] [DEBUG] [Move 17] MINIMAX: Root move 37: move eval=4.200000
[10:48:57.709] [DEBUG] [Move 17] MINIMAX: Beta cutoff at depth 3, move 1/107, alpha=-4.200000, beta=-4.200000
[10:48:57.709] [DEBUG] [Move 17] MINIMAX: Root move 38: move eval=4.200000
[10:48:57.723] [DEBUG] [Move 17] MINIMAX: Beta cutoff at depth 3, move 1/120, alpha=-4.200000, beta=-4.200000
[10:48:57.723] [DEBUG] [Move 17] MINIMAX: Root move 39: flip eval=4.200000
[10:48:57.752] [DEBUG] [Move 17] MINIMAX: Beta cutoff at depth 3, move 1/135, alpha=-4.200000, beta=-4.200000
[10:48:57.752] [DEBUG] [Move 17] MINIMAX: Root move 40: flip eval=4.200000
[10:48:57.768] [DEBUG] [Move 17] MINIMAX: Beta cutoff at depth 3, move 1/114, alpha=-4.200000, beta=-4.200000
[10:48:57.768] [DEBUG] [Move 17] MINIMAX: Root move 41: move eval=4.200000
[10:48:57.778] [DEBUG] [Move 17] MINIMAX: Beta cutoff at depth 3, move 1/120, alpha=-4.200000, beta=-4.200000
[10:48:57.778] [DEBUG] [Move 17] MINIMAX: Root move 42: flip eval=4.200000
[10:48:57.798] [DEBUG] [Move 17] MINIMAX: Beta cutoff at depth 3, move 1/120, alpha=-4.200000, beta=-4.200000
[10:48:57.798] [DEBUG] [Move 17] MINIMAX: Root move 43: flip eval=4.200000
[10:48:57.810] [DEBUG] [Move 17] MINIMAX: Beta cutoff at depth 3, move 1/120, alpha=-4.200000, beta=-4.200000
[10:48:57.810] [DEBUG] [Move 17] MINIMAX: Root move 44: move eval=4.200000
[10:48:57.816] [DEBUG] [Move 17] MINIMAX: Beta cutoff at depth 3, move 1/120, alpha=-4.200000, beta=-4.200000
[10:48:57.816] [DEBUG] [Move 17] MINIMAX: Root move 45: push eval=4.200000
[10:48:57.823] [DEBUG] [Move 17] MINIMAX: Beta cutoff at depth 3, move 1/120, alpha=-4.200000, beta=-4.200000
[10:48:57.823] [DEBUG] [Move 17] MINIMAX: Root move 46: flip eval=4.200000
[10:48:57.847] [DEBUG] [Move 17] MINIMAX: Beta cutoff at depth 3, move 1/120, alpha=-4.200000, beta=-4.200000
[10:48:57.847] [DEBUG] [Move 17] MINIMAX: Root move 47: flip eval=4.200000
[10:48:57.853] [DEBUG] [Move 17] MINIMAX: Beta cutoff at depth 3, move 1/115, alpha=-4.200000, beta=-4.200000
[10:48:57.853] [DEBUG] [Move 17] MINIMAX: Root move 48: move eval=4.200000
[10:48:57.859] [DEBUG] [Move 17] MINIMAX: Beta cutoff at depth 3, move 1/125, alpha=-4.200000, beta=-4.200000
[10:48:57.859] [DEBUG] [Move 17] MINIMAX: Root move 49: move eval=4.200000
[10:48:57.867] [DEBUG] [Move 17] MINIMAX: Beta cutoff at depth 3, move 1/125, alpha=-4.200000, beta=-4.200000
[10:48:57.867] [DEBUG] [Move 17] MINIMAX: Root move 50: push eval=4.200000
[10:48:57.876] [DEBUG] [Move 17] MINIMAX: Beta cutoff at depth 3, move 1/135, alpha=-4.200000, beta=-4.200000
[10:48:57.876] [DEBUG] [Move 17] MINIMAX: Root move 51: flip eval=4.200000
[10:48:57.890] [DEBUG] [Move 17] MINIMAX: Beta cutoff at depth 3, move 1/120, alpha=-4.200000, beta=-4.200000
[10:48:57.890] [DEBUG] [Move 17] MINIMAX: Root move 52: flip eval=4.200000
[10:48:57.891] [DEBUG] [Move 17] MINIMAX: Root search complete - evaluated=52/52, cutoffs=0
[10:48:57.891] [DEBUG] [Move 17] MINIMAX: Depth 4 completed, nodes=17310, eval=4.200000, move=move
[10:48:57.891] [DEBUG] [Move 17] MINIMAX: Searching at depth 5
[10:48:58.079] [DEBUG] [Move 17] MINIMAX: New best at depth 4, move=move, eval=4.900001
[10:48:58.154] [DEBUG] [Move 17] MINIMAX: Beta cutoff at depth 3, move 1/51, alpha=-4.900001, beta=-4.900001
[10:48:58.238] [DEBUG] [Move 17] MINIMAX: Beta cutoff at depth 3, move 1/51, alpha=-4.900001, beta=-4.900001
[10:48:58.318] [DEBUG] [Move 17] MINIMAX: Beta cutoff at depth 3, move 1/54, alpha=-4.900001, beta=-4.900001
[10:48:58.384] [DEBUG] [Move 17] MINIMAX: Beta cutoff at depth 3, move 1/51, alpha=-4.900001, beta=-4.900001
[10:48:58.449] [DEBUG] [Move 17] MINIMAX: Beta cutoff at depth 3, move 1/51, alpha=-4.900001, beta=-4.900001
[10:48:58.466] [DEBUG] [Move 17] MINIMAX: New best at depth 4, move=flip, eval=1000000.000000
[10:48:58.466] [DEBUG] [Move 17] MINIMAX: Beta cutoff at depth 4, move 7/120, alpha=1000000.000000, beta=1000000.000000
[10:48:58.467] [DEBUG] [Move 17] MINIMAX: Root move 1: move eval=-1000000.000000
[10:48:58.467] [DEBUG] [Move 17] MINIMAX: Timeout at root level after 1/52 moves
[10:48:58.467] [DEBUG] [Move 17] MINIMAX: Root search complete - evaluated=1/52, cutoffs=0
[10:48:58.467] [DEBUG] [Move 17] MINIMAX: Depth 5 completed, nodes=4148, eval=-1000000.000000, move=move
[10:48:58.467] [DEBUG] [Move 17] MINIMAX: Time limit reached at depth 6
[10:48:58.467] [INFO] [Move 17] MINIMAX: Search complete - depth=4, nodes=24807, TT_size=231701, time=2.236000s
[10:48:58.468] [DEBUG] [Move 17] VALIDATION DEBUG: Generated 52 legal moves for validation
[10:48:58.468] [DEBUG] [Move 17] VALIDATION DEBUG: Minimax returned move: move (0,1) -> (0,0)
[10:48:58.468] [DEBUG] [Move 17] VALIDATION DEBUG: Legal move 1: move (0,1) -> (0,0)
[10:48:58.468] [DEBUG] [Move 17] VALIDATION DEBUG: Legal move 2: move (0,1) -> (0,2)
[10:48:58.468] [DEBUG] [Move 17] VALIDATION DEBUG: Legal move 3: move (0,1) -> (1,1)
[10:48:58.468] [DEBUG] [Move 17] VALIDATION DEBUG: Legal move 4: flip (0,1) -> (0,1)
[10:48:58.468] [DEBUG] [Move 17] VALIDATION DEBUG: Legal move 5: flip (0,1) -> (0,1)
[10:48:58.468] [DEBUG] [Move 17] VALIDATION DEBUG: Move found in legal moves - SUCCESS!
[10:48:58.468] [DECISION] [Move 17] FINAL DECISION: move (0,1) -> (0,0) | Reasoning: Minimax search
[10:48:58.468] [DECISION] [Move 17] === MOVE DECISION END ===
[10:48:58.505] [DECISION] [Move 18] === MOVE DECISION START === Player: square, Board: 13x12, Time: 2.23104s (vs 59.9355s)
[10:48:58.505] [DEBUG] [Move 18] MINIMAX: Starting search for square, time=2.231041s
[10:48:58.506] [DEBUG] [Move 18] MINIMAX: Found 51 legal moves at root
[10:48:58.506] [DEBUG] [Move 18] MINIMAX: Starting iterative deepening
[10:48:58.507] [DEBUG] [Move 18] MINIMAX: Searching at depth 1
[10:48:58.507] [DEBUG] [Move 18] MINIMAX: Root move 1: move eval=-4.900001
[10:48:58.507] [DEBUG] [Move 18] MINIMAX: Alpha improved at root: -1000000.000000 -> -4.900001
[10:48:58.507] [DEBUG] [Move 18] MINIMAX: Root move 2: move eval=-4.900001
[10:48:58.507] [DEBUG] [Move 18] MINIMAX: Root move 3: flip eval=-4.900001
[10:48:58.507] [DEBUG] [Move 18] MINIMAX: Root move 4: flip eval=-4.900001
[10:48:58.507] [DEBUG] [Move 18] MINIMAX: Root move 5: move eval=-4.900001
[10:48:58.507] [DEBUG] [Move 18] MINIMAX: Root move 6: push eval=-4.900001
[10:48:58.507] [DEBUG] [Move 18] MINIMAX: Root move 7: flip eval=-4.900001
[10:48:58.507] [DEBUG] [Move 18] MINIMAX: Root move 8: flip eval=-4.900001
[10:48:58.507] [DEBUG] [Move 18] MINIMAX: Root move 9: push eval=-4.900001
[10:48:58.507] [DEBUG] [Move 18] MINIMAX: Root move 10: push eval=-4.900001
[10:48:58.507] [DEBUG] [Move 18] MINIMAX: Root move 11: push eval=-4.900001
[10:48:58.507] [DEBUG] [Move 18] MINIMAX: Root move 12: flip eval=-4.900001
[10:48:58.507] [DEBUG] [Move 18] MINIMAX: Root move 13: rotate eval=-4.900001
[10:48:58.507] [DEBUG] [Move 18] MINIMAX: Root move 14: push eval=-4.900001
[10:48:58.507] [DEBUG] [Move 18] MINIMAX: Root move 15: flip eval=-4.900001
[10:48:58.507] [DEBUG] [Move 18] MINIMAX: Root move 16: flip eval=-4.900001
[10:48:58.507] [DEBUG] [Move 18] MINIMAX: Root move 17: push eval=-4.900001
[10:48:58.507] [DEBUG] [Move 18] MINIMAX: Root move 18: push eval=-4.900001
[10:48:58.507] [DEBUG] [Move 18] MINIMAX: Root move 19: flip eval=-4.900001
[10:48:58.507] [DEBUG] [Move 18] MINIMAX: Root move 20: flip eval=-4.900001
[10:48:58.507] [DEBUG] [Move 18] MINIMAX: Root move 21: move eval=-4.900001
[10:48:58.507] [DEBUG] [Move 18] MINIMAX: Root move 22: move eval=-4.900001
[10:48:58.507] [DEBUG] [Move 18] MINIMAX: Root move 23: push eval=-4.900001
[10:48:58.507] [DEBUG] [Move 18] MINIMAX: Root move 24: flip eval=-4.900001
[10:48:58.507] [DEBUG] [Move 18] MINIMAX: Root move 25: flip eval=-4.900001
[10:48:58.507] [DEBUG] [Move 18] MINIMAX: Root move 26: move eval=-4.900001
[10:48:58.507] [DEBUG] [Move 18] MINIMAX: Root move 27: move eval=-4.900001
[10:48:58.507] [DEBUG] [Move 18] MINIMAX: Root move 28: move eval=-4.900001
[10:48:58.507] [DEBUG] [Move 18] MINIMAX: Root move 29: flip eval=-4.900001
[10:48:58.507] [DEBUG] [Move 18] MINIMAX: Root move 30: flip eval=-4.900001
[10:48:58.507] [DEBUG] [Move 18] MINIMAX: Root move 31: move eval=-4.900001
[10:48:58.507] [DEBUG] [Move 18] MINIMAX: Root move 32: push eval=-4.900001
[10:48:58.507] [DEBUG] [Move 18] MINIMAX: Root move 33: flip eval=-4.900001
[10:48:58.507] [DEBUG] [Move 18] MINIMAX: Root move 34: flip eval=-4.900001
[10:48:58.507] [DEBUG] [Move 18] MINIMAX: Root move 35: move eval=-4.900001
[10:48:58.507] [DEBUG] [Move 18] MINIMAX: Root move 36: move eval=-4.900001
[10:48:58.507] [DEBUG] [Move 18] MINIMAX: Root move 37: move eval=-4.900001
[10:48:58.507] [DEBUG] [Move 18] MINIMAX: Root move 38: flip eval=-4.900001
[10:48:58.507] [DEBUG] [Move 18] MINIMAX: Root move 39: flip eval=-4.900001
[10:48:58.507] [DEBUG] [Move 18] MINIMAX: Root move 40: move eval=-4.900001
[10:48:58.507] [DEBUG] [Move 18] MINIMAX: Root move 41: flip eval=-4.900001
[10:48:58.507] [DEBUG] [Move 18] MINIMAX: Root move 42: flip eval=-4.900001
[10:48:58.507] [DEBUG] [Move 18] MINIMAX: Root move 43: move eval=-4.900001
[10:48:58.507] [DEBUG] [Move 18] MINIMAX: Root move 44: push eval=-4.900001
[10:48:58.507] [DEBUG] [Move 18] MINIMAX: Root move 45: flip eval=-4.900001
[10:48:58.507] [DEBUG] [Move 18] MINIMAX: Root move 46: flip eval=-4.900001
[10:48:58.507] [DEBUG] [Move 18] MINIMAX: Root move 47: move eval=-4.900001
[10:48:58.507] [DEBUG] [Move 18] MINIMAX: Root move 48: move eval=-4.900001
[10:48:58.507] [DEBUG] [Move 18] MINIMAX: Root move 49: push eval=-4.900001
[10:48:58.507] [DEBUG] [Move 18] MINIMAX: Root move 50: flip eval=-4.900001
[10:48:58.507] [DEBUG] [Move 18] MINIMAX: Root move 51: flip eval=-4.900001
[10:48:58.507] [DEBUG] [Move 18] MINIMAX: Root search complete - evaluated=51/51, cutoffs=0
[10:48:58.507] [DEBUG] [Move 18] MINIMAX: Depth 1 completed, nodes=51, eval=-4.900001, move=move
[10:48:58.507] [DEBUG] [Move 18] MINIMAX: Searching at depth 2
[10:48:58.509] [DEBUG] [Move 18] MINIMAX: Root move 1: move eval=4.200000
[10:48:58.509] [DEBUG] [Move 18] MINIMAX: Alpha improved at root: -1000000.000000 -> 4.200000
[10:48:58.510] [DEBUG] [Move 18] MINIMAX: Root move 2: move eval=4.200000
[10:48:58.512] [DEBUG] [Move 18] MINIMAX: Root move 3: flip eval=4.200000
[10:48:58.513] [DEBUG] [Move 18] MINIMAX: Root move 4: flip eval=4.200000
[10:48:58.514] [DEBUG] [Move 18] MINIMAX: Root move 5: move eval=4.200000
[10:48:58.515] [DEBUG] [Move 18] MINIMAX: Root move 6: push eval=4.200000
[10:48:58.517] [DEBUG] [Move 18] MINIMAX: Root move 7: flip eval=4.200000
[10:48:58.518] [DEBUG] [Move 18] MINIMAX: Root move 8: flip eval=4.200000
[10:48:58.519] [DEBUG] [Move 18] MINIMAX: Root move 9: push eval=4.200000
[10:48:58.519] [DEBUG] [Move 18] MINIMAX: Root move 10: push eval=4.200000
[10:48:58.519] [DEBUG] [Move 18] MINIMAX: Root move 11: push eval=4.200000
[10:48:58.520] [DEBUG] [Move 18] MINIMAX: Root move 12: flip eval=4.200000
[10:48:58.521] [DEBUG] [Move 18] MINIMAX: Root move 13: rotate eval=4.200000
[10:48:58.522] [DEBUG] [Move 18] MINIMAX: Root move 14: push eval=4.200000
[10:48:58.523] [DEBUG] [Move 18] MINIMAX: Root move 15: flip eval=4.200000
[10:48:58.525] [DEBUG] [Move 18] MINIMAX: Root move 16: flip eval=4.200000
[10:48:58.526] [DEBUG] [Move 18] MINIMAX: Root move 17: push eval=4.200000
[10:48:58.526] [DEBUG] [Move 18] MINIMAX: Root move 18: push eval=4.200000
[10:48:58.527] [DEBUG] [Move 18] MINIMAX: Root move 19: flip eval=4.200000
[10:48:58.528] [DEBUG] [Move 18] MINIMAX: Root move 20: flip eval=4.200000
[10:48:58.529] [DEBUG] [Move 18] MINIMAX: Root move 21: move eval=4.200000
[10:48:58.530] [DEBUG] [Move 18] MINIMAX: Root move 22: move eval=4.200000
[10:48:58.531] [DEBUG] [Move 18] MINIMAX: Root move 23: push eval=4.200000
[10:48:58.532] [DEBUG] [Move 18] MINIMAX: Root move 24: flip eval=4.200000
[10:48:58.533] [DEBUG] [Move 18] MINIMAX: Root move 25: flip eval=4.200000
[10:48:58.534] [DEBUG] [Move 18] MINIMAX: Root move 26: move eval=4.200000
[10:48:58.535] [DEBUG] [Move 18] MINIMAX: Root move 27: move eval=4.200000
[10:48:58.535] [DEBUG] [Move 18] MINIMAX: Root move 28: move eval=4.200000
[10:48:58.536] [DEBUG] [Move 18] MINIMAX: Root move 29: flip eval=4.200000
[10:48:58.537] [DEBUG] [Move 18] MINIMAX: Root move 30: flip eval=4.200000
[10:48:58.538] [DEBUG] [Move 18] MINIMAX: Root move 31: move eval=4.200000
[10:48:58.538] [DEBUG] [Move 18] MINIMAX: Root move 32: push eval=4.200000
[10:48:58.539] [DEBUG] [Move 18] MINIMAX: Root move 33: flip eval=4.200000
[10:48:58.540] [DEBUG] [Move 18] MINIMAX: Root move 34: flip eval=4.200000
[10:48:58.541] [DEBUG] [Move 18] MINIMAX: Root move 35: move eval=4.200000
[10:48:58.541] [DEBUG] [Move 18] MINIMAX: Root move 36: move eval=4.200000
[10:48:58.542] [DEBUG] [Move 18] MINIMAX: Root move 37: move eval=4.200000
[10:48:58.543] [DEBUG] [Move 18] MINIMAX: Root move 38: flip eval=4.200000
[10:48:58.544] [DEBUG] [Move 18] MINIMAX: Root move 39: flip eval=4.200000
[10:48:58.544] [DEBUG] [Move 18] MINIMAX: Root move 40: move eval=4.200000
[10:48:58.545] [DEBUG] [Move 18] MINIMAX: Root move 41: flip eval=4.200000
[10:48:58.546] [DEBUG] [Move 18] MINIMAX: Root move 42: flip eval=4.200000
[10:48:58.547] [DEBUG] [Move 18] MINIMAX: Root move 43: move eval=4.200000
[10:48:58.547] [DEBUG] [Move 18] MINIMAX: Root move 44: push eval=4.200000
[10:48:58.548] [DEBUG] [Move 18] MINIMAX: Root move 45: flip eval=4.200000
[10:48:58.549] [DEBUG] [Move 18] MINIMAX: Root move 46: flip eval=4.200000
[10:48:58.550] [DEBUG] [Move 18] MINIMAX: Root move 47: move eval=4.200000
[10:48:58.550] [DEBUG] [Move 18] MINIMAX: Root move 48: move eval=4.200000
[10:48:58.551] [DEBUG] [Move 18] MINIMAX: Root move 49: push eval=4.200000
[10:48:58.552] [DEBUG] [Move 18] MINIMAX: Root move 50: flip eval=4.200000
[10:48:58.553] [DEBUG] [Move 18] MINIMAX: Root move 51: flip eval=4.200000
[10:48:58.553] [DEBUG] [Move 18] MINIMAX: Root search complete - evaluated=51/51, cutoffs=0
[10:48:58.553] [DEBUG] [Move 18] MINIMAX: Depth 2 completed, nodes=215, eval=4.200000, move=move
[10:48:58.553] [DEBUG] [Move 18] MINIMAX: Searching at depth 3
[10:48:58.634] [DEBUG] [Move 18] MINIMAX: Root move 1: move eval=-4.900001
[10:48:58.634] [DEBUG] [Move 18] MINIMAX: Alpha improved at root: -1000000.000000 -> -4.900001
[10:48:58.637] [DEBUG] [Move 18] MINIMAX: Root move 2: move eval=-4.900001
[10:48:58.640] [DEBUG] [Move 18] MINIMAX: Root move 3: flip eval=-4.900001
[10:48:58.642] [DEBUG] [Move 18] MINIMAX: Root move 4: flip eval=-4.900001
[10:48:58.645] [DEBUG] [Move 18] MINIMAX: Root move 5: move eval=-4.900001
[10:48:58.647] [DEBUG] [Move 18] MINIMAX: Root move 6: push eval=-4.900001
[10:48:58.649] [DEBUG] [Move 18] MINIMAX: Root move 7: flip eval=-4.900001
[10:48:58.651] [DEBUG] [Move 18] MINIMAX: Root move 8: flip eval=-4.900001
[10:48:58.654] [DEBUG] [Move 18] MINIMAX: Root move 9: push eval=-4.900001
[10:48:58.654] [DEBUG] [Move 18] MINIMAX: Root move 10: push eval=-4.900001
[10:48:58.654] [DEBUG] [Move 18] MINIMAX: Root move 11: push eval=-4.900001
[10:48:58.657] [DEBUG] [Move 18] MINIMAX: Root move 12: flip eval=-4.900001
[10:48:58.660] [DEBUG] [Move 18] MINIMAX: Root move 13: rotate eval=-4.900001
[10:48:58.662] [DEBUG] [Move 18] MINIMAX: Root move 14: push eval=-4.900001
[10:48:58.664] [DEBUG] [Move 18] MINIMAX: Root move 15: flip eval=-4.900001
[10:48:58.665] [DEBUG] [Move 18] MINIMAX: Root move 16: flip eval=-4.900001
[10:48:58.667] [DEBUG] [Move 18] MINIMAX: Root move 17: push eval=-4.900001
[10:48:58.668] [DEBUG] [Move 18] MINIMAX: Root move 18: push eval=-4.900001
[10:48:58.669] [DEBUG] [Move 18] MINIMAX: Root move 19: flip eval=-4.900001
[10:48:58.671] [DEBUG] [Move 18] MINIMAX: Root move 20: flip eval=-4.900001
[10:48:58.673] [DEBUG] [Move 18] MINIMAX: Root move 21: move eval=-4.900001
[10:48:58.675] [DEBUG] [Move 18] MINIMAX: Root move 22: move eval=-4.900001
[10:48:58.678] [DEBUG] [Move 18] MINIMAX: Root move 23: push eval=-4.900001
[10:48:58.680] [DEBUG] [Move 18] MINIMAX: Root move 24: flip eval=-4.900001
[10:48:58.683] [DEBUG] [Move 18] MINIMAX: Root move 25: flip eval=-4.900001
[10:48:58.686] [DEBUG] [Move 18] MINIMAX: Root move 26: move eval=-4.900001
[10:48:58.689] [DEBUG] [Move 18] MINIMAX: Root move 27: move eval=-4.900001
[10:48:58.692] [DEBUG] [Move 18] MINIMAX: Root move 28: move eval=-4.900001
[10:48:58.694] [DEBUG] [Move 18] MINIMAX: Root move 29: flip eval=-4.900001
[10:48:58.696] [DEBUG] [Move 18] MINIMAX: Root move 30: flip eval=-4.900001
[10:48:58.699] [DEBUG] [Move 18] MINIMAX: Root move 31: move eval=-4.900001
[10:48:58.701] [DEBUG] [Move 18] MINIMAX: Root move 32: push eval=-4.900001
[10:48:58.704] [DEBUG] [Move 18] MINIMAX: Root move 33: flip eval=-4.900001
[10:48:58.706] [DEBUG] [Move 18] MINIMAX: Root move 34: flip eval=-4.900001
[10:48:58.709] [DEBUG] [Move 18] MINIMAX: Root move 35: move eval=-4.900001
[10:48:58.711] [DEBUG] [Move 18] MINIMAX: Root move 36: move eval=-4.900001
[10:48:58.713] [DEBUG] [Move 18] MINIMAX: Root move 37: move eval=-4.900001
[10:48:58.714] [DEBUG] [Move 18] MINIMAX: Root move 38: flip eval=-4.900001
[10:48:58.716] [DEBUG] [Move 18] MINIMAX: Root move 39: flip eval=-4.900001
[10:48:58.718] [DEBUG] [Move 18] MINIMAX: Root move 40: move eval=-4.900001
[10:48:58.720] [DEBUG] [Move 18] MINIMAX: Root move 41: flip eval=-4.900001
[10:48:58.721] [DEBUG] [Move 18] MINIMAX: Root move 42: flip eval=-4.900001
[10:48:58.723] [DEBUG] [Move 18] MINIMAX: Root move 43: move eval=-4.900001
[10:48:58.725] [DEBUG] [Move 18] MINIMAX: Root move 44: push eval=-4.900001
[10:48:58.726] [DEBUG] [Move 18] MINIMAX: Root move 45: flip eval=-4.900001
[10:48:58.728] [DEBUG] [Move 18] MINIMAX: Root move 46: flip eval=-4.900001
[10:48:58.730] [DEBUG] [Move 18] MINIMAX: Root move 47: move eval=-4.900001
[10:48:58.732] [DEBUG] [Move 18] MINIMAX: Root move 48: move eval=-4.900001
[10:48:58.733] [DEBUG] [Move 18] MINIMAX: Root move 49: push eval=-4.900001
[10:48:58.735] [DEBUG] [Move 18] MINIMAX: Root move 50: flip eval=-4.900001
[10:48:58.737] [DEBUG] [Move 18] MINIMAX: Root move 51: flip eval=-4.900001
[10:48:58.737] [DEBUG] [Move 18] MINIMAX: Root search complete - evaluated=51/51, cutoffs=0
[10:48:58.737] [DEBUG] [Move 18] MINIMAX: Depth 3 completed, nodes=3032, eval=-4.900001, move=move
[10:48:58.737] [DEBUG] [Move 18] MINIMAX: Searching at depth 4
[10:48:58.738] [DEBUG] [Move 18] MINIMAX: Beta cutoff at depth 3, move 1/117, alpha=1000000.000000, beta=1000000.000000
[10:48:58.738] [DEBUG] [Move 18] MINIMAX: Root move 1: move eval=-1000000.000000
[10:48:58.738] [DEBUG] [Move 18] MINIMAX: Timeout at root level after 1/51 moves
[10:48:58.738] [DEBUG] [Move 18] MINIMAX: Root search complete - evaluated=1/51, cutoffs=0
[10:48:58.738] [DEBUG] [Move 18] MINIMAX: Depth 4 completed, nodes=2, eval=-1000000.000000, move=move
[10:48:58.738] [DEBUG] [Move 18] MINIMAX: Time limit reached at depth 5
[10:48:58.738] [INFO] [Move 18] MINIMAX: Search complete - depth=3, nodes=3300, TT_size=233236, time=0.232000s
[10:48:58.739] [DEBUG] [Move 18] VALIDATION DEBUG: Generated 51 legal moves for validation
[10:48:58.739] [DEBUG] [Move 18] VALIDATION DEBUG: Minimax returned move: move (0,0) -> (0,1)
[10:48:58.739] [DEBUG] [Move 18] VALIDATION DEBUG: Legal move 1: move (0,0) -> (0,1)
[10:48:58.739] [DEBUG] [Move 18] VALIDATION DEBUG: Legal move 2: move (0,0) -> (1,0)
[10:48:58.739] [DEBUG] [Move 18] VALIDATION DEBUG: Legal move 3: flip (0,0) -> (0,0)
[10:48:58.739] [DEBUG] [Move 18] VALIDATION DEBUG: Legal move 4: flip (0,0) -> (0,0)
[10:48:58.739] [DEBUG] [Move 18] VALIDATION DEBUG: Legal move 5: move (4,3) -> (3,3)
[10:48:58.739] [DEBUG] [Move 18] VALIDATION DEBUG: Move found in legal moves - SUCCESS!
[10:48:58.739] [DECISION] [Move 18] FINAL DECISION: move (0,0) -> (0,1) | Reasoning: Minimax search
[10:48:58.739] [DECISION] [Move 18] === MOVE DECISION END ===
[10:48:58.775] [DECISION] [Move 19] === MOVE DECISION START === Player: square, Board: 13x12, Time: 1.99708s (vs 59.9331s)
[10:48:58.775] [DEBUG] [Move 19] MINIMAX: Starting search for square, time=1.997083s
[10:48:58.777] [DEBUG] [Move 19] MINIMAX: Found 52 legal moves at root
[10:48:58.777] [DEBUG] [Move 19] MINIMAX: Starting iterative deepening
[10:48:58.777] [DEBUG] [Move 19] MINIMAX: Searching at depth 1
[10:48:58.777] [DEBUG] [Move 19] MINIMAX: Root move 1: move eval=-4.900001
[10:48:58.777] [DEBUG] [Move 19] MINIMAX: Alpha improved at root: -1000000.000000 -> -4.900001
[10:48:58.777] [DEBUG] [Move 19] MINIMAX: Root move 2: move eval=-4.900001
[10:48:58.777] [DEBUG] [Move 19] MINIMAX: Root move 3: move eval=-4.900001
[10:48:58.777] [DEBUG] [Move 19] MINIMAX: Root move 4: flip eval=-4.900001
[10:48:58.778] [DEBUG] [Move 19] MINIMAX: Root move 5: flip eval=-4.900001
[10:48:58.778] [DEBUG] [Move 19] MINIMAX: Root move 6: move eval=-4.900001
[10:48:58.778] [DEBUG] [Move 19] MINIMAX: Root move 7: push eval=-4.900001
[10:48:58.778] [DEBUG] [Move 19] MINIMAX: Root move 8: flip eval=-4.900001
[10:48:58.778] [DEBUG] [Move 19] MINIMAX: Root move 9: flip eval=-4.900001
[10:48:58.778] [DEBUG] [Move 19] MINIMAX: Root move 10: push eval=-4.900001
[10:48:58.778] [DEBUG] [Move 19] MINIMAX: Root move 11: push eval=-4.900001
[10:48:58.778] [DEBUG] [Move 19] MINIMAX: Root move 12: push eval=-4.900001
[10:48:58.778] [DEBUG] [Move 19] MINIMAX: Root move 13: flip eval=-4.900001
[10:48:58.778] [DEBUG] [Move 19] MINIMAX: Root move 14: rotate eval=-4.900001
[10:48:58.778] [DEBUG] [Move 19] MINIMAX: Root move 15: push eval=-4.900001
[10:48:58.778] [DEBUG] [Move 19] MINIMAX: Root move 16: flip eval=-4.900001
[10:48:58.778] [DEBUG] [Move 19] MINIMAX: Root move 17: flip eval=-4.900001
[10:48:58.778] [DEBUG] [Move 19] MINIMAX: Root move 18: push eval=-4.900001
[10:48:58.778] [DEBUG] [Move 19] MINIMAX: Root move 19: push eval=-4.900001
[10:48:58.778] [DEBUG] [Move 19] MINIMAX: Root move 20: flip eval=-4.900001
[10:48:58.778] [DEBUG] [Move 19] MINIMAX: Root move 21: flip eval=-4.900001
[10:48:58.778] [DEBUG] [Move 19] MINIMAX: Root move 22: move eval=-4.900001
[10:48:58.778] [DEBUG] [Move 19] MINIMAX: Root move 23: move eval=-4.900001
[10:48:58.778] [DEBUG] [Move 19] MINIMAX: Root move 24: push eval=-4.900001
[10:48:58.778] [DEBUG] [Move 19] MINIMAX: Root move 25: flip eval=-4.900001
[10:48:58.778] [DEBUG] [Move 19] MINIMAX: Root move 26: flip eval=-4.900001
[10:48:58.778] [DEBUG] [Move 19] MINIMAX: Root move 27: move eval=-4.900001
[10:48:58.778] [DEBUG] [Move 19] MINIMAX: Root move 28: move eval=-4.900001
[10:48:58.778] [DEBUG] [Move 19] MINIMAX: Root move 29: move eval=-4.900001
[10:48:58.778] [DEBUG] [Move 19] MINIMAX: Root move 30: flip eval=-4.900001
[10:48:58.778] [DEBUG] [Move 19] MINIMAX: Root move 31: flip eval=-4.900001
[10:48:58.778] [DEBUG] [Move 19] MINIMAX: Root move 32: move eval=-4.900001
[10:48:58.778] [DEBUG] [Move 19] MINIMAX: Root move 33: push eval=-4.900001
[10:48:58.778] [DEBUG] [Move 19] MINIMAX: Root move 34: flip eval=-4.900001
[10:48:58.778] [DEBUG] [Move 19] MINIMAX: Root move 35: flip eval=-4.900001
[10:48:58.778] [DEBUG] [Move 19] MINIMAX: Root move 36: move eval=-4.900001
[10:48:58.778] [DEBUG] [Move 19] MINIMAX: Root move 37: move eval=-4.900001
[10:48:58.778] [DEBUG] [Move 19] MINIMAX: Root move 38: move eval=-4.900001
[10:48:58.778] [DEBUG] [Move 19] MINIMAX: Root move 39: flip eval=-4.900001
[10:48:58.778] [DEBUG] [Move 19] MINIMAX: Root move 40: flip eval=-4.900001
[10:48:58.778] [DEBUG] [Move 19] MINIMAX: Root move 41: move eval=-4.900001
[10:48:58.778] [DEBUG] [Move 19] MINIMAX: Root move 42: flip eval=-4.900001
[10:48:58.778] [DEBUG] [Move 19] MINIMAX: Root move 43: flip eval=-4.900001
[10:48:58.778] [DEBUG] [Move 19] MINIMAX: Root move 44: move eval=-4.900001
[10:48:58.778] [DEBUG] [Move 19] MINIMAX: Root move 45: push eval=-4.900001
[10:48:58.778] [DEBUG] [Move 19] MINIMAX: Root move 46: flip eval=-4.900001
[10:48:58.778] [DEBUG] [Move 19] MINIMAX: Root move 47: flip eval=-4.900001
[10:48:58.778] [DEBUG] [Move 19] MINIMAX: Root move 48: move eval=-4.900001
[10:48:58.778] [DEBUG] [Move 19] MINIMAX: Root move 49: move eval=-4.900001
[10:48:58.778] [DEBUG] [Move 19] MINIMAX: Root move 50: push eval=-4.900001
[10:48:58.778] [DEBUG] [Move 19] MINIMAX: Root move 51: flip eval=-4.900001
[10:48:58.778] [DEBUG] [Move 19] MINIMAX: Root move 52: flip eval=-4.900001
[10:48:58.778] [DEBUG] [Move 19] MINIMAX: Root search complete - evaluated=52/52, cutoffs=0
[10:48:58.778] [DEBUG] [Move 19] MINIMAX: Depth 1 completed, nodes=52, eval=-4.900001, move=move
[10:48:58.778] [DEBUG] [Move 19] MINIMAX: Searching at depth 2
[10:48:58.781] [DEBUG] [Move 19] MINIMAX: Root move 1: move eval=4.200000
[10:48:58.781] [DEBUG] [Move 19] MINIMAX: Alpha improved at root: -1000000.000000 -> 4.200000
[10:48:58.782] [DEBUG] [Move 19] MINIMAX: Root move 2: move eval=4.200000
[10:48:58.784] [DEBUG] [Move 19] MINIMAX: Root move 3: move eval=4.200000
[10:48:58.785] [DEBUG] [Move 19] MINIMAX: Root move 4: flip eval=4.200000
[10:48:58.786] [DEBUG] [Move 19] MINIMAX: Root move 5: flip eval=4.200000
[10:48:58.787] [DEBUG] [Move 19] MINIMAX: Root move 6: move eval=4.200000
[10:48:58.788] [DEBUG] [Move 19] MINIMAX: Root move 7: push eval=4.200000
[10:48:58.788] [DEBUG] [Move 19] MINIMAX: Root move 8: flip eval=4.200000
[10:48:58.789] [DEBUG] [Move 19] MINIMAX: Root move 9: flip eval=4.200000
[10:48:58.790] [DEBUG] [Move 19] MINIMAX: Root move 10: push eval=4.200000
[10:48:58.790] [DEBUG] [Move 19] MINIMAX: Root move 11: push eval=4.200000
[10:48:58.790] [DEBUG] [Move 19] MINIMAX: Root move 12: push eval=4.200000
[10:48:58.791] [DEBUG] [Move 19] MINIMAX: Root move 13: flip eval=4.200000
[10:48:58.792] [DEBUG] [Move 19] MINIMAX: Root move 14: rotate eval=4.200000
[10:48:58.793] [DEBUG] [Move 19] MINIMAX: Root move 15: push eval=4.200000
[10:48:58.794] [DEBUG] [Move 19] MINIMAX: Root move 16: flip eval=4.200000
[10:48:58.794] [DEBUG] [Move 19] MINIMAX: Root move 17: flip eval=4.200000
[10:48:58.795] [DEBUG] [Move 19] MINIMAX: Root move 18: push eval=4.200000
[10:48:58.795] [DEBUG] [Move 19] MINIMAX: Root move 19: push eval=4.200000
[10:48:58.796] [DEBUG] [Move 19] MINIMAX: Root move 20: flip eval=4.200000
[10:48:58.797] [DEBUG] [Move 19] MINIMAX: Root move 21: flip eval=4.200000
[10:48:58.798] [DEBUG] [Move 19] MINIMAX: Root move 22: move eval=4.200000
[10:48:58.799] [DEBUG] [Move 19] MINIMAX: Root move 23: move eval=4.200000
[10:48:58.800] [DEBUG] [Move 19] MINIMAX: Root move 24: push eval=4.200000
[10:48:58.801] [DEBUG] [Move 19] MINIMAX: Root move 25: flip eval=4.200000
[10:48:58.802] [DEBUG] [Move 19] MINIMAX: Root move 26: flip eval=4.200000
[10:48:58.804] [DEBUG] [Move 19] MINIMAX: Root move 27: move eval=4.200000
[10:48:58.805] [DEBUG] [Move 19] MINIMAX: Root move 28: move eval=4.200000
[10:48:58.806] [DEBUG] [Move 19] MINIMAX: Root move 29: move eval=4.200000
[10:48:58.807] [DEBUG] [Move 19] MINIMAX: Root move 30: flip eval=4.200000
[10:48:58.808] [DEBUG] [Move 19] MINIMAX: Root move 31: flip eval=4.200000
[10:48:58.809] [DEBUG] [Move 19] MINIMAX: Root move 32: move eval=4.200000
[10:48:58.810] [DEBUG] [Move 19] MINIMAX: Root move 33: push eval=4.200000
[10:48:58.810] [DEBUG] [Move 19] MINIMAX: Root move 34: flip eval=4.200000
[10:48:58.811] [DEBUG] [Move 19] MINIMAX: Root move 35: flip eval=4.200000
[10:48:58.812] [DEBUG] [Move 19] MINIMAX: Root move 36: move eval=4.200000
[10:48:58.813] [DEBUG] [Move 19] MINIMAX: Root move 37: move eval=4.200000
[10:48:58.814] [DEBUG] [Move 19] MINIMAX: Root move 38: move eval=4.200000
[10:48:58.814] [DEBUG] [Move 19] MINIMAX: Root move 39: flip eval=4.200000
[10:48:58.815] [DEBUG] [Move 19] MINIMAX: Root move 40: flip eval=4.200000
[10:48:58.816] [DEBUG] [Move 19] MINIMAX: Root move 41: move eval=4.200000
[10:48:58.817] [DEBUG] [Move 19] MINIMAX: Root move 42: flip eval=4.200000
[10:48:58.818] [DEBUG] [Move 19] MINIMAX: Root move 43: flip eval=4.200000
[10:48:58.818] [DEBUG] [Move 19] MINIMAX: Root move 44: move eval=4.200000
[10:48:58.819] [DEBUG] [Move 19] MINIMAX: Root move 45: push eval=4.200000
[10:48:58.820] [DEBUG] [Move 19] MINIMAX: Root move 46: flip eval=4.200000
[10:48:58.821] [DEBUG] [Move 19] MINIMAX: Root move 47: flip eval=4.200000
[10:48:58.822] [DEBUG] [Move 19] MINIMAX: Root move 48: move eval=4.200000
[10:48:58.824] [DEBUG] [Move 19] MINIMAX: Root move 49: move eval=4.200000
[10:48:58.825] [DEBUG] [Move 19] MINIMAX: Root move 50: push eval=4.200000
[10:48:58.826] [DEBUG] [Move 19] MINIMAX: Root move 51: flip eval=4.200000
[10:48:58.827] [DEBUG] [Move 19] MINIMAX: Root move 52: flip eval=4.200000
[10:48:58.827] [DEBUG] [Move 19] MINIMAX: Root search complete - evaluated=52/52, cutoffs=0
[10:48:58.827] [DEBUG] [Move 19] MINIMAX: Depth 2 completed, nodes=212, eval=4.200000, move=move
[10:48:58.827] [DEBUG] [Move 19] MINIMAX: Searching at depth 3
[10:48:58.876] [DEBUG] [Move 19] MINIMAX: Root move 1: move eval=-1000000.000000
[10:48:58.876] [DEBUG] [Move 19] MINIMAX: Timeout at root level after 1/52 moves
[10:48:58.876] [DEBUG] [Move 19] MINIMAX: Root search complete - evaluated=1/52, cutoffs=0
[10:48:58.876] [DEBUG] [Move 19] MINIMAX: Depth 3 completed, nodes=191, eval=-1000000.000000, move=move
[10:48:58.876] [DEBUG] [Move 19] MINIMAX: Time limit reached at depth 4
[10:48:58.876] [INFO] [Move 19] MINIMAX: Search complete - depth=2, nodes=455, TT_size=233527, time=0.100000s
[10:48:58.878] [DEBUG] [Move 19] VALIDATION DEBUG: Generated 52 legal moves for validation
[10:48:58.878] [DEBUG] [Move 19] VALIDATION DEBUG: Minimax returned move: move (0,1) -> (0,0)
[10:48:58.878] [DEBUG] [Move 19] VALIDATION DEBUG: Legal move 1: move (0,1) -> (0,0)
[10:48:58.878] [DEBUG] [Move 19] VALIDATION DEBUG: Legal move 2: move (0,1) -> (0,2)
[10:48:58.878] [DEBUG] [Move 19] VALIDATION DEBUG: Legal move 3: move (0,1) -> (1,1)
[10:48:58.878] [DEBUG] [Move 19] VALIDATION DEBUG: Legal move 4: flip (0,1) -> (0,1)
[10:48:58.878] [DEBUG] [Move 19] VALIDATION DEBUG: Legal move 5: flip (0,1) -> (0,1)
[10:48:58.878] [DEBUG] [Move 19] VALIDATION DEBUG: Move found in legal moves - SUCCESS!
[10:48:58.878] [DECISION] [Move 19] FINAL DECISION: move (0,1) -> (0,0) | Reasoning: Minimax search
[10:48:58.878] [DECISION] [Move 19] === MOVE DECISION END ===
[10:48:58.917] [DECISION] [Move 20] === MOVE DECISION START === Player: square, Board: 13x12, Time: 1.89402s (vs 59.9283s)
[10:48:58.917] [DEBUG] [Move 20] MINIMAX: Starting search for square, time=1.894017s
[10:48:58.919] [DEBUG] [Move 20] MINIMAX: Found 51 legal moves at root
[10:48:58.919] [DEBUG] [Move 20] MINIMAX: Starting iterative deepening
[10:48:58.919] [DEBUG] [Move 20] MINIMAX: Searching at depth 1
[10:48:58.919] [DEBUG] [Move 20] MINIMAX: Root move 1: move eval=-4.900001
[10:48:58.919] [DEBUG] [Move 20] MINIMAX: Alpha improved at root: -1000000.000000 -> -4.900001
[10:48:58.919] [DEBUG] [Move 20] MINIMAX: Root move 2: move eval=-4.900001
[10:48:58.919] [DEBUG] [Move 20] MINIMAX: Root move 3: flip eval=-4.900001
[10:48:58.919] [DEBUG] [Move 20] MINIMAX: Root move 4: flip eval=-4.900001
[10:48:58.919] [DEBUG] [Move 20] MINIMAX: Root move 5: move eval=-4.900001
[10:48:58.919] [DEBUG] [Move 20] MINIMAX: Root move 6: push eval=-4.900001
[10:48:58.919] [DEBUG] [Move 20] MINIMAX: Root move 7: flip eval=-4.900001
[10:48:58.920] [DEBUG] [Move 20] MINIMAX: Root move 8: flip eval=-4.900001
[10:48:58.920] [DEBUG] [Move 20] MINIMAX: Root move 9: push eval=-4.900001
[10:48:58.920] [DEBUG] [Move 20] MINIMAX: Root move 10: push eval=-4.900001
[10:48:58.920] [DEBUG] [Move 20] MINIMAX: Root move 11: push eval=-4.900001
[10:48:58.920] [DEBUG] [Move 20] MINIMAX: Root move 12: flip eval=-4.900001
[10:48:58.920] [DEBUG] [Move 20] MINIMAX: Root move 13: rotate eval=-4.900001
[10:48:58.920] [DEBUG] [Move 20] MINIMAX: Root move 14: push eval=-4.900001
[10:48:58.920] [DEBUG] [Move 20] MINIMAX: Root move 15: flip eval=-4.900001
[10:48:58.920] [DEBUG] [Move 20] MINIMAX: Root move 16: flip eval=-4.900001
[10:48:58.920] [DEBUG] [Move 20] MINIMAX: Root move 17: push eval=-4.900001
[10:48:58.920] [DEBUG] [Move 20] MINIMAX: Root move 18: push eval=-4.900001
[10:48:58.920] [DEBUG] [Move 20] MINIMAX: Root move 19: flip eval=-4.900001
[10:48:58.920] [DEBUG] [Move 20] MINIMAX: Root move 20: flip eval=-4.900001
[10:48:58.920] [DEBUG] [Move 20] MINIMAX: Root move 21: move eval=-4.900001
[10:48:58.920] [DEBUG] [Move 20] MINIMAX: Root move 22: move eval=-4.900001
[10:48:58.920] [DEBUG] [Move 20] MINIMAX: Root move 23: push eval=-4.900001
[10:48:58.920] [DEBUG] [Move 20] MINIMAX: Root move 24: flip eval=-4.900001
[10:48:58.920] [DEBUG] [Move 20] MINIMAX: Root move 25: flip eval=-4.900001
[10:48:58.920] [DEBUG] [Move 20] MINIMAX: Root move 26: move eval=-4.900001
[10:48:58.920] [DEBUG] [Move 20] MINIMAX: Root move 27: move eval=-4.900001
[10:48:58.920] [DEBUG] [Move 20] MINIMAX: Root move 28: move eval=-4.900001
[10:48:58.920] [DEBUG] [Move 20] MINIMAX: Root move 29: flip eval=-4.900001
[10:48:58.920] [DEBUG] [Move 20] MINIMAX: Root move 30: flip eval=-4.900001
[10:48:58.920] [DEBUG] [Move 20] MINIMAX: Root move 31: move eval=-4.900001
[10:48:58.920] [DEBUG] [Move 20] MINIMAX: Root move 32: push eval=-4.900001
[10:48:58.920] [DEBUG] [Move 20] MINIMAX: Root move 33: flip eval=-4.900001
[10:48:58.920] [DEBUG] [Move 20] MINIMAX: Root move 34: flip eval=-4.900001
[10:48:58.920] [DEBUG] [Move 20] MINIMAX: Root move 35: move eval=-4.900001
[10:48:58.920] [DEBUG] [Move 20] MINIMAX: Root move 36: move eval=-4.900001
[10:48:58.920] [DEBUG] [Move 20] MINIMAX: Root move 37: move eval=-4.900001
[10:48:58.920] [DEBUG] [Move 20] MINIMAX: Root move 38: flip eval=-4.900001
[10:48:58.920] [DEBUG] [Move 20] MINIMAX: Root move 39: flip eval=-4.900001
[10:48:58.920] [DEBUG] [Move 20] MINIMAX: Root move 40: move eval=-4.900001
[10:48:58.920] [DEBUG] [Move 20] MINIMAX: Root move 41: flip eval=-4.900001
[10:48:58.920] [DEBUG] [Move 20] MINIMAX: Root move 42: flip eval=-4.900001
[10:48:58.920] [DEBUG] [Move 20] MINIMAX: Root move 43: move eval=-4.900001
[10:48:58.920] [DEBUG] [Move 20] MINIMAX: Root move 44: push eval=-4.900001
[10:48:58.920] [DEBUG] [Move 20] MINIMAX: Root move 45: flip eval=-4.900001
[10:48:58.920] [DEBUG] [Move 20] MINIMAX: Root move 46: flip eval=-4.900001
[10:48:58.920] [DEBUG] [Move 20] MINIMAX: Root move 47: move eval=-4.900001
[10:48:58.920] [DEBUG] [Move 20] MINIMAX: Root move 48: move eval=-4.900001
[10:48:58.920] [DEBUG] [Move 20] MINIMAX: Root move 49: push eval=-4.900001
[10:48:58.921] [DEBUG] [Move 20] MINIMAX: Root move 50: flip eval=-4.900001
[10:48:58.921] [DEBUG] [Move 20] MINIMAX: Root move 51: flip eval=-4.900001
[10:48:58.921] [DEBUG] [Move 20] MINIMAX: Root search complete - evaluated=51/51, cutoffs=0
[10:48:58.921] [DEBUG] [Move 20] MINIMAX: Depth 1 completed, nodes=51, eval=-4.900001, move=move
[10:48:58.921] [DEBUG] [Move 20] MINIMAX: Searching at depth 2
[10:48:58.924] [DEBUG] [Move 20] MINIMAX: Root move 1: move eval=4.200000
[10:48:58.924] [DEBUG] [Move 20] MINIMAX: Alpha improved at root: -1000000.000000 -> 4.200000
[10:48:58.925] [DEBUG] [Move 20] MINIMAX: Root move 2: move eval=4.200000
[10:48:58.927] [DEBUG] [Move 20] MINIMAX: Root move 3: flip eval=4.200000
[10:48:58.929] [DEBUG] [Move 20] MINIMAX: Root move 4: flip eval=4.200000
[10:48:58.932] [DEBUG] [Move 20] MINIMAX: Root move 5: move eval=4.200000
[10:48:58.933] [DEBUG] [Move 20] MINIMAX: Root move 6: push eval=4.200000
[10:48:58.935] [DEBUG] [Move 20] MINIMAX: Root move 7: flip eval=4.200000
[10:48:58.936] [DEBUG] [Move 20] MINIMAX: Root move 8: flip eval=4.200000
[10:48:58.937] [DEBUG] [Move 20] MINIMAX: Root move 9: push eval=4.200000
[10:48:58.937] [DEBUG] [Move 20] MINIMAX: Root move 10: push eval=4.200000
[10:48:58.937] [DEBUG] [Move 20] MINIMAX: Root move 11: push eval=4.200000
[10:48:58.938] [DEBUG] [Move 20] MINIMAX: Root move 12: flip eval=4.200000
[10:48:58.939] [DEBUG] [Move 20] MINIMAX: Root move 13: rotate eval=4.200000
[10:48:58.940] [DEBUG] [Move 20] MINIMAX: Root move 14: push eval=4.200000
[10:48:58.941] [DEBUG] [Move 20] MINIMAX: Root move 15: flip eval=4.200000
[10:48:58.942] [DEBUG] [Move 20] MINIMAX: Root move 16: flip eval=4.200000
[10:48:58.943] [DEBUG] [Move 20] MINIMAX: Root move 17: push eval=4.200000
[10:48:58.944] [DEBUG] [Move 20] MINIMAX: Root move 18: push eval=4.200000
[10:48:58.945] [DEBUG] [Move 20] MINIMAX: Root move 19: flip eval=4.200000
[10:48:58.947] [DEBUG] [Move 20] MINIMAX: Root move 20: flip eval=4.200000
[10:48:58.948] [DEBUG] [Move 20] MINIMAX: Root move 21: move eval=4.200000
[10:48:58.950] [DEBUG] [Move 20] MINIMAX: Root move 22: move eval=4.200000
[10:48:58.952] [DEBUG] [Move 20] MINIMAX: Root move 23: push eval=4.200000
[10:48:58.954] [DEBUG] [Move 20] MINIMAX: Root move 24: flip eval=4.200000
[10:48:58.955] [DEBUG] [Move 20] MINIMAX: Root move 25: flip eval=4.200000
[10:48:58.956] [DEBUG] [Move 20] MINIMAX: Root move 26: move eval=4.200000
[10:48:58.957] [DEBUG] [Move 20] MINIMAX: Root move 27: move eval=4.200000
[10:48:58.958] [DEBUG] [Move 20] MINIMAX: Root move 28: move eval=4.200000
[10:48:58.959] [DEBUG] [Move 20] MINIMAX: Root move 29: flip eval=4.200000
[10:48:58.960] [DEBUG] [Move 20] MINIMAX: Root move 30: flip eval=4.200000
[10:48:58.961] [DEBUG] [Move 20] MINIMAX: Root move 31: move eval=4.200000
[10:48:58.961] [DEBUG] [Move 20] MINIMAX: Root move 32: push eval=4.200000
[10:48:58.962] [DEBUG] [Move 20] MINIMAX: Root move 33: flip eval=4.200000
[10:48:58.963] [DEBUG] [Move 20] MINIMAX: Root move 34: flip eval=4.200000
[10:48:58.964] [DEBUG] [Move 20] MINIMAX: Root move 35: move eval=4.200000
[10:48:58.964] [DEBUG] [Move 20] MINIMAX: Root move 36: move eval=4.200000
[10:48:58.965] [DEBUG] [Move 20] MINIMAX: Root move 37: move eval=4.200000
[10:48:58.966] [DEBUG] [Move 20] MINIMAX: Root move 38: flip eval=4.200000
[10:48:58.967] [DEBUG] [Move 20] MINIMAX: Root move 39: flip eval=4.200000
[10:48:58.967] [DEBUG] [Move 20] MINIMAX: Root move 40: move eval=4.200000
[10:48:58.968] [DEBUG] [Move 20] MINIMAX: Root move 41: flip eval=4.200000
[10:48:58.969] [DEBUG] [Move 20] MINIMAX: Root move 42: flip eval=4.200000
[10:48:58.970] [DEBUG] [Move 20] MINIMAX: Root move 43: move eval=4.200000
[10:48:58.971] [DEBUG] [Move 20] MINIMAX: Root move 44: push eval=4.200000
[10:48:58.972] [DEBUG] [Move 20] MINIMAX: Root move 45: flip eval=4.200000
[10:48:58.973] [DEBUG] [Move 20] MINIMAX: Root move 46: flip eval=4.200000
[10:48:58.973] [DEBUG] [Move 20] MINIMAX: Root move 47: move eval=4.200000
[10:48:58.974] [DEBUG] [Move 20] MINIMAX: Root move 48: move eval=4.200000
[10:48:58.975] [DEBUG] [Move 20] MINIMAX: Root move 49: push eval=4.200000
[10:48:58.976] [DEBUG] [Move 20] MINIMAX: Root move 50: flip eval=4.200000
[10:48:58.977] [DEBUG] [Move 20] MINIMAX: Root move 51: flip eval=4.200000
[10:48:58.977] [DEBUG] [Move 20] MINIMAX: Root search complete - evaluated=51/51, cutoffs=0
[10:48:58.977] [DEBUG] [Move 20] MINIMAX: Depth 2 completed, nodes=210, eval=4.200000, move=move
[10:48:58.977] [DEBUG] [Move 20] MINIMAX: Searching at depth 3
[10:48:59.018] [DEBUG] [Move 20] MINIMAX: Root move 1: move eval=-1000000.000000
[10:48:59.018] [DEBUG] [Move 20] MINIMAX: Timeout at root level after 1/51 moves
[10:48:59.018] [DEBUG] [Move 20] MINIMAX: Root search complete - evaluated=1/51, cutoffs=0
[10:48:59.018] [DEBUG] [Move 20] MINIMAX: Depth 3 completed, nodes=146, eval=-1000000.000000, move=move
[10:48:59.018] [DEBUG] [Move 20] MINIMAX: Time limit reached at depth 4
[10:48:59.018] [INFO] [Move 20] MINIMAX: Search complete - depth=2, nodes=407, TT_size=233802, time=0.101000s
[10:48:59.020] [DEBUG] [Move 20] VALIDATION DEBUG: Generated 51 legal moves for validation
[10:48:59.020] [DEBUG] [Move 20] VALIDATION DEBUG: Minimax returned move: move (0,0) -> (0,1)
[10:48:59.020] [DEBUG] [Move 20] VALIDATION DEBUG: Legal move 1: move (0,0) -> (0,1)
[10:48:59.020] [DEBUG] [Move 20] VALIDATION DEBUG: Legal move 2: move (0,0) -> (1,0)
[10:48:59.020] [DEBUG] [Move 20] VALIDATION DEBUG: Legal move 3: flip (0,0) -> (0,0)
[10:48:59.020] [DEBUG] [Move 20] VALIDATION DEBUG: Legal move 4: flip (0,0) -> (0,0)
[10:48:59.020] [DEBUG] [Move 20] VALIDATION DEBUG: Legal move 5: move (4,3) -> (3,3)
[10:48:59.020] [DEBUG] [Move 20] VALIDATION DEBUG: Move found in legal moves - SUCCESS!
[10:48:59.020] [DECISION] [Move 20] FINAL DECISION: move (0,0) -> (0,1) | Reasoning: Minimax search
[10:48:59.020] [DECISION] [Move 20] === MOVE DECISION END ===
[10:48:59.059] [DECISION] [Move 21] === MOVE DECISION START === Player: square, Board: 13x12, Time: 1.79075s (vs 59.9246s)
[10:48:59.059] [DEBUG] [Move 21] MINIMAX: Starting search for square, time=1.790748s
[10:48:59.061] [DEBUG] [Move 21] MINIMAX: Found 52 legal moves at root
[10:48:59.061] [DEBUG] [Move 21] MINIMAX: Starting iterative deepening
[10:48:59.061] [DEBUG] [Move 21] MINIMAX: Searching at depth 1
[10:48:59.061] [DEBUG] [Move 21] MINIMAX: Root move 1: move eval=-4.900001
[10:48:59.061] [DEBUG] [Move 21] MINIMAX: Alpha improved at root: -1000000.000000 -> -4.900001
[10:48:59.061] [DEBUG] [Move 21] MINIMAX: Root move 2: move eval=-4.900001
[10:48:59.061] [DEBUG] [Move 21] MINIMAX: Root move 3: move eval=-4.900001
[10:48:59.061] [DEBUG] [Move 21] MINIMAX: Root move 4: flip eval=-4.900001
[10:48:59.061] [DEBUG] [Move 21] MINIMAX: Root move 5: flip eval=-4.900001
[10:48:59.061] [DEBUG] [Move 21] MINIMAX: Root move 6: move eval=-4.900001
[10:48:59.061] [DEBUG] [Move 21] MINIMAX: Root move 7: push eval=-4.900001
[10:48:59.061] [DEBUG] [Move 21] MINIMAX: Root move 8: flip eval=-4.900001
[10:48:59.061] [DEBUG] [Move 21] MINIMAX: Root move 9: flip eval=-4.900001
[10:48:59.061] [DEBUG] [Move 21] MINIMAX: Root move 10: push eval=-4.900001
[10:48:59.061] [DEBUG] [Move 21] MINIMAX: Root move 11: push eval=-4.900001
[10:48:59.061] [DEBUG] [Move 21] MINIMAX: Root move 12: push eval=-4.900001
[10:48:59.061] [DEBUG] [Move 21] MINIMAX: Root move 13: flip eval=-4.900001
[10:48:59.061] [DEBUG] [Move 21] MINIMAX: Root move 14: rotate eval=-4.900001
[10:48:59.061] [DEBUG] [Move 21] MINIMAX: Root move 15: push eval=-4.900001
[10:48:59.061] [DEBUG] [Move 21] MINIMAX: Root move 16: flip eval=-4.900001
[10:48:59.061] [DEBUG] [Move 21] MINIMAX: Root move 17: flip eval=-4.900001
[10:48:59.061] [DEBUG] [Move 21] MINIMAX: Root move 18: push eval=-4.900001
[10:48:59.061] [DEBUG] [Move 21] MINIMAX: Root move 19: push eval=-4.900001
[10:48:59.061] [DEBUG] [Move 21] MINIMAX: Root move 20: flip eval=-4.900001
[10:48:59.061] [DEBUG] [Move 21] MINIMAX: Root move 21: flip eval=-4.900001
[10:48:59.061] [DEBUG] [Move 21] MINIMAX: Root move 22: move eval=-4.900001
[10:48:59.061] [DEBUG] [Move 21] MINIMAX: Root move 23: move eval=-4.900001
[10:48:59.061] [DEBUG] [Move 21] MINIMAX: Root move 24: push eval=-4.900001
[10:48:59.061] [DEBUG] [Move 21] MINIMAX: Root move 25: flip eval=-4.900001
[10:48:59.061] [DEBUG] [Move 21] MINIMAX: Root move 26: flip eval=-4.900001
[10:48:59.061] [DEBUG] [Move 21] MINIMAX: Root move 27: move eval=-4.900001
[10:48:59.061] [DEBUG] [Move 21] MINIMAX: Root move 28: move eval=-4.900001
[10:48:59.061] [DEBUG] [Move 21] MINIMAX: Root move 29: move eval=-4.900001
[10:48:59.061] [DEBUG] [Move 21] MINIMAX: Root move 30: flip eval=-4.900001
[10:48:59.061] [DEBUG] [Move 21] MINIMAX: Root move 31: flip eval=-4.900001
[10:48:59.061] [DEBUG] [Move 21] MINIMAX: Root move 32: move eval=-4.900001
[10:48:59.061] [DEBUG] [Move 21] MINIMAX: Root move 33: push eval=-4.900001
[10:48:59.061] [DEBUG] [Move 21] MINIMAX: Root move 34: flip eval=-4.900001
[10:48:59.061] [DEBUG] [Move 21] MINIMAX: Root move 35: flip eval=-4.900001
[10:48:59.062] [DEBUG] [Move 21] MINIMAX: Root move 36: move eval=-4.900001
[10:48:59.062] [DEBUG] [Move 21] MINIMAX: Root move 37: move eval=-4.900001
[10:48:59.062] [DEBUG] [Move 21] MINIMAX: Root move 38: move eval=-4.900001
[10:48:59.062] [DEBUG] [Move 21] MINIMAX: Root move 39: flip eval=-4.900001
[10:48:59.062] [DEBUG] [Move 21] MINIMAX: Root move 40: flip eval=-4.900001
[10:48:59.062] [DEBUG] [Move 21] MINIMAX: Root move 41: move eval=-4.900001
[10:48:59.062] [DEBUG] [Move 21] MINIMAX: Root move 42: flip eval=-4.900001
[10:48:59.062] [DEBUG] [Move 21] MINIMAX: Root move 43: flip eval=-4.900001
[10:48:59.062] [DEBUG] [Move 21] MINIMAX: Root move 44: move eval=-4.900001
[10:48:59.062] [DEBUG] [Move 21] MINIMAX: Root move 45: push eval=-4.900001
[10:48:59.062] [DEBUG] [Move 21] MINIMAX: Root move 46: flip eval=-4.900001
[10:48:59.062] [DEBUG] [Move 21] MINIMAX: Root move 47: flip eval=-4.900001
[10:48:59.062] [DEBUG] [Move 21] MINIMAX: Root move 48: move eval=-4.900001
[10:48:59.062] [DEBUG] [Move 21] MINIMAX: Root move 49: move eval=-4.900001
[10:48:59.062] [DEBUG] [Move 21] MINIMAX: Root move 50: push eval=-4.900001
[10:48:59.062] [DEBUG] [Move 21] MINIMAX: Root move 51: flip eval=-4.900001
[10:48:59.062] [DEBUG] [Move 21] MINIMAX: Root move 52: flip eval=-4.900001
[10:48:59.062] [DEBUG] [Move 21] MINIMAX: Root search complete - evaluated=52/52, cutoffs=0
[10:48:59.062] [DEBUG] [Move 21] MINIMAX: Depth 1 completed, nodes=52, eval=-4.900001, move=move
[10:48:59.062] [DEBUG] [Move 21] MINIMAX: Searching at depth 2
[10:48:59.065] [DEBUG] [Move 21] MINIMAX: Root move 1: move eval=4.200000
[10:48:59.065] [DEBUG] [Move 21] MINIMAX: Alpha improved at root: -1000000.000000 -> 4.200000
[10:48:59.066] [DEBUG] [Move 21] MINIMAX: Root move 2: move eval=4.200000
[10:48:59.068] [DEBUG] [Move 21] MINIMAX: Root move 3: move eval=4.200000
[10:48:59.069] [DEBUG] [Move 21] MINIMAX: Root move 4: flip eval=4.200000
[10:48:59.070] [DEBUG] [Move 21] MINIMAX: Root move 5: flip eval=4.200000
[10:48:59.071] [DEBUG] [Move 21] MINIMAX: Root move 6: move eval=4.200000
[10:48:59.072] [DEBUG] [Move 21] MINIMAX: Root move 7: push eval=4.200000
[10:48:59.073] [DEBUG] [Move 21] MINIMAX: Root move 8: flip eval=4.200000
[10:48:59.073] [DEBUG] [Move 21] MINIMAX: Root move 9: flip eval=4.200000
[10:48:59.074] [DEBUG] [Move 21] MINIMAX: Root move 10: push eval=4.200000
[10:48:59.074] [DEBUG] [Move 21] MINIMAX: Root move 11: push eval=4.200000
[10:48:59.074] [DEBUG] [Move 21] MINIMAX: Root move 12: push eval=4.200000
[10:48:59.075] [DEBUG] [Move 21] MINIMAX: Root move 13: flip eval=4.200000
[10:48:59.077] [DEBUG] [Move 21] MINIMAX: Root move 14: rotate eval=4.200000
[10:48:59.077] [DEBUG] [Move 21] MINIMAX: Root move 15: push eval=4.200000
[10:48:59.078] [DEBUG] [Move 21] MINIMAX: Root move 16: flip eval=4.200000
[10:48:59.079] [DEBUG] [Move 21] MINIMAX: Root move 17: flip eval=4.200000
[10:48:59.080] [DEBUG] [Move 21] MINIMAX: Root move 18: push eval=4.200000
[10:48:59.080] [DEBUG] [Move 21] MINIMAX: Root move 19: push eval=4.200000
[10:48:59.081] [DEBUG] [Move 21] MINIMAX: Root move 20: flip eval=4.200000
[10:48:59.081] [DEBUG] [Move 21] MINIMAX: Root move 21: flip eval=4.200000
[10:48:59.082] [DEBUG] [Move 21] MINIMAX: Root move 22: move eval=4.200000
[10:48:59.083] [DEBUG] [Move 21] MINIMAX: Root move 23: move eval=4.200000
[10:48:59.084] [DEBUG] [Move 21] MINIMAX: Root move 24: push eval=4.200000
[10:48:59.086] [DEBUG] [Move 21] MINIMAX: Root move 25: flip eval=4.200000
[10:48:59.087] [DEBUG] [Move 21] MINIMAX: Root move 26: flip eval=4.200000
[10:48:59.088] [DEBUG] [Move 21] MINIMAX: Root move 27: move eval=4.200000
[10:48:59.089] [DEBUG] [Move 21] MINIMAX: Root move 28: move eval=4.200000
[10:48:59.090] [DEBUG] [Move 21] MINIMAX: Root move 29: move eval=4.200000
[10:48:59.091] [DEBUG] [Move 21] MINIMAX: Root move 30: flip eval=4.200000
[10:48:59.092] [DEBUG] [Move 21] MINIMAX: Root move 31: flip eval=4.200000
[10:48:59.093] [DEBUG] [Move 21] MINIMAX: Root move 32: move eval=4.200000
[10:48:59.094] [DEBUG] [Move 21] MINIMAX: Root move 33: push eval=4.200000
[10:48:59.094] [DEBUG] [Move 21] MINIMAX: Root move 34: flip eval=4.200000
[10:48:59.095] [DEBUG] [Move 21] MINIMAX: Root move 35: flip eval=4.200000
[10:48:59.096] [DEBUG] [Move 21] MINIMAX: Root move 36: move eval=4.200000
[10:48:59.097] [DEBUG] [Move 21] MINIMAX: Root move 37: move eval=4.200000
[10:48:59.097] [DEBUG] [Move 21] MINIMAX: Root move 38: move eval=4.200000
[10:48:59.098] [DEBUG] [Move 21] MINIMAX: Root move 39: flip eval=4.200000
[10:48:59.099] [DEBUG] [Move 21] MINIMAX: Root move 40: flip eval=4.200000
[10:48:59.100] [DEBUG] [Move 21] MINIMAX: Root move 41: move eval=4.200000
[10:48:59.101] [DEBUG] [Move 21] MINIMAX: Root move 42: flip eval=4.200000
[10:48:59.102] [DEBUG] [Move 21] MINIMAX: Root move 43: flip eval=4.200000
[10:48:59.103] [DEBUG] [Move 21] MINIMAX: Root move 44: move eval=4.200000
[10:48:59.104] [DEBUG] [Move 21] MINIMAX: Root move 45: push eval=4.200000
[10:48:59.105] [DEBUG] [Move 21] MINIMAX: Root move 46: flip eval=4.200000
[10:48:59.106] [DEBUG] [Move 21] MINIMAX: Root move 47: flip eval=4.200000
[10:48:59.108] [DEBUG] [Move 21] MINIMAX: Root move 48: move eval=4.200000
[10:48:59.109] [DEBUG] [Move 21] MINIMAX: Root move 49: move eval=4.200000
[10:48:59.110] [DEBUG] [Move 21] MINIMAX: Root move 50: push eval=4.200000
[10:48:59.111] [DEBUG] [Move 21] MINIMAX: Root move 51: flip eval=4.200000
[10:48:59.111] [DEBUG] [Move 21] MINIMAX: Root move 52: flip eval=4.200000
[10:48:59.111] [DEBUG] [Move 21] MINIMAX: Root search complete - evaluated=52/52, cutoffs=0
[10:48:59.111] [DEBUG] [Move 21] MINIMAX: Depth 2 completed, nodes=210, eval=4.200000, move=move
[10:48:59.111] [DEBUG] [Move 21] MINIMAX: Searching at depth 3
[10:48:59.160] [DEBUG] [Move 21] MINIMAX: Root move 1: move eval=-1000000.000000
[10:48:59.160] [DEBUG] [Move 21] MINIMAX: Timeout at root level after 1/52 moves
[10:48:59.160] [DEBUG] [Move 21] MINIMAX: Root search complete - evaluated=1/52, cutoffs=0
[10:48:59.160] [DEBUG] [Move 21] MINIMAX: Depth 3 completed, nodes=151, eval=-1000000.000000, move=move
[10:48:59.160] [DEBUG] [Move 21] MINIMAX: Time limit reached at depth 4
[10:48:59.160] [INFO] [Move 21] MINIMAX: Search complete - depth=2, nodes=413, TT_size=234086, time=0.101000s
[10:48:59.161] [DEBUG] [Move 21] VALIDATION DEBUG: Generated 52 legal moves for validation
[10:48:59.161] [DEBUG] [Move 21] VALIDATION DEBUG: Minimax returned move: move (0,1) -> (0,0)
[10:48:59.161] [DEBUG] [Move 21] VALIDATION DEBUG: Legal move 1: move (0,1) -> (0,0)
[10:48:59.161] [DEBUG] [Move 21] VALIDATION DEBUG: Legal move 2: move (0,1) -> (0,2)
[10:48:59.161] [DEBUG] [Move 21] VALIDATION DEBUG: Legal move 3: move (0,1) -> (1,1)
[10:48:59.161] [DEBUG] [Move 21] VALIDATION DEBUG: Legal move 4: flip (0,1) -> (0,1)
[10:48:59.161] [DEBUG] [Move 21] VALIDATION DEBUG: Legal move 5: flip (0,1) -> (0,1)
[10:48:59.161] [DEBUG] [Move 21] VALIDATION DEBUG: Move found in legal moves - SUCCESS!
[10:48:59.161] [DECISION] [Move 21] FINAL DECISION: move (0,1) -> (0,0) | Reasoning: Minimax search
[10:48:59.161] [DECISION] [Move 21] === MOVE DECISION END ===
[10:48:59.200] [DECISION] [Move 22] === MOVE DECISION START === Player: square, Board: 13x12, Time: 1.68738s (vs 59.92s)
[10:48:59.200] [DEBUG] [Move 22] MINIMAX: Starting search for square, time=1.687376s
[10:48:59.202] [DEBUG] [Move 22] MINIMAX: Found 51 legal moves at root
[10:48:59.202] [DEBUG] [Move 22] MINIMAX: Starting iterative deepening
[10:48:59.202] [DEBUG] [Move 22] MINIMAX: Searching at depth 1
[10:48:59.202] [DEBUG] [Move 22] MINIMAX: Root move 1: move eval=-4.900001
[10:48:59.202] [DEBUG] [Move 22] MINIMAX: Alpha improved at root: -1000000.000000 -> -4.900001
[10:48:59.202] [DEBUG] [Move 22] MINIMAX: Root move 2: move eval=-4.900001
[10:48:59.202] [DEBUG] [Move 22] MINIMAX: Root move 3: flip eval=-4.900001
[10:48:59.202] [DEBUG] [Move 22] MINIMAX: Root move 4: flip eval=-4.900001
[10:48:59.202] [DEBUG] [Move 22] MINIMAX: Root move 5: move eval=-4.900001
[10:48:59.202] [DEBUG] [Move 22] MINIMAX: Root move 6: push eval=-4.900001
[10:48:59.202] [DEBUG] [Move 22] MINIMAX: Root move 7: flip eval=-4.900001
[10:48:59.202] [DEBUG] [Move 22] MINIMAX: Root move 8: flip eval=-4.900001
[10:48:59.202] [DEBUG] [Move 22] MINIMAX: Root move 9: push eval=-4.900001
[10:48:59.202] [DEBUG] [Move 22] MINIMAX: Root move 10: push eval=-4.900001
[10:48:59.202] [DEBUG] [Move 22] MINIMAX: Root move 11: push eval=-4.900001
[10:48:59.202] [DEBUG] [Move 22] MINIMAX: Root move 12: flip eval=-4.900001
[10:48:59.202] [DEBUG] [Move 22] MINIMAX: Root move 13: rotate eval=-4.900001
[10:48:59.202] [DEBUG] [Move 22] MINIMAX: Root move 14: push eval=-4.900001
[10:48:59.202] [DEBUG] [Move 22] MINIMAX: Root move 15: flip eval=-4.900001
[10:48:59.202] [DEBUG] [Move 22] MINIMAX: Root move 16: flip eval=-4.900001
[10:48:59.202] [DEBUG] [Move 22] MINIMAX: Root move 17: push eval=-4.900001
[10:48:59.202] [DEBUG] [Move 22] MINIMAX: Root move 18: push eval=-4.900001
[10:48:59.202] [DEBUG] [Move 22] MINIMAX: Root move 19: flip eval=-4.900001
[10:48:59.203] [DEBUG] [Move 22] MINIMAX: Root move 20: flip eval=-4.900001
[10:48:59.203] [DEBUG] [Move 22] MINIMAX: Root move 21: move eval=-4.900001
[10:48:59.203] [DEBUG] [Move 22] MINIMAX: Root move 22: move eval=-4.900001
[10:48:59.203] [DEBUG] [Move 22] MINIMAX: Root move 23: push eval=-4.900001
[10:48:59.203] [DEBUG] [Move 22] MINIMAX: Root move 24: flip eval=-4.900001
[10:48:59.203] [DEBUG] [Move 22] MINIMAX: Root move 25: flip eval=-4.900001
[10:48:59.203] [DEBUG] [Move 22] MINIMAX: Root move 26: move eval=-4.900001
[10:48:59.203] [DEBUG] [Move 22] MINIMAX: Root move 27: move eval=-4.900001
[10:48:59.203] [DEBUG] [Move 22] MINIMAX: Root move 28: move eval=-4.900001
[10:48:59.203] [DEBUG] [Move 22] MINIMAX: Root move 29: flip eval=-4.900001
[10:48:59.203] [DEBUG] [Move 22] MINIMAX: Root move 30: flip eval=-4.900001
[10:48:59.203] [DEBUG] [Move 22] MINIMAX: Root move 31: move eval=-4.900001
[10:48:59.203] [DEBUG] [Move 22] MINIMAX: Root move 32: push eval=-4.900001
[10:48:59.203] [DEBUG] [Move 22] MINIMAX: Root move 33: flip eval=-4.900001
[10:48:59.203] [DEBUG] [Move 22] MINIMAX: Root move 34: flip eval=-4.900001
[10:48:59.203] [DEBUG] [Move 22] MINIMAX: Root move 35: move eval=-4.900001
[10:48:59.203] [DEBUG] [Move 22] MINIMAX: Root move 36: move eval=-4.900001
[10:48:59.203] [DEBUG] [Move 22] MINIMAX: Root move 37: move eval=-4.900001
[10:48:59.203] [DEBUG] [Move 22] MINIMAX: Root move 38: flip eval=-4.900001
[10:48:59.203] [DEBUG] [Move 22] MINIMAX: Root move 39: flip eval=-4.900001
[10:48:59.203] [DEBUG] [Move 22] MINIMAX: Root move 40: move eval=-4.900001
[10:48:59.203] [DEBUG] [Move 22] MINIMAX: Root move 41: flip eval=-4.900001
[10:48:59.203] [DEBUG] [Move 22] MINIMAX: Root move 42: flip eval=-4.900001
[10:48:59.203] [DEBUG] [Move 22] MINIMAX: Root move 43: move eval=-4.900001
[10:48:59.203] [DEBUG] [Move 22] MINIMAX: Root move 44: push eval=-4.900001
[10:48:59.203] [DEBUG] [Move 22] MINIMAX: Root move 45: flip eval=-4.900001
[10:48:59.203] [DEBUG] [Move 22] MINIMAX: Root move 46: flip eval=-4.900001
[10:48:59.203] [DEBUG] [Move 22] MINIMAX: Root move 47: move eval=-4.900001
[10:48:59.203] [DEBUG] [Move 22] MINIMAX: Root move 48: move eval=-4.900001
[10:48:59.203] [DEBUG] [Move 22] MINIMAX: Root move 49: push eval=-4.900001
[10:48:59.203] [DEBUG] [Move 22] MINIMAX: Root move 50: flip eval=-4.900001
[10:48:59.203] [DEBUG] [Move 22] MINIMAX: Root move 51: flip eval=-4.900001
[10:48:59.203] [DEBUG] [Move 22] MINIMAX: Root search complete - evaluated=51/51, cutoffs=0
[10:48:59.203] [DEBUG] [Move 22] MINIMAX: Depth 1 completed, nodes=51, eval=-4.900001, move=move
[10:48:59.203] [DEBUG] [Move 22] MINIMAX: Searching at depth 2
[10:48:59.205] [DEBUG] [Move 22] MINIMAX: Root move 1: move eval=4.200000
[10:48:59.206] [DEBUG] [Move 22] MINIMAX: Alpha improved at root: -1000000.000000 -> 4.200000
[10:48:59.207] [DEBUG] [Move 22] MINIMAX: Root move 2: move eval=4.200000
[10:48:59.209] [DEBUG] [Move 22] MINIMAX: Root move 3: flip eval=4.200000
[10:48:59.210] [DEBUG] [Move 22] MINIMAX: Root move 4: flip eval=4.200000
[10:48:59.213] [DEBUG] [Move 22] MINIMAX: Root move 5: move eval=4.200000
[10:48:59.215] [DEBUG] [Move 22] MINIMAX: Root move 6: push eval=4.200000
[10:48:59.217] [DEBUG] [Move 22] MINIMAX: Root move 7: flip eval=4.200000
[10:48:59.218] [DEBUG] [Move 22] MINIMAX: Root move 8: flip eval=4.200000
[10:48:59.220] [DEBUG] [Move 22] MINIMAX: Root move 9: push eval=4.200000
[10:48:59.220] [DEBUG] [Move 22] MINIMAX: Root move 10: push eval=4.200000
[10:48:59.220] [DEBUG] [Move 22] MINIMAX: Root move 11: push eval=4.200000
[10:48:59.222] [DEBUG] [Move 22] MINIMAX: Root move 12: flip eval=4.200000
[10:48:59.224] [DEBUG] [Move 22] MINIMAX: Root move 13: rotate eval=4.200000
[10:48:59.226] [DEBUG] [Move 22] MINIMAX: Root move 14: push eval=4.200000
[10:48:59.228] [DEBUG] [Move 22] MINIMAX: Root move 15: flip eval=4.200000
[10:48:59.229] [DEBUG] [Move 22] MINIMAX: Root move 16: flip eval=4.200000
[10:48:59.231] [DEBUG] [Move 22] MINIMAX: Root move 17: push eval=4.200000
[10:48:59.231] [DEBUG] [Move 22] MINIMAX: Root move 18: push eval=4.200000
[10:48:59.233] [DEBUG] [Move 22] MINIMAX: Root move 19: flip eval=4.200000
[10:48:59.236] [DEBUG] [Move 22] MINIMAX: Root move 20: flip eval=4.200000
[10:48:59.237] [DEBUG] [Move 22] MINIMAX: Root move 21: move eval=4.200000
[10:48:59.239] [DEBUG] [Move 22] MINIMAX: Root move 22: move eval=4.200000
[10:48:59.241] [DEBUG] [Move 22] MINIMAX: Root move 23: push eval=4.200000
[10:48:59.243] [DEBUG] [Move 22] MINIMAX: Root move 24: flip eval=4.200000
[10:48:59.244] [DEBUG] [Move 22] MINIMAX: Root move 25: flip eval=4.200000
[10:48:59.246] [DEBUG] [Move 22] MINIMAX: Root move 26: move eval=4.200000
[10:48:59.247] [DEBUG] [Move 22] MINIMAX: Root move 27: move eval=4.200000
[10:48:59.249] [DEBUG] [Move 22] MINIMAX: Root move 28: move eval=4.200000
[10:48:59.250] [DEBUG] [Move 22] MINIMAX: Root move 29: flip eval=4.200000
[10:48:59.252] [DEBUG] [Move 22] MINIMAX: Root move 30: flip eval=4.200000
[10:48:59.254] [DEBUG] [Move 22] MINIMAX: Root move 31: move eval=4.200000
[10:48:59.256] [DEBUG] [Move 22] MINIMAX: Root move 32: push eval=4.200000
[10:48:59.258] [DEBUG] [Move 22] MINIMAX: Root move 33: flip eval=4.200000
[10:48:59.259] [DEBUG] [Move 22] MINIMAX: Root move 34: flip eval=4.200000
[10:48:59.261] [DEBUG] [Move 22] MINIMAX: Root move 35: move eval=4.200000
[10:48:59.262] [DEBUG] [Move 22] MINIMAX: Root move 36: move eval=4.200000
[10:48:59.264] [DEBUG] [Move 22] MINIMAX: Root move 37: move eval=4.200000
[10:48:59.266] [DEBUG] [Move 22] MINIMAX: Root move 38: flip eval=4.200000
[10:48:59.268] [DEBUG] [Move 22] MINIMAX: Root move 39: flip eval=4.200000
[10:48:59.270] [DEBUG] [Move 22] MINIMAX: Root move 40: move eval=4.200000
[10:48:59.271] [DEBUG] [Move 22] MINIMAX: Root move 41: flip eval=4.200000
[10:48:59.273] [DEBUG] [Move 22] MINIMAX: Root move 42: flip eval=4.200000
[10:48:59.275] [DEBUG] [Move 22] MINIMAX: Root move 43: move eval=4.200000
[10:48:59.277] [DEBUG] [Move 22] MINIMAX: Root move 44: push eval=4.200000
[10:48:59.278] [DEBUG] [Move 22] MINIMAX: Root move 45: flip eval=4.200000
[10:48:59.280] [DEBUG] [Move 22] MINIMAX: Root move 46: flip eval=4.200000
[10:48:59.282] [DEBUG] [Move 22] MINIMAX: Root move 47: move eval=4.200000
[10:48:59.284] [DEBUG] [Move 22] MINIMAX: Root move 48: move eval=4.200000
[10:48:59.285] [DEBUG] [Move 22] MINIMAX: Root move 49: push eval=4.200000
[10:48:59.286] [DEBUG] [Move 22] MINIMAX: Root move 50: flip eval=4.200000
[10:48:59.287] [DEBUG] [Move 22] MINIMAX: Root move 51: flip eval=4.200000
[10:48:59.287] [DEBUG] [Move 22] MINIMAX: Root search complete - evaluated=51/51, cutoffs=0
[10:48:59.287] [DEBUG] [Move 22] MINIMAX: Depth 2 completed, nodes=200, eval=4.200000, move=move
[10:48:59.287] [DEBUG] [Move 22] MINIMAX: Searching at depth 3
[10:48:59.301] [DEBUG] [Move 22] MINIMAX: Root move 1: move eval=-1000000.000000
[10:48:59.301] [DEBUG] [Move 22] MINIMAX: Timeout at root level after 1/51 moves
[10:48:59.301] [DEBUG] [Move 22] MINIMAX: Root search complete - evaluated=1/51, cutoffs=0
[10:48:59.301] [DEBUG] [Move 22] MINIMAX: Depth 3 completed, nodes=74, eval=-1000000.000000, move=move
[10:48:59.301] [DEBUG] [Move 22] MINIMAX: Time limit reached at depth 4
[10:48:59.301] [INFO] [Move 22] MINIMAX: Search complete - depth=2, nodes=325, TT_size=234325, time=0.100000s
[10:48:59.302] [DEBUG] [Move 22] VALIDATION DEBUG: Generated 51 legal moves for validation
[10:48:59.302] [DEBUG] [Move 22] VALIDATION DEBUG: Minimax returned move: move (0,0) -> (0,1)
[10:48:59.302] [DEBUG] [Move 22] VALIDATION DEBUG: Legal move 1: move (0,0) -> (0,1)
[10:48:59.302] [DEBUG] [Move 22] VALIDATION DEBUG: Legal move 2: move (0,0) -> (1,0)
[10:48:59.302] [DEBUG] [Move 22] VALIDATION DEBUG: Legal move 3: flip (0,0) -> (0,0)
[10:48:59.302] [DEBUG] [Move 22] VALIDATION DEBUG: Legal move 4: flip (0,0) -> (0,0)
[10:48:59.302] [DEBUG] [Move 22] VALIDATION DEBUG: Legal move 5: move (4,3) -> (3,3)
[10:48:59.302] [DEBUG] [Move 22] VALIDATION DEBUG: Move found in legal moves - SUCCESS!
[10:48:59.302] [DECISION] [Move 22] FINAL DECISION: move (0,0) -> (0,1) | Reasoning: Minimax search
[10:48:59.302] [DECISION] [Move 22] === MOVE DECISION END ===
[10:48:59.340] [DECISION] [Move 23] === MOVE DECISION START === Player: square, Board: 13x12, Time: 1.58535s (vs 59.9168s)
[10:48:59.340] [DEBUG] [Move 23] MINIMAX: Starting search for square, time=1.585350s
[10:48:59.342] [DEBUG] [Move 23] MINIMAX: Found 52 legal moves at root
[10:48:59.342] [DEBUG] [Move 23] MINIMAX: Starting iterative deepening
[10:48:59.342] [DEBUG] [Move 23] MINIMAX: Searching at depth 1
[10:48:59.342] [DEBUG] [Move 23] MINIMAX: Root move 1: move eval=-4.900001
[10:48:59.342] [DEBUG] [Move 23] MINIMAX: Alpha improved at root: -1000000.000000 -> -4.900001
[10:48:59.342] [DEBUG] [Move 23] MINIMAX: Root move 2: move eval=-4.900001
[10:48:59.342] [DEBUG] [Move 23] MINIMAX: Root move 3: move eval=-4.900001
[10:48:59.342] [DEBUG] [Move 23] MINIMAX: Root move 4: flip eval=-4.900001
[10:48:59.342] [DEBUG] [Move 23] MINIMAX: Root move 5: flip eval=-4.900001
[10:48:59.342] [DEBUG] [Move 23] MINIMAX: Root move 6: move eval=-4.900001
[10:48:59.342] [DEBUG] [Move 23] MINIMAX: Root move 7: push eval=-4.900001
[10:48:59.342] [DEBUG] [Move 23] MINIMAX: Root move 8: flip eval=-4.900001
[10:48:59.342] [DEBUG] [Move 23] MINIMAX: Root move 9: flip eval=-4.900001
[10:48:59.342] [DEBUG] [Move 23] MINIMAX: Root move 10: push eval=-4.900001
[10:48:59.342] [DEBUG] [Move 23] MINIMAX: Root move 11: push eval=-4.900001
[10:48:59.342] [DEBUG] [Move 23] MINIMAX: Root move 12: push eval=-4.900001
[10:48:59.342] [DEBUG] [Move 23] MINIMAX: Root move 13: flip eval=-4.900001
[10:48:59.342] [DEBUG] [Move 23] MINIMAX: Root move 14: rotate eval=-4.900001
[10:48:59.342] [DEBUG] [Move 23] MINIMAX: Root move 15: push eval=-4.900001
[10:48:59.342] [DEBUG] [Move 23] MINIMAX: Root move 16: flip eval=-4.900001
[10:48:59.342] [DEBUG] [Move 23] MINIMAX: Root move 17: flip eval=-4.900001
[10:48:59.342] [DEBUG] [Move 23] MINIMAX: Root move 18: push eval=-4.900001
[10:48:59.342] [DEBUG] [Move 23] MINIMAX: Root move 19: push eval=-4.900001
[10:48:59.342] [DEBUG] [Move 23] MINIMAX: Root move 20: flip eval=-4.900001
[10:48:59.342] [DEBUG] [Move 23] MINIMAX: Root move 21: flip eval=-4.900001
[10:48:59.342] [DEBUG] [Move 23] MINIMAX: Root move 22: move eval=-4.900001
[10:48:59.342] [DEBUG] [Move 23] MINIMAX: Root move 23: move eval=-4.900001
[10:48:59.342] [DEBUG] [Move 23] MINIMAX: Root move 24: push eval=-4.900001
[10:48:59.342] [DEBUG] [Move 23] MINIMAX: Root move 25: flip eval=-4.900001
[10:48:59.342] [DEBUG] [Move 23] MINIMAX: Root move 26: flip eval=-4.900001
[10:48:59.342] [DEBUG] [Move 23] MINIMAX: Root move 27: move eval=-4.900001
[10:48:59.342] [DEBUG] [Move 23] MINIMAX: Root move 28: move eval=-4.900001
[10:48:59.342] [DEBUG] [Move 23] MINIMAX: Root move 29: move eval=-4.900001
[10:48:59.342] [DEBUG] [Move 23] MINIMAX: Root move 30: flip eval=-4.900001
[10:48:59.342] [DEBUG] [Move 23] MINIMAX: Root move 31: flip eval=-4.900001
[10:48:59.342] [DEBUG] [Move 23] MINIMAX: Root move 32: move eval=-4.900001
[10:48:59.342] [DEBUG] [Move 23] MINIMAX: Root move 33: push eval=-4.900001
[10:48:59.342] [DEBUG] [Move 23] MINIMAX: Root move 34: flip eval=-4.900001
[10:48:59.342] [DEBUG] [Move 23] MINIMAX: Root move 35: flip eval=-4.900001
[10:48:59.342] [DEBUG] [Move 23] MINIMAX: Root move 36: move eval=-4.900001
[10:48:59.343] [DEBUG] [Move 23] MINIMAX: Root move 37: move eval=-4.900001
[10:48:59.343] [DEBUG] [Move 23] MINIMAX: Root move 38: move eval=-4.900001
[10:48:59.343] [DEBUG] [Move 23] MINIMAX: Root move 39: flip eval=-4.900001
[10:48:59.343] [DEBUG] [Move 23] MINIMAX: Root move 40: flip eval=-4.900001
[10:48:59.343] [DEBUG] [Move 23] MINIMAX: Root move 41: move eval=-4.900001
[10:48:59.343] [DEBUG] [Move 23] MINIMAX: Root move 42: flip eval=-4.900001
[10:48:59.343] [DEBUG] [Move 23] MINIMAX: Root move 43: flip eval=-4.900001
[10:48:59.343] [DEBUG] [Move 23] MINIMAX: Root move 44: move eval=-4.900001
[10:48:59.343] [DEBUG] [Move 23] MINIMAX: Root move 45: push eval=-4.900001
[10:48:59.343] [DEBUG] [Move 23] MINIMAX: Root move 46: flip eval=-4.900001
[10:48:59.343] [DEBUG] [Move 23] MINIMAX: Root move 47: flip eval=-4.900001
[10:48:59.343] [DEBUG] [Move 23] MINIMAX: Root move 48: move eval=-4.900001
[10:48:59.343] [DEBUG] [Move 23] MINIMAX: Root move 49: move eval=-4.900001
[10:48:59.343] [DEBUG] [Move 23] MINIMAX: Root move 50: push eval=-4.900001
[10:48:59.343] [DEBUG] [Move 23] MINIMAX: Root move 51: flip eval=-4.900001
[10:48:59.343] [DEBUG] [Move 23] MINIMAX: Root move 52: flip eval=-4.900001
[10:48:59.343] [DEBUG] [Move 23] MINIMAX: Root search complete - evaluated=52/52, cutoffs=0
[10:48:59.343] [DEBUG] [Move 23] MINIMAX: Depth 1 completed, nodes=52, eval=-4.900001, move=move
[10:48:59.343] [DEBUG] [Move 23] MINIMAX: Searching at depth 2
[10:48:59.345] [DEBUG] [Move 23] MINIMAX: Root move 1: move eval=4.200000
[10:48:59.345] [DEBUG] [Move 23] MINIMAX: Alpha improved at root: -1000000.000000 -> 4.200000
[10:48:59.347] [DEBUG] [Move 23] MINIMAX: Root move 2: move eval=4.200000
[10:48:59.348] [DEBUG] [Move 23] MINIMAX: Root move 3: move eval=4.200000
[10:48:59.349] [DEBUG] [Move 23] MINIMAX: Root move 4: flip eval=4.200000
[10:48:59.350] [DEBUG] [Move 23] MINIMAX: Root move 5: flip eval=4.200000
[10:48:59.351] [DEBUG] [Move 23] MINIMAX: Root move 6: move eval=4.200000
[10:48:59.352] [DEBUG] [Move 23] MINIMAX: Root move 7: push eval=4.200000
[10:48:59.353] [DEBUG] [Move 23] MINIMAX: Root move 8: flip eval=4.200000
[10:48:59.353] [DEBUG] [Move 23] MINIMAX: Root move 9: flip eval=4.200000
[10:48:59.354] [DEBUG] [Move 23] MINIMAX: Root move 10: push eval=4.200000
[10:48:59.354] [DEBUG] [Move 23] MINIMAX: Root move 11: push eval=4.200000
[10:48:59.354] [DEBUG] [Move 23] MINIMAX: Root move 12: push eval=4.200000
[10:48:59.355] [DEBUG] [Move 23] MINIMAX: Root move 13: flip eval=4.200000
[10:48:59.356] [DEBUG] [Move 23] MINIMAX: Root move 14: rotate eval=4.200000
[10:48:59.357] [DEBUG] [Move 23] MINIMAX: Root move 15: push eval=4.200000
[10:48:59.357] [DEBUG] [Move 23] MINIMAX: Root move 16: flip eval=4.200000
[10:48:59.358] [DEBUG] [Move 23] MINIMAX: Root move 17: flip eval=4.200000
[10:48:59.359] [DEBUG] [Move 23] MINIMAX: Root move 18: push eval=4.200000
[10:48:59.359] [DEBUG] [Move 23] MINIMAX: Root move 19: push eval=4.200000
[10:48:59.360] [DEBUG] [Move 23] MINIMAX: Root move 20: flip eval=4.200000
[10:48:59.361] [DEBUG] [Move 23] MINIMAX: Root move 21: flip eval=4.200000
[10:48:59.362] [DEBUG] [Move 23] MINIMAX: Root move 22: move eval=4.200000
[10:48:59.363] [DEBUG] [Move 23] MINIMAX: Root move 23: move eval=4.200000
[10:48:59.364] [DEBUG] [Move 23] MINIMAX: Root move 24: push eval=4.200000
[10:48:59.364] [DEBUG] [Move 23] MINIMAX: Root move 25: flip eval=4.200000
[10:48:59.365] [DEBUG] [Move 23] MINIMAX: Root move 26: flip eval=4.200000
[10:48:59.366] [DEBUG] [Move 23] MINIMAX: Root move 27: move eval=4.200000
[10:48:59.367] [DEBUG] [Move 23] MINIMAX: Root move 28: move eval=4.200000
[10:48:59.368] [DEBUG] [Move 23] MINIMAX: Root move 29: move eval=4.200000
[10:48:59.368] [DEBUG] [Move 23] MINIMAX: Root move 30: flip eval=4.200000
[10:48:59.369] [DEBUG] [Move 23] MINIMAX: Root move 31: flip eval=4.200000
[10:48:59.370] [DEBUG] [Move 23] MINIMAX: Root move 32: move eval=4.200000
[10:48:59.371] [DEBUG] [Move 23] MINIMAX: Root move 33: push eval=4.200000
[10:48:59.372] [DEBUG] [Move 23] MINIMAX: Root move 34: flip eval=4.200000
[10:48:59.373] [DEBUG] [Move 23] MINIMAX: Root move 35: flip eval=4.200000
[10:48:59.374] [DEBUG] [Move 23] MINIMAX: Root move 36: move eval=4.200000
[10:48:59.374] [DEBUG] [Move 23] MINIMAX: Root move 37: move eval=4.200000
[10:48:59.375] [DEBUG] [Move 23] MINIMAX: Root move 38: move eval=4.200000
[10:48:59.376] [DEBUG] [Move 23] MINIMAX: Root move 39: flip eval=4.200000
[10:48:59.377] [DEBUG] [Move 23] MINIMAX: Root move 40: flip eval=4.200000
[10:48:59.378] [DEBUG] [Move 23] MINIMAX: Root move 41: move eval=4.200000
[10:48:59.378] [DEBUG] [Move 23] MINIMAX: Root move 42: flip eval=4.200000
[10:48:59.379] [DEBUG] [Move 23] MINIMAX: Root move 43: flip eval=4.200000
[10:48:59.380] [DEBUG] [Move 23] MINIMAX: Root move 44: move eval=4.200000
[10:48:59.381] [DEBUG] [Move 23] MINIMAX: Root move 45: push eval=4.200000
[10:48:59.382] [DEBUG] [Move 23] MINIMAX: Root move 46: flip eval=4.200000
[10:48:59.383] [DEBUG] [Move 23] MINIMAX: Root move 47: flip eval=4.200000
[10:48:59.384] [DEBUG] [Move 23] MINIMAX: Root move 48: move eval=4.200000
[10:48:59.384] [DEBUG] [Move 23] MINIMAX: Root move 49: move eval=4.200000
[10:48:59.385] [DEBUG] [Move 23] MINIMAX: Root move 50: push eval=4.200000
[10:48:59.386] [DEBUG] [Move 23] MINIMAX: Root move 51: flip eval=4.200000
[10:48:59.387] [DEBUG] [Move 23] MINIMAX: Root move 52: flip eval=4.200000
[10:48:59.387] [DEBUG] [Move 23] MINIMAX: Root search complete - evaluated=52/52, cutoffs=0
[10:48:59.387] [DEBUG] [Move 23] MINIMAX: Depth 2 completed, nodes=207, eval=4.200000, move=move
[10:48:59.387] [DEBUG] [Move 23] MINIMAX: Searching at depth 3
[10:48:59.440] [DEBUG] [Move 23] MINIMAX: Root move 1: move eval=-1000000.000000
[10:48:59.440] [DEBUG] [Move 23] MINIMAX: Timeout at root level after 1/52 moves
[10:48:59.440] [DEBUG] [Move 23] MINIMAX: Root search complete - evaluated=1/52, cutoffs=0
[10:48:59.440] [DEBUG] [Move 23] MINIMAX: Depth 3 completed, nodes=172, eval=-1000000.000000, move=move
[10:48:59.440] [DEBUG] [Move 23] MINIMAX: Time limit reached at depth 4
[10:48:59.440] [INFO] [Move 23] MINIMAX: Search complete - depth=2, nodes=431, TT_size=234616, time=0.100000s
[10:48:59.441] [DEBUG] [Move 23] VALIDATION DEBUG: Generated 52 legal moves for validation
[10:48:59.441] [DEBUG] [Move 23] VALIDATION DEBUG: Minimax returned move: move (0,1) -> (0,0)
[10:48:59.441] [DEBUG] [Move 23] VALIDATION DEBUG: Legal move 1: move (0,1) -> (0,0)
[10:48:59.441] [DEBUG] [Move 23] VALIDATION DEBUG: Legal move 2: move (0,1) -> (0,2)
[10:48:59.441] [DEBUG] [Move 23] VALIDATION DEBUG: Legal move 3: move (0,1) -> (1,1)
[10:48:59.441] [DEBUG] [Move 23] VALIDATION DEBUG: Legal move 4: flip (0,1) -> (0,1)
[10:48:59.441] [DEBUG] [Move 23] VALIDATION DEBUG: Legal move 5: flip (0,1) -> (0,1)
[10:48:59.441] [DEBUG] [Move 23] VALIDATION DEBUG: Move found in legal moves - SUCCESS!
[10:48:59.441] [DECISION] [Move 23] FINAL DECISION: move (0,1) -> (0,0) | Reasoning: Minimax search
[10:48:59.441] [DECISION] [Move 23] === MOVE DECISION END ===
[10:48:59.478] [DECISION] [Move 24] === MOVE DECISION START === Player: square, Board: 13x12, Time: 1.48362s (vs 59.9138s)
[10:48:59.478] [DEBUG] [Move 24] MINIMAX: Starting search for square, time=1.483618s
[10:48:59.479] [DEBUG] [Move 24] MINIMAX: Found 51 legal moves at root
[10:48:59.479] [DEBUG] [Move 24] MINIMAX: Starting iterative deepening
[10:48:59.479] [DEBUG] [Move 24] MINIMAX: Searching at depth 1
[10:48:59.479] [DEBUG] [Move 24] MINIMAX: Root move 1: move eval=-4.900001
[10:48:59.479] [DEBUG] [Move 24] MINIMAX: Alpha improved at root: -1000000.000000 -> -4.900001
[10:48:59.479] [DEBUG] [Move 24] MINIMAX: Root move 2: move eval=-4.900001
[10:48:59.479] [DEBUG] [Move 24] MINIMAX: Root move 3: flip eval=-4.900001
[10:48:59.479] [DEBUG] [Move 24] MINIMAX: Root move 4: flip eval=-4.900001
[10:48:59.479] [DEBUG] [Move 24] MINIMAX: Root move 5: move eval=-4.900001
[10:48:59.479] [DEBUG] [Move 24] MINIMAX: Root move 6: push eval=-4.900001
[10:48:59.479] [DEBUG] [Move 24] MINIMAX: Root move 7: flip eval=-4.900001
[10:48:59.480] [DEBUG] [Move 24] MINIMAX: Root move 8: flip eval=-4.900001
[10:48:59.480] [DEBUG] [Move 24] MINIMAX: Root move 9: push eval=-4.900001
[10:48:59.480] [DEBUG] [Move 24] MINIMAX: Root move 10: push eval=-4.900001
[10:48:59.480] [DEBUG] [Move 24] MINIMAX: Root move 11: push eval=-4.900001
[10:48:59.480] [DEBUG] [Move 24] MINIMAX: Root move 12: flip eval=-4.900001
[10:48:59.480] [DEBUG] [Move 24] MINIMAX: Root move 13: rotate eval=-4.900001
[10:48:59.480] [DEBUG] [Move 24] MINIMAX: Root move 14: push eval=-4.900001
[10:48:59.480] [DEBUG] [Move 24] MINIMAX: Root move 15: flip eval=-4.900001
[10:48:59.480] [DEBUG] [Move 24] MINIMAX: Root move 16: flip eval=-4.900001
[10:48:59.480] [DEBUG] [Move 24] MINIMAX: Root move 17: push eval=-4.900001
[10:48:59.480] [DEBUG] [Move 24] MINIMAX: Root move 18: push eval=-4.900001
[10:48:59.480] [DEBUG] [Move 24] MINIMAX: Root move 19: flip eval=-4.900001
[10:48:59.480] [DEBUG] [Move 24] MINIMAX: Root move 20: flip eval=-4.900001
[10:48:59.480] [DEBUG] [Move 24] MINIMAX: Root move 21: move eval=-4.900001
[10:48:59.480] [DEBUG] [Move 24] MINIMAX: Root move 22: move eval=-4.900001
[10:48:59.480] [DEBUG] [Move 24] MINIMAX: Root move 23: push eval=-4.900001
[10:48:59.480] [DEBUG] [Move 24] MINIMAX: Root move 24: flip eval=-4.900001
[10:48:59.480] [DEBUG] [Move 24] MINIMAX: Root move 25: flip eval=-4.900001
[10:48:59.480] [DEBUG] [Move 24] MINIMAX: Root move 26: move eval=-4.900001
[10:48:59.480] [DEBUG] [Move 24] MINIMAX: Root move 27: move eval=-4.900001
[10:48:59.480] [DEBUG] [Move 24] MINIMAX: Root move 28: move eval=-4.900001
[10:48:59.480] [DEBUG] [Move 24] MINIMAX: Root move 29: flip eval=-4.900001
[10:48:59.480] [DEBUG] [Move 24] MINIMAX: Root move 30: flip eval=-4.900001
[10:48:59.480] [DEBUG] [Move 24] MINIMAX: Root move 31: move eval=-4.900001
[10:48:59.480] [DEBUG] [Move 24] MINIMAX: Root move 32: push eval=-4.900001
[10:48:59.480] [DEBUG] [Move 24] MINIMAX: Root move 33: flip eval=-4.900001
[10:48:59.480] [DEBUG] [Move 24] MINIMAX: Root move 34: flip eval=-4.900001
[10:48:59.480] [DEBUG] [Move 24] MINIMAX: Root move 35: move eval=-4.900001
[10:48:59.480] [DEBUG] [Move 24] MINIMAX: Root move 36: move eval=-4.900001
[10:48:59.480] [DEBUG] [Move 24] MINIMAX: Root move 37: move eval=-4.900001
[10:48:59.480] [DEBUG] [Move 24] MINIMAX: Root move 38: flip eval=-4.900001
[10:48:59.480] [DEBUG] [Move 24] MINIMAX: Root move 39: flip eval=-4.900001
[10:48:59.480] [DEBUG] [Move 24] MINIMAX: Root move 40: move eval=-4.900001
[10:48:59.480] [DEBUG] [Move 24] MINIMAX: Root move 41: flip eval=-4.900001
[10:48:59.480] [DEBUG] [Move 24] MINIMAX: Root move 42: flip eval=-4.900001
[10:48:59.480] [DEBUG] [Move 24] MINIMAX: Root move 43: move eval=-4.900001
[10:48:59.480] [DEBUG] [Move 24] MINIMAX: Root move 44: push eval=-4.900001
[10:48:59.480] [DEBUG] [Move 24] MINIMAX: Root move 45: flip eval=-4.900001
[10:48:59.480] [DEBUG] [Move 24] MINIMAX: Root move 46: flip eval=-4.900001
[10:48:59.480] [DEBUG] [Move 24] MINIMAX: Root move 47: move eval=-4.900001
[10:48:59.480] [DEBUG] [Move 24] MINIMAX: Root move 48: move eval=-4.900001
[10:48:59.480] [DEBUG] [Move 24] MINIMAX: Root move 49: push eval=-4.900001
[10:48:59.480] [DEBUG] [Move 24] MINIMAX: Root move 50: flip eval=-4.900001
[10:48:59.480] [DEBUG] [Move 24] MINIMAX: Root move 51: flip eval=-4.900001
[10:48:59.480] [DEBUG] [Move 24] MINIMAX: Root search complete - evaluated=51/51, cutoffs=0
[10:48:59.480] [DEBUG] [Move 24] MINIMAX: Depth 1 completed, nodes=51, eval=-4.900001, move=move
[10:48:59.480] [DEBUG] [Move 24] MINIMAX: Searching at depth 2
[10:48:59.482] [DEBUG] [Move 24] MINIMAX: Root move 1: move eval=4.200000
[10:48:59.482] [DEBUG] [Move 24] MINIMAX: Alpha improved at root: -1000000.000000 -> 4.200000
[10:48:59.483] [DEBUG] [Move 24] MINIMAX: Root move 2: move eval=4.200000
[10:48:59.486] [DEBUG] [Move 24] MINIMAX: Root move 3: flip eval=4.200000
[10:48:59.487] [DEBUG] [Move 24] MINIMAX: Root move 4: flip eval=4.200000
[10:48:59.488] [DEBUG] [Move 24] MINIMAX: Root move 5: move eval=4.200000
[10:48:59.489] [DEBUG] [Move 24] MINIMAX: Root move 6: push eval=4.200000
[10:48:59.490] [DEBUG] [Move 24] MINIMAX: Root move 7: flip eval=4.200000
[10:48:59.491] [DEBUG] [Move 24] MINIMAX: Root move 8: flip eval=4.200000
[10:48:59.492] [DEBUG] [Move 24] MINIMAX: Root move 9: push eval=4.200000
[10:48:59.493] [DEBUG] [Move 24] MINIMAX: Root move 10: push eval=4.200000
[10:48:59.493] [DEBUG] [Move 24] MINIMAX: Root move 11: push eval=4.200000
[10:48:59.494] [DEBUG] [Move 24] MINIMAX: Root move 12: flip eval=4.200000
[10:48:59.496] [DEBUG] [Move 24] MINIMAX: Root move 13: rotate eval=4.200000
[10:48:59.497] [DEBUG] [Move 24] MINIMAX: Root move 14: push eval=4.200000
[10:48:59.499] [DEBUG] [Move 24] MINIMAX: Root move 15: flip eval=4.200000
[10:48:59.500] [DEBUG] [Move 24] MINIMAX: Root move 16: flip eval=4.200000
[10:48:59.501] [DEBUG] [Move 24] MINIMAX: Root move 17: push eval=4.200000
[10:48:59.501] [DEBUG] [Move 24] MINIMAX: Root move 18: push eval=4.200000
[10:48:59.502] [DEBUG] [Move 24] MINIMAX: Root move 19: flip eval=4.200000
[10:48:59.503] [DEBUG] [Move 24] MINIMAX: Root move 20: flip eval=4.200000
[10:48:59.504] [DEBUG] [Move 24] MINIMAX: Root move 21: move eval=4.200000
[10:48:59.505] [DEBUG] [Move 24] MINIMAX: Root move 22: move eval=4.200000
[10:48:59.506] [DEBUG] [Move 24] MINIMAX: Root move 23: push eval=4.200000
[10:48:59.507] [DEBUG] [Move 24] MINIMAX: Root move 24: flip eval=4.200000
[10:48:59.508] [DEBUG] [Move 24] MINIMAX: Root move 25: flip eval=4.200000
[10:48:59.509] [DEBUG] [Move 24] MINIMAX: Root move 26: move eval=4.200000
[10:48:59.510] [DEBUG] [Move 24] MINIMAX: Root move 27: move eval=4.200000
[10:48:59.511] [DEBUG] [Move 24] MINIMAX: Root move 28: move eval=4.200000
[10:48:59.512] [DEBUG] [Move 24] MINIMAX: Root move 29: flip eval=4.200000
[10:48:59.512] [DEBUG] [Move 24] MINIMAX: Root move 30: flip eval=4.200000
[10:48:59.513] [DEBUG] [Move 24] MINIMAX: Root move 31: move eval=4.200000
[10:48:59.514] [DEBUG] [Move 24] MINIMAX: Root move 32: push eval=4.200000
[10:48:59.515] [DEBUG] [Move 24] MINIMAX: Root move 33: flip eval=4.200000
[10:48:59.516] [DEBUG] [Move 24] MINIMAX: Root move 34: flip eval=4.200000
[10:48:59.516] [DEBUG] [Move 24] MINIMAX: Root move 35: move eval=4.200000
[10:48:59.517] [DEBUG] [Move 24] MINIMAX: Root move 36: move eval=4.200000
[10:48:59.518] [DEBUG] [Move 24] MINIMAX: Root move 37: move eval=4.200000
[10:48:59.519] [DEBUG] [Move 24] MINIMAX: Root move 38: flip eval=4.200000
[10:48:59.520] [DEBUG] [Move 24] MINIMAX: Root move 39: flip eval=4.200000
[10:48:59.521] [DEBUG] [Move 24] MINIMAX: Root move 40: move eval=4.200000
[10:48:59.522] [DEBUG] [Move 24] MINIMAX: Root move 41: flip eval=4.200000
[10:48:59.523] [DEBUG] [Move 24] MINIMAX: Root move 42: flip eval=4.200000
[10:48:59.523] [DEBUG] [Move 24] MINIMAX: Root move 43: move eval=4.200000
[10:48:59.524] [DEBUG] [Move 24] MINIMAX: Root move 44: push eval=4.200000
[10:48:59.525] [DEBUG] [Move 24] MINIMAX: Root move 45: flip eval=4.200000
[10:48:59.526] [DEBUG] [Move 24] MINIMAX: Root move 46: flip eval=4.200000
[10:48:59.527] [DEBUG] [Move 24] MINIMAX: Root move 47: move eval=4.200000
[10:48:59.528] [DEBUG] [Move 24] MINIMAX: Root move 48: move eval=4.200000
[10:48:59.529] [DEBUG] [Move 24] MINIMAX: Root move 49: push eval=4.200000
[10:48:59.530] [DEBUG] [Move 24] MINIMAX: Root move 50: flip eval=4.200000
[10:48:59.531] [DEBUG] [Move 24] MINIMAX: Root move 51: flip eval=4.200000
[10:48:59.531] [DEBUG] [Move 24] MINIMAX: Root search complete - evaluated=51/51, cutoffs=0
[10:48:59.531] [DEBUG] [Move 24] MINIMAX: Depth 2 completed, nodes=216, eval=4.200000, move=move
[10:48:59.531] [DEBUG] [Move 24] MINIMAX: Searching at depth 3
[10:48:59.579] [DEBUG] [Move 24] MINIMAX: Root move 1: move eval=-1000000.000000
[10:48:59.579] [DEBUG] [Move 24] MINIMAX: Timeout at root level after 1/51 moves
[10:48:59.579] [DEBUG] [Move 24] MINIMAX: Root search complete - evaluated=1/51, cutoffs=0
[10:48:59.579] [DEBUG] [Move 24] MINIMAX: Depth 3 completed, nodes=195, eval=-1000000.000000, move=move
[10:48:59.579] [DEBUG] [Move 24] MINIMAX: Time limit reached at depth 4
[10:48:59.579] [INFO] [Move 24] MINIMAX: Search complete - depth=2, nodes=462, TT_size=234919, time=0.100000s
[10:48:59.579] [DEBUG] [Move 24] VALIDATION DEBUG: Generated 51 legal moves for validation
[10:48:59.579] [DEBUG] [Move 24] VALIDATION DEBUG: Minimax returned move: move (0,0) -> (0,1)
[10:48:59.579] [DEBUG] [Move 24] VALIDATION DEBUG: Legal move 1: move (0,0) -> (0,1)
[10:48:59.579] [DEBUG] [Move 24] VALIDATION DEBUG: Legal move 2: move (0,0) -> (1,0)
[10:48:59.579] [DEBUG] [Move 24] VALIDATION DEBUG: Legal move 3: flip (0,0) -> (0,0)
[10:48:59.579] [DEBUG] [Move 24] VALIDATION DEBUG: Legal move 4: flip (0,0) -> (0,0)
[10:48:59.579] [DEBUG] [Move 24] VALIDATION DEBUG: Legal move 5: move (4,3) -> (3,3)
[10:48:59.579] [DEBUG] [Move 24] VALIDATION DEBUG: Move found in legal moves - SUCCESS!
[10:48:59.579] [DECISION] [Move 24] FINAL DECISION: move (0,0) -> (0,1) | Reasoning: Minimax search
[10:48:59.579] [DECISION] [Move 24] === MOVE DECISION END ===
[10:48:59.617] [DECISION] [Move 25] === MOVE DECISION START === Player: square, Board: 13x12, Time: 1.38155s (vs 59.9111s)
[10:48:59.617] [DEBUG] [Move 25] MINIMAX: Starting search for square, time=1.381551s
[10:48:59.618] [DEBUG] [Move 25] MINIMAX: Found 52 legal moves at root
[10:48:59.618] [DEBUG] [Move 25] MINIMAX: Starting iterative deepening
[10:48:59.618] [DEBUG] [Move 25] MINIMAX: Searching at depth 1
[10:48:59.618] [DEBUG] [Move 25] MINIMAX: Root move 1: move eval=-4.900001
[10:48:59.618] [DEBUG] [Move 25] MINIMAX: Alpha improved at root: -1000000.000000 -> -4.900001
[10:48:59.618] [DEBUG] [Move 25] MINIMAX: Root move 2: move eval=-4.900001
[10:48:59.618] [DEBUG] [Move 25] MINIMAX: Root move 3: move eval=-4.900001
[10:48:59.618] [DEBUG] [Move 25] MINIMAX: Root move 4: flip eval=-4.900001
[10:48:59.618] [DEBUG] [Move 25] MINIMAX: Root move 5: flip eval=-4.900001
[10:48:59.618] [DEBUG] [Move 25] MINIMAX: Root move 6: move eval=-4.900001
[10:48:59.618] [DEBUG] [Move 25] MINIMAX: Root move 7: push eval=-4.900001
[10:48:59.618] [DEBUG] [Move 25] MINIMAX: Root move 8: flip eval=-4.900001
[10:48:59.618] [DEBUG] [Move 25] MINIMAX: Root move 9: flip eval=-4.900001
[10:48:59.618] [DEBUG] [Move 25] MINIMAX: Root move 10: push eval=-4.900001
[10:48:59.618] [DEBUG] [Move 25] MINIMAX: Root move 11: push eval=-4.900001
[10:48:59.619] [DEBUG] [Move 25] MINIMAX: Root move 12: push eval=-4.900001
[10:48:59.619] [DEBUG] [Move 25] MINIMAX: Root move 13: flip eval=-4.900001
[10:48:59.619] [DEBUG] [Move 25] MINIMAX: Root move 14: rotate eval=-4.900001
[10:48:59.619] [DEBUG] [Move 25] MINIMAX: Root move 15: push eval=-4.900001
[10:48:59.619] [DEBUG] [Move 25] MINIMAX: Root move 16: flip eval=-4.900001
[10:48:59.619] [DEBUG] [Move 25] MINIMAX: Root move 17: flip eval=-4.900001
[10:48:59.619] [DEBUG] [Move 25] MINIMAX: Root move 18: push eval=-4.900001
[10:48:59.619] [DEBUG] [Move 25] MINIMAX: Root move 19: push eval=-4.900001
[10:48:59.619] [DEBUG] [Move 25] MINIMAX: Root move 20: flip eval=-4.900001
[10:48:59.619] [DEBUG] [Move 25] MINIMAX: Root move 21: flip eval=-4.900001
[10:48:59.619] [DEBUG] [Move 25] MINIMAX: Root move 22: move eval=-4.900001
[10:48:59.619] [DEBUG] [Move 25] MINIMAX: Root move 23: move eval=-4.900001
[10:48:59.619] [DEBUG] [Move 25] MINIMAX: Root move 24: push eval=-4.900001
[10:48:59.619] [DEBUG] [Move 25] MINIMAX: Root move 25: flip eval=-4.900001
[10:48:59.619] [DEBUG] [Move 25] MINIMAX: Root move 26: flip eval=-4.900001
[10:48:59.619] [DEBUG] [Move 25] MINIMAX: Root move 27: move eval=-4.900001
[10:48:59.619] [DEBUG] [Move 25] MINIMAX: Root move 28: move eval=-4.900001
[10:48:59.619] [DEBUG] [Move 25] MINIMAX: Root move 29: move eval=-4.900001
[10:48:59.619] [DEBUG] [Move 25] MINIMAX: Root move 30: flip eval=-4.900001
[10:48:59.619] [DEBUG] [Move 25] MINIMAX: Root move 31: flip eval=-4.900001
[10:48:59.619] [DEBUG] [Move 25] MINIMAX: Root move 32: move eval=-4.900001
[10:48:59.619] [DEBUG] [Move 25] MINIMAX: Root move 33: push eval=-4.900001
[10:48:59.619] [DEBUG] [Move 25] MINIMAX: Root move 34: flip eval=-4.900001
[10:48:59.619] [DEBUG] [Move 25] MINIMAX: Root move 35: flip eval=-4.900001
[10:48:59.619] [DEBUG] [Move 25] MINIMAX: Root move 36: move eval=-4.900001
[10:48:59.619] [DEBUG] [Move 25] MINIMAX: Root move 37: move eval=-4.900001
[10:48:59.619] [DEBUG] [Move 25] MINIMAX: Root move 38: move eval=-4.900001
[10:48:59.619] [DEBUG] [Move 25] MINIMAX: Root move 39: flip eval=-4.900001
[10:48:59.619] [DEBUG] [Move 25] MINIMAX: Root move 40: flip eval=-4.900001
[10:48:59.619] [DEBUG] [Move 25] MINIMAX: Root move 41: move eval=-4.900001
[10:48:59.619] [DEBUG] [Move 25] MINIMAX: Root move 42: flip eval=-4.900001
[10:48:59.619] [DEBUG] [Move 25] MINIMAX: Root move 43: flip eval=-4.900001
[10:48:59.619] [DEBUG] [Move 25] MINIMAX: Root move 44: move eval=-4.900001
[10:48:59.619] [DEBUG] [Move 25] MINIMAX: Root move 45: push eval=-4.900001
[10:48:59.619] [DEBUG] [Move 25] MINIMAX: Root move 46: flip eval=-4.900001
[10:48:59.619] [DEBUG] [Move 25] MINIMAX: Root move 47: flip eval=-4.900001
[10:48:59.619] [DEBUG] [Move 25] MINIMAX: Root move 48: move eval=-4.900001
[10:48:59.619] [DEBUG] [Move 25] MINIMAX: Root move 49: move eval=-4.900001
[10:48:59.619] [DEBUG] [Move 25] MINIMAX: Root move 50: push eval=-4.900001
[10:48:59.619] [DEBUG] [Move 25] MINIMAX: Root move 51: flip eval=-4.900001
[10:48:59.619] [DEBUG] [Move 25] MINIMAX: Root move 52: flip eval=-4.900001
[10:48:59.619] [DEBUG] [Move 25] MINIMAX: Root search complete - evaluated=52/52, cutoffs=0
[10:48:59.619] [DEBUG] [Move 25] MINIMAX: Depth 1 completed, nodes=52, eval=-4.900001, move=move
[10:48:59.619] [DEBUG] [Move 25] MINIMAX: Searching at depth 2
[10:48:59.621] [DEBUG] [Move 25] MINIMAX: Root move 1: move eval=4.200000
[10:48:59.621] [DEBUG] [Move 25] MINIMAX: Alpha improved at root: -1000000.000000 -> 4.200000
[10:48:59.623] [DEBUG] [Move 25] MINIMAX: Root move 2: move eval=4.200000
[10:48:59.624] [DEBUG] [Move 25] MINIMAX: Root move 3: move eval=4.200000
[10:48:59.625] [DEBUG] [Move 25] MINIMAX: Root move 4: flip eval=4.200000
[10:48:59.626] [DEBUG] [Move 25] MINIMAX: Root move 5: flip eval=4.200000
[10:48:59.627] [DEBUG] [Move 25] MINIMAX: Root move 6: move eval=4.200000
[10:48:59.628] [DEBUG] [Move 25] MINIMAX: Root move 7: push eval=4.200000
[10:48:59.628] [DEBUG] [Move 25] MINIMAX: Root move 8: flip eval=4.200000
[10:48:59.629] [DEBUG] [Move 25] MINIMAX: Root move 9: flip eval=4.200000
[10:48:59.631] [DEBUG] [Move 25] MINIMAX: Root move 10: push eval=4.200000
[10:48:59.631] [DEBUG] [Move 25] MINIMAX: Root move 11: push eval=4.200000
[10:48:59.631] [DEBUG] [Move 25] MINIMAX: Root move 12: push eval=4.200000
[10:48:59.632] [DEBUG] [Move 25] MINIMAX: Root move 13: flip eval=4.200000
[10:48:59.634] [DEBUG] [Move 25] MINIMAX: Root move 14: rotate eval=4.200000
[10:48:59.635] [DEBUG] [Move 25] MINIMAX: Root move 15: push eval=4.200000
[10:48:59.636] [DEBUG] [Move 25] MINIMAX: Root move 16: flip eval=4.200000
[10:48:59.637] [DEBUG] [Move 25] MINIMAX: Root move 17: flip eval=4.200000
[10:48:59.639] [DEBUG] [Move 25] MINIMAX: Root move 18: push eval=4.200000
[10:48:59.639] [DEBUG] [Move 25] MINIMAX: Root move 19: push eval=4.200000
[10:48:59.640] [DEBUG] [Move 25] MINIMAX: Root move 20: flip eval=4.200000
[10:48:59.642] [DEBUG] [Move 25] MINIMAX: Root move 21: flip eval=4.200000
[10:48:59.644] [DEBUG] [Move 25] MINIMAX: Root move 22: move eval=4.200000
[10:48:59.645] [DEBUG] [Move 25] MINIMAX: Root move 23: move eval=4.200000
[10:48:59.646] [DEBUG] [Move 25] MINIMAX: Root move 24: push eval=4.200000
[10:48:59.648] [DEBUG] [Move 25] MINIMAX: Root move 25: flip eval=4.200000
[10:48:59.649] [DEBUG] [Move 25] MINIMAX: Root move 26: flip eval=4.200000
[10:48:59.651] [DEBUG] [Move 25] MINIMAX: Root move 27: move eval=4.200000
[10:48:59.652] [DEBUG] [Move 25] MINIMAX: Root move 28: move eval=4.200000
[10:48:59.654] [DEBUG] [Move 25] MINIMAX: Root move 29: move eval=4.200000
[10:48:59.655] [DEBUG] [Move 25] MINIMAX: Root move 30: flip eval=4.200000
[10:48:59.657] [DEBUG] [Move 25] MINIMAX: Root move 31: flip eval=4.200000
[10:48:59.658] [DEBUG] [Move 25] MINIMAX: Root move 32: move eval=4.200000
[10:48:59.659] [DEBUG] [Move 25] MINIMAX: Root move 33: push eval=4.200000
[10:48:59.661] [DEBUG] [Move 25] MINIMAX: Root move 34: flip eval=4.200000
[10:48:59.662] [DEBUG] [Move 25] MINIMAX: Root move 35: flip eval=4.200000
[10:48:59.663] [DEBUG] [Move 25] MINIMAX: Root move 36: move eval=4.200000
[10:48:59.664] [DEBUG] [Move 25] MINIMAX: Root move 37: move eval=4.200000
[10:48:59.665] [DEBUG] [Move 25] MINIMAX: Root move 38: move eval=4.200000
[10:48:59.665] [DEBUG] [Move 25] MINIMAX: Root move 39: flip eval=4.200000
[10:48:59.666] [DEBUG] [Move 25] MINIMAX: Root move 40: flip eval=4.200000
[10:48:59.667] [DEBUG] [Move 25] MINIMAX: Root move 41: move eval=4.200000
[10:48:59.668] [DEBUG] [Move 25] MINIMAX: Root move 42: flip eval=4.200000
[10:48:59.670] [DEBUG] [Move 25] MINIMAX: Root move 43: flip eval=4.200000
[10:48:59.670] [DEBUG] [Move 25] MINIMAX: Root move 44: move eval=4.200000
[10:48:59.671] [DEBUG] [Move 25] MINIMAX: Root move 45: push eval=4.200000
[10:48:59.672] [DEBUG] [Move 25] MINIMAX: Root move 46: flip eval=4.200000
[10:48:59.673] [DEBUG] [Move 25] MINIMAX: Root move 47: flip eval=4.200000
[10:48:59.674] [DEBUG] [Move 25] MINIMAX: Root move 48: move eval=4.200000
[10:48:59.675] [DEBUG] [Move 25] MINIMAX: Root move 49: move eval=4.200000
[10:48:59.676] [DEBUG] [Move 25] MINIMAX: Root move 50: push eval=4.200000
[10:48:59.676] [DEBUG] [Move 25] MINIMAX: Root move 51: flip eval=4.200000
[10:48:59.677] [DEBUG] [Move 25] MINIMAX: Root move 52: flip eval=4.200000
[10:48:59.677] [DEBUG] [Move 25] MINIMAX: Root search complete - evaluated=52/52, cutoffs=0
[10:48:59.677] [DEBUG] [Move 25] MINIMAX: Depth 2 completed, nodes=213, eval=4.200000, move=move
[10:48:59.677] [DEBUG] [Move 25] MINIMAX: Searching at depth 3
[10:48:59.717] [DEBUG] [Move 25] MINIMAX: Root move 1: move eval=-1000000.000000
[10:48:59.717] [DEBUG] [Move 25] MINIMAX: Timeout at root level after 1/52 moves
[10:48:59.717] [DEBUG] [Move 25] MINIMAX: Root search complete - evaluated=1/52, cutoffs=0
[10:48:59.717] [DEBUG] [Move 25] MINIMAX: Depth 3 completed, nodes=149, eval=-1000000.000000, move=move
[10:48:59.717] [DEBUG] [Move 25] MINIMAX: Time limit reached at depth 4
[10:48:59.717] [INFO] [Move 25] MINIMAX: Search complete - depth=2, nodes=414, TT_size=235199, time=0.100000s
[10:48:59.718] [DEBUG] [Move 25] VALIDATION DEBUG: Generated 52 legal moves for validation
[10:48:59.718] [DEBUG] [Move 25] VALIDATION DEBUG: Minimax returned move: move (0,1) -> (0,0)
[10:48:59.718] [DEBUG] [Move 25] VALIDATION DEBUG: Legal move 1: move (0,1) -> (0,0)
[10:48:59.718] [DEBUG] [Move 25] VALIDATION DEBUG: Legal move 2: move (0,1) -> (0,2)
[10:48:59.718] [DEBUG] [Move 25] VALIDATION DEBUG: Legal move 3: move (0,1) -> (1,1)
[10:48:59.718] [DEBUG] [Move 25] VALIDATION DEBUG: Legal move 4: flip (0,1) -> (0,1)
[10:48:59.718] [DEBUG] [Move 25] VALIDATION DEBUG: Legal move 5: flip (0,1) -> (0,1)
[10:48:59.718] [DEBUG] [Move 25] VALIDATION DEBUG: Move found in legal moves - SUCCESS!
[10:48:59.718] [DECISION] [Move 25] FINAL DECISION: move (0,1) -> (0,0) | Reasoning: Minimax search
[10:48:59.718] [DECISION] [Move 25] === MOVE DECISION END ===
[10:48:59.754] [DECISION] [Move 26] === MOVE DECISION START === Player: square, Board: 13x12, Time: 1.28002s (vs 59.9085s)
[10:48:59.755] [DEBUG] [Move 26] MINIMAX: Starting search for square, time=1.280015s
[10:48:59.756] [DEBUG] [Move 26] MINIMAX: Found 51 legal moves at root
[10:48:59.756] [DEBUG] [Move 26] MINIMAX: Starting iterative deepening
[10:48:59.756] [DEBUG] [Move 26] MINIMAX: Searching at depth 1
[10:48:59.756] [DEBUG] [Move 26] MINIMAX: Root move 1: move eval=-4.900001
[10:48:59.756] [DEBUG] [Move 26] MINIMAX: Alpha improved at root: -1000000.000000 -> -4.900001
[10:48:59.756] [DEBUG] [Move 26] MINIMAX: Root move 2: move eval=-4.900001
[10:48:59.756] [DEBUG] [Move 26] MINIMAX: Root move 3: flip eval=-4.900001
[10:48:59.756] [DEBUG] [Move 26] MINIMAX: Root move 4: flip eval=-4.900001
[10:48:59.756] [DEBUG] [Move 26] MINIMAX: Root move 5: move eval=-4.900001
[10:48:59.756] [DEBUG] [Move 26] MINIMAX: Root move 6: push eval=-4.900001
[10:48:59.756] [DEBUG] [Move 26] MINIMAX: Root move 7: flip eval=-4.900001
[10:48:59.756] [DEBUG] [Move 26] MINIMAX: Root move 8: flip eval=-4.900001
[10:48:59.756] [DEBUG] [Move 26] MINIMAX: Root move 9: push eval=-4.900001
[10:48:59.756] [DEBUG] [Move 26] MINIMAX: Root move 10: push eval=-4.900001
[10:48:59.756] [DEBUG] [Move 26] MINIMAX: Root move 11: push eval=-4.900001
[10:48:59.756] [DEBUG] [Move 26] MINIMAX: Root move 12: flip eval=-4.900001
[10:48:59.756] [DEBUG] [Move 26] MINIMAX: Root move 13: rotate eval=-4.900001
[10:48:59.756] [DEBUG] [Move 26] MINIMAX: Root move 14: push eval=-4.900001
[10:48:59.756] [DEBUG] [Move 26] MINIMAX: Root move 15: flip eval=-4.900001
[10:48:59.756] [DEBUG] [Move 26] MINIMAX: Root move 16: flip eval=-4.900001
[10:48:59.757] [DEBUG] [Move 26] MINIMAX: Root move 17: push eval=-4.900001
[10:48:59.757] [DEBUG] [Move 26] MINIMAX: Root move 18: push eval=-4.900001
[10:48:59.757] [DEBUG] [Move 26] MINIMAX: Root move 19: flip eval=-4.900001
[10:48:59.757] [DEBUG] [Move 26] MINIMAX: Root move 20: flip eval=-4.900001
[10:48:59.757] [DEBUG] [Move 26] MINIMAX: Root move 21: move eval=-4.900001
[10:48:59.757] [DEBUG] [Move 26] MINIMAX: Root move 22: move eval=-4.900001
[10:48:59.757] [DEBUG] [Move 26] MINIMAX: Root move 23: push eval=-4.900001
[10:48:59.757] [DEBUG] [Move 26] MINIMAX: Root move 24: flip eval=-4.900001
[10:48:59.757] [DEBUG] [Move 26] MINIMAX: Root move 25: flip eval=-4.900001
[10:48:59.757] [DEBUG] [Move 26] MINIMAX: Root move 26: move eval=-4.900001
[10:48:59.757] [DEBUG] [Move 26] MINIMAX: Root move 27: move eval=-4.900001
[10:48:59.757] [DEBUG] [Move 26] MINIMAX: Root move 28: move eval=-4.900001
[10:48:59.757] [DEBUG] [Move 26] MINIMAX: Root move 29: flip eval=-4.900001
[10:48:59.757] [DEBUG] [Move 26] MINIMAX: Root move 30: flip eval=-4.900001
[10:48:59.757] [DEBUG] [Move 26] MINIMAX: Root move 31: move eval=-4.900001
[10:48:59.757] [DEBUG] [Move 26] MINIMAX: Root move 32: push eval=-4.900001
[10:48:59.757] [DEBUG] [Move 26] MINIMAX: Root move 33: flip eval=-4.900001
[10:48:59.757] [DEBUG] [Move 26] MINIMAX: Root move 34: flip eval=-4.900001
[10:48:59.757] [DEBUG] [Move 26] MINIMAX: Root move 35: move eval=-4.900001
[10:48:59.757] [DEBUG] [Move 26] MINIMAX: Root move 36: move eval=-4.900001
[10:48:59.757] [DEBUG] [Move 26] MINIMAX: Root move 37: move eval=-4.900001
[10:48:59.757] [DEBUG] [Move 26] MINIMAX: Root move 38: flip eval=-4.900001
[10:48:59.757] [DEBUG] [Move 26] MINIMAX: Root move 39: flip eval=-4.900001
[10:48:59.757] [DEBUG] [Move 26] MINIMAX: Root move 40: move eval=-4.900001
[10:48:59.757] [DEBUG] [Move 26] MINIMAX: Root move 41: flip eval=-4.900001
[10:48:59.757] [DEBUG] [Move 26] MINIMAX: Root move 42: flip eval=-4.900001
[10:48:59.757] [DEBUG] [Move 26] MINIMAX: Root move 43: move eval=-4.900001
[10:48:59.757] [DEBUG] [Move 26] MINIMAX: Root move 44: push eval=-4.900001
[10:48:59.757] [DEBUG] [Move 26] MINIMAX: Root move 45: flip eval=-4.900001
[10:48:59.757] [DEBUG] [Move 26] MINIMAX: Root move 46: flip eval=-4.900001
[10:48:59.757] [DEBUG] [Move 26] MINIMAX: Root move 47: move eval=-4.900001
[10:48:59.757] [DEBUG] [Move 26] MINIMAX: Root move 48: move eval=-4.900001
[10:48:59.757] [DEBUG] [Move 26] MINIMAX: Root move 49: push eval=-4.900001
[10:48:59.757] [DEBUG] [Move 26] MINIMAX: Root move 50: flip eval=-4.900001
[10:48:59.757] [DEBUG] [Move 26] MINIMAX: Root move 51: flip eval=-4.900001
[10:48:59.757] [DEBUG] [Move 26] MINIMAX: Root search complete - evaluated=51/51, cutoffs=0
[10:48:59.757] [DEBUG] [Move 26] MINIMAX: Depth 1 completed, nodes=51, eval=-4.900001, move=move
[10:48:59.757] [DEBUG] [Move 26] MINIMAX: Searching at depth 2
[10:48:59.760] [DEBUG] [Move 26] MINIMAX: Root move 1: move eval=4.200000
[10:48:59.760] [DEBUG] [Move 26] MINIMAX: Alpha improved at root: -1000000.000000 -> 4.200000
[10:48:59.762] [DEBUG] [Move 26] MINIMAX: Root move 2: move eval=4.200000
[10:48:59.764] [DEBUG] [Move 26] MINIMAX: Root move 3: flip eval=4.200000
[10:48:59.766] [DEBUG] [Move 26] MINIMAX: Root move 4: flip eval=4.200000
[10:48:59.768] [DEBUG] [Move 26] MINIMAX: Root move 5: move eval=4.200000
[10:48:59.770] [DEBUG] [Move 26] MINIMAX: Root move 6: push eval=4.200000
[10:48:59.772] [DEBUG] [Move 26] MINIMAX: Root move 7: flip eval=4.200000
[10:48:59.774] [DEBUG] [Move 26] MINIMAX: Root move 8: flip eval=4.200000
[10:48:59.775] [DEBUG] [Move 26] MINIMAX: Root move 9: push eval=4.200000
[10:48:59.775] [DEBUG] [Move 26] MINIMAX: Root move 10: push eval=4.200000
[10:48:59.775] [DEBUG] [Move 26] MINIMAX: Root move 11: push eval=4.200000
[10:48:59.777] [DEBUG] [Move 26] MINIMAX: Root move 12: flip eval=4.200000
[10:48:59.778] [DEBUG] [Move 26] MINIMAX: Root move 13: rotate eval=4.200000
[10:48:59.780] [DEBUG] [Move 26] MINIMAX: Root move 14: push eval=4.200000
[10:48:59.781] [DEBUG] [Move 26] MINIMAX: Root move 15: flip eval=4.200000
[10:48:59.782] [DEBUG] [Move 26] MINIMAX: Root move 16: flip eval=4.200000
[10:48:59.784] [DEBUG] [Move 26] MINIMAX: Root move 17: push eval=4.200000
[10:48:59.784] [DEBUG] [Move 26] MINIMAX: Root move 18: push eval=4.200000
[10:48:59.785] [DEBUG] [Move 26] MINIMAX: Root move 19: flip eval=4.200000
[10:48:59.787] [DEBUG] [Move 26] MINIMAX: Root move 20: flip eval=4.200000
[10:48:59.789] [DEBUG] [Move 26] MINIMAX: Root move 21: move eval=4.200000
[10:48:59.791] [DEBUG] [Move 26] MINIMAX: Root move 22: move eval=4.200000
[10:48:59.793] [DEBUG] [Move 26] MINIMAX: Root move 23: push eval=4.200000
[10:48:59.795] [DEBUG] [Move 26] MINIMAX: Root move 24: flip eval=4.200000
[10:48:59.797] [DEBUG] [Move 26] MINIMAX: Root move 25: flip eval=4.200000
[10:48:59.799] [DEBUG] [Move 26] MINIMAX: Root move 26: move eval=4.200000
[10:48:59.800] [DEBUG] [Move 26] MINIMAX: Root move 27: move eval=4.200000
[10:48:59.802] [DEBUG] [Move 26] MINIMAX: Root move 28: move eval=4.200000
[10:48:59.803] [DEBUG] [Move 26] MINIMAX: Root move 29: flip eval=4.200000
[10:48:59.804] [DEBUG] [Move 26] MINIMAX: Root move 30: flip eval=4.200000
[10:48:59.805] [DEBUG] [Move 26] MINIMAX: Root move 31: move eval=4.200000
[10:48:59.806] [DEBUG] [Move 26] MINIMAX: Root move 32: push eval=4.200000
[10:48:59.807] [DEBUG] [Move 26] MINIMAX: Root move 33: flip eval=4.200000
[10:48:59.808] [DEBUG] [Move 26] MINIMAX: Root move 34: flip eval=4.200000
[10:48:59.809] [DEBUG] [Move 26] MINIMAX: Root move 35: move eval=4.200000
[10:48:59.810] [DEBUG] [Move 26] MINIMAX: Root move 36: move eval=4.200000
[10:48:59.811] [DEBUG] [Move 26] MINIMAX: Root move 37: move eval=4.200000
[10:48:59.812] [DEBUG] [Move 26] MINIMAX: Root move 38: flip eval=4.200000
[10:48:59.813] [DEBUG] [Move 26] MINIMAX: Root move 39: flip eval=4.200000
[10:48:59.814] [DEBUG] [Move 26] MINIMAX: Root move 40: move eval=4.200000
[10:48:59.815] [DEBUG] [Move 26] MINIMAX: Root move 41: flip eval=4.200000
[10:48:59.816] [DEBUG] [Move 26] MINIMAX: Root move 42: flip eval=4.200000
[10:48:59.817] [DEBUG] [Move 26] MINIMAX: Root move 43: move eval=4.200000
[10:48:59.818] [DEBUG] [Move 26] MINIMAX: Root move 44: push eval=4.200000
[10:48:59.819] [DEBUG] [Move 26] MINIMAX: Root move 45: flip eval=4.200000
[10:48:59.820] [DEBUG] [Move 26] MINIMAX: Root move 46: flip eval=4.200000
[10:48:59.822] [DEBUG] [Move 26] MINIMAX: Root move 47: move eval=4.200000
[10:48:59.823] [DEBUG] [Move 26] MINIMAX: Root move 48: move eval=4.200000
[10:48:59.824] [DEBUG] [Move 26] MINIMAX: Root move 49: push eval=4.200000
[10:48:59.825] [DEBUG] [Move 26] MINIMAX: Root move 50: flip eval=4.200000
[10:48:59.826] [DEBUG] [Move 26] MINIMAX: Root move 51: flip eval=4.200000
[10:48:59.826] [DEBUG] [Move 26] MINIMAX: Root search complete - evaluated=51/51, cutoffs=0
[10:48:59.826] [DEBUG] [Move 26] MINIMAX: Depth 2 completed, nodes=255, eval=4.200000, move=move
[10:48:59.826] [DEBUG] [Move 26] MINIMAX: Searching at depth 3
[10:48:59.855] [DEBUG] [Move 26] MINIMAX: Root move 1: move eval=-1000000.000000
[10:48:59.855] [DEBUG] [Move 26] MINIMAX: Timeout at root level after 1/51 moves
[10:48:59.856] [DEBUG] [Move 26] MINIMAX: Root search complete - evaluated=1/51, cutoffs=0
[10:48:59.856] [DEBUG] [Move 26] MINIMAX: Depth 3 completed, nodes=119, eval=-1000000.000000, move=move
[10:48:59.856] [DEBUG] [Move 26] MINIMAX: Time limit reached at depth 4
[10:48:59.856] [INFO] [Move 26] MINIMAX: Search complete - depth=2, nodes=425, TT_size=235496, time=0.100000s
[10:48:59.857] [DEBUG] [Move 26] VALIDATION DEBUG: Generated 51 legal moves for validation
[10:48:59.857] [DEBUG] [Move 26] VALIDATION DEBUG: Minimax returned move: move (0,0) -> (0,1)
[10:48:59.857] [DEBUG] [Move 26] VALIDATION DEBUG: Legal move 1: move (0,0) -> (0,1)
[10:48:59.857] [DEBUG] [Move 26] VALIDATION DEBUG: Legal move 2: move (0,0) -> (1,0)
[10:48:59.857] [DEBUG] [Move 26] VALIDATION DEBUG: Legal move 3: flip (0,0) -> (0,0)
[10:48:59.857] [DEBUG] [Move 26] VALIDATION DEBUG: Legal move 4: flip (0,0) -> (0,0)
[10:48:59.857] [DEBUG] [Move 26] VALIDATION DEBUG: Legal move 5: move (4,3) -> (3,3)
[10:48:59.857] [DEBUG] [Move 26] VALIDATION DEBUG: Move found in legal moves - SUCCESS!
[10:48:59.857] [DECISION] [Move 26] FINAL DECISION: move (0,0) -> (0,1) | Reasoning: Minimax search
[10:48:59.857] [DECISION] [Move 26] === MOVE DECISION END ===
[10:48:59.896] [DECISION] [Move 27] === MOVE DECISION START === Player: square, Board: 13x12, Time: 1.17697s (vs 59.904s)
[10:48:59.896] [DEBUG] [Move 27] MINIMAX: Starting search for square, time=1.176973s
[10:48:59.898] [DEBUG] [Move 27] MINIMAX: Found 52 legal moves at root
[10:48:59.898] [DEBUG] [Move 27] MINIMAX: Starting iterative deepening
[10:48:59.898] [DEBUG] [Move 27] MINIMAX: Searching at depth 1
[10:48:59.898] [DEBUG] [Move 27] MINIMAX: Root move 1: move eval=-4.900001
[10:48:59.898] [DEBUG] [Move 27] MINIMAX: Alpha improved at root: -1000000.000000 -> -4.900001
[10:48:59.898] [DEBUG] [Move 27] MINIMAX: Root move 2: move eval=-4.900001
[10:48:59.898] [DEBUG] [Move 27] MINIMAX: Root move 3: move eval=-4.900001
[10:48:59.898] [DEBUG] [Move 27] MINIMAX: Root move 4: flip eval=-4.900001
[10:48:59.898] [DEBUG] [Move 27] MINIMAX: Root move 5: flip eval=-4.900001
[10:48:59.898] [DEBUG] [Move 27] MINIMAX: Root move 6: move eval=-4.900001
[10:48:59.898] [DEBUG] [Move 27] MINIMAX: Root move 7: push eval=-4.900001
[10:48:59.898] [DEBUG] [Move 27] MINIMAX: Root move 8: flip eval=-4.900001
[10:48:59.898] [DEBUG] [Move 27] MINIMAX: Root move 9: flip eval=-4.900001
[10:48:59.898] [DEBUG] [Move 27] MINIMAX: Root move 10: push eval=-4.900001
[10:48:59.898] [DEBUG] [Move 27] MINIMAX: Root move 11: push eval=-4.900001
[10:48:59.898] [DEBUG] [Move 27] MINIMAX: Root move 12: push eval=-4.900001
[10:48:59.898] [DEBUG] [Move 27] MINIMAX: Root move 13: flip eval=-4.900001
[10:48:59.899] [DEBUG] [Move 27] MINIMAX: Root move 14: rotate eval=-4.900001
[10:48:59.899] [DEBUG] [Move 27] MINIMAX: Root move 15: push eval=-4.900001
[10:48:59.899] [DEBUG] [Move 27] MINIMAX: Root move 16: flip eval=-4.900001
[10:48:59.899] [DEBUG] [Move 27] MINIMAX: Root move 17: flip eval=-4.900001
[10:48:59.899] [DEBUG] [Move 27] MINIMAX: Root move 18: push eval=-4.900001
[10:48:59.899] [DEBUG] [Move 27] MINIMAX: Root move 19: push eval=-4.900001
[10:48:59.899] [DEBUG] [Move 27] MINIMAX: Root move 20: flip eval=-4.900001
[10:48:59.899] [DEBUG] [Move 27] MINIMAX: Root move 21: flip eval=-4.900001
[10:48:59.899] [DEBUG] [Move 27] MINIMAX: Root move 22: move eval=-4.900001
[10:48:59.899] [DEBUG] [Move 27] MINIMAX: Root move 23: move eval=-4.900001
[10:48:59.899] [DEBUG] [Move 27] MINIMAX: Root move 24: push eval=-4.900001
[10:48:59.899] [DEBUG] [Move 27] MINIMAX: Root move 25: flip eval=-4.900001
[10:48:59.899] [DEBUG] [Move 27] MINIMAX: Root move 26: flip eval=-4.900001
[10:48:59.899] [DEBUG] [Move 27] MINIMAX: Root move 27: move eval=-4.900001
[10:48:59.899] [DEBUG] [Move 27] MINIMAX: Root move 28: move eval=-4.900001
[10:48:59.899] [DEBUG] [Move 27] MINIMAX: Root move 29: move eval=-4.900001
[10:48:59.899] [DEBUG] [Move 27] MINIMAX: Root move 30: flip eval=-4.900001
[10:48:59.899] [DEBUG] [Move 27] MINIMAX: Root move 31: flip eval=-4.900001
[10:48:59.899] [DEBUG] [Move 27] MINIMAX: Root move 32: move eval=-4.900001
[10:48:59.899] [DEBUG] [Move 27] MINIMAX: Root move 33: push eval=-4.900001
[10:48:59.899] [DEBUG] [Move 27] MINIMAX: Root move 34: flip eval=-4.900001
[10:48:59.899] [DEBUG] [Move 27] MINIMAX: Root move 35: flip eval=-4.900001
[10:48:59.899] [DEBUG] [Move 27] MINIMAX: Root move 36: move eval=-4.900001
[10:48:59.899] [DEBUG] [Move 27] MINIMAX: Root move 37: move eval=-4.900001
[10:48:59.899] [DEBUG] [Move 27] MINIMAX: Root move 38: move eval=-4.900001
[10:48:59.899] [DEBUG] [Move 27] MINIMAX: Root move 39: flip eval=-4.900001
[10:48:59.899] [DEBUG] [Move 27] MINIMAX: Root move 40: flip eval=-4.900001
[10:48:59.899] [DEBUG] [Move 27] MINIMAX: Root move 41: move eval=-4.900001
[10:48:59.899] [DEBUG] [Move 27] MINIMAX: Root move 42: flip eval=-4.900001
[10:48:59.899] [DEBUG] [Move 27] MINIMAX: Root move 43: flip eval=-4.900001
[10:48:59.899] [DEBUG] [Move 27] MINIMAX: Root move 44: move eval=-4.900001
[10:48:59.899] [DEBUG] [Move 27] MINIMAX: Root move 45: push eval=-4.900001
[10:48:59.899] [DEBUG] [Move 27] MINIMAX: Root move 46: flip eval=-4.900001
[10:48:59.899] [DEBUG] [Move 27] MINIMAX: Root move 47: flip eval=-4.900001
[10:48:59.899] [DEBUG] [Move 27] MINIMAX: Root move 48: move eval=-4.900001
[10:48:59.899] [DEBUG] [Move 27] MINIMAX: Root move 49: move eval=-4.900001
[10:48:59.899] [DEBUG] [Move 27] MINIMAX: Root move 50: push eval=-4.900001
[10:48:59.899] [DEBUG] [Move 27] MINIMAX: Root move 51: flip eval=-4.900001
[10:48:59.899] [DEBUG] [Move 27] MINIMAX: Root move 52: flip eval=-4.900001
[10:48:59.899] [DEBUG] [Move 27] MINIMAX: Root search complete - evaluated=52/52, cutoffs=0
[10:48:59.899] [DEBUG] [Move 27] MINIMAX: Depth 1 completed, nodes=52, eval=-4.900001, move=move
[10:48:59.899] [DEBUG] [Move 27] MINIMAX: Searching at depth 2
[10:48:59.903] [DEBUG] [Move 27] MINIMAX: Root move 1: move eval=4.200000
[10:48:59.903] [DEBUG] [Move 27] MINIMAX: Alpha improved at root: -1000000.000000 -> 4.200000
[10:48:59.906] [DEBUG] [Move 27] MINIMAX: Root move 2: move eval=4.200000
[10:48:59.908] [DEBUG] [Move 27] MINIMAX: Root move 3: move eval=4.200000
[10:48:59.911] [DEBUG] [Move 27] MINIMAX: Root move 4: flip eval=4.200000
[10:48:59.913] [DEBUG] [Move 27] MINIMAX: Root move 5: flip eval=4.200000
[10:48:59.915] [DEBUG] [Move 27] MINIMAX: Root move 6: move eval=4.200000
[10:48:59.917] [DEBUG] [Move 27] MINIMAX: Root move 7: push eval=4.200000
[10:48:59.919] [DEBUG] [Move 27] MINIMAX: Root move 8: flip eval=4.200000
[10:48:59.921] [DEBUG] [Move 27] MINIMAX: Root move 9: flip eval=4.200000
[10:48:59.923] [DEBUG] [Move 27] MINIMAX: Root move 10: push eval=4.200000
[10:48:59.923] [DEBUG] [Move 27] MINIMAX: Root move 11: push eval=4.200000
[10:48:59.923] [DEBUG] [Move 27] MINIMAX: Root move 12: push eval=4.200000
[10:48:59.925] [DEBUG] [Move 27] MINIMAX: Root move 13: flip eval=4.200000
[10:48:59.927] [DEBUG] [Move 27] MINIMAX: Root move 14: rotate eval=4.200000
[10:48:59.928] [DEBUG] [Move 27] MINIMAX: Root move 15: push eval=4.200000
[10:48:59.930] [DEBUG] [Move 27] MINIMAX: Root move 16: flip eval=4.200000
[10:48:59.931] [DEBUG] [Move 27] MINIMAX: Root move 17: flip eval=4.200000
[10:48:59.933] [DEBUG] [Move 27] MINIMAX: Root move 18: push eval=4.200000
[10:48:59.933] [DEBUG] [Move 27] MINIMAX: Root move 19: push eval=4.200000
[10:48:59.935] [DEBUG] [Move 27] MINIMAX: Root move 20: flip eval=4.200000
[10:48:59.937] [DEBUG] [Move 27] MINIMAX: Root move 21: flip eval=4.200000
[10:48:59.939] [DEBUG] [Move 27] MINIMAX: Root move 22: move eval=4.200000
[10:48:59.940] [DEBUG] [Move 27] MINIMAX: Root move 23: move eval=4.200000
[10:48:59.942] [DEBUG] [Move 27] MINIMAX: Root move 24: push eval=4.200000
[10:48:59.944] [DEBUG] [Move 27] MINIMAX: Root move 25: flip eval=4.200000
[10:48:59.946] [DEBUG] [Move 27] MINIMAX: Root move 26: flip eval=4.200000
[10:48:59.948] [DEBUG] [Move 27] MINIMAX: Root move 27: move eval=4.200000
[10:48:59.950] [DEBUG] [Move 27] MINIMAX: Root move 28: move eval=4.200000
[10:48:59.952] [DEBUG] [Move 27] MINIMAX: Root move 29: move eval=4.200000
[10:48:59.953] [DEBUG] [Move 27] MINIMAX: Root move 30: flip eval=4.200000
[10:48:59.954] [DEBUG] [Move 27] MINIMAX: Root move 31: flip eval=4.200000
[10:48:59.955] [DEBUG] [Move 27] MINIMAX: Root move 32: move eval=4.200000
[10:48:59.956] [DEBUG] [Move 27] MINIMAX: Root move 33: push eval=4.200000
[10:48:59.957] [DEBUG] [Move 27] MINIMAX: Root move 34: flip eval=4.200000
[10:48:59.958] [DEBUG] [Move 27] MINIMAX: Root move 35: flip eval=4.200000
[10:48:59.959] [DEBUG] [Move 27] MINIMAX: Root move 36: move eval=4.200000
[10:48:59.960] [DEBUG] [Move 27] MINIMAX: Root move 37: move eval=4.200000
[10:48:59.961] [DEBUG] [Move 27] MINIMAX: Root move 38: move eval=4.200000
[10:48:59.962] [DEBUG] [Move 27] MINIMAX: Root move 39: flip eval=4.200000
[10:48:59.963] [DEBUG] [Move 27] MINIMAX: Root move 40: flip eval=4.200000
[10:48:59.964] [DEBUG] [Move 27] MINIMAX: Root move 41: move eval=4.200000
[10:48:59.965] [DEBUG] [Move 27] MINIMAX: Root move 42: flip eval=4.200000
[10:48:59.966] [DEBUG] [Move 27] MINIMAX: Root move 43: flip eval=4.200000
[10:48:59.967] [DEBUG] [Move 27] MINIMAX: Root move 44: move eval=4.200000
[10:48:59.968] [DEBUG] [Move 27] MINIMAX: Root move 45: push eval=4.200000
[10:48:59.969] [DEBUG] [Move 27] MINIMAX: Root move 46: flip eval=4.200000
[10:48:59.970] [DEBUG] [Move 27] MINIMAX: Root move 47: flip eval=4.200000
[10:48:59.971] [DEBUG] [Move 27] MINIMAX: Root move 48: move eval=4.200000
[10:48:59.972] [DEBUG] [Move 27] MINIMAX: Root move 49: move eval=4.200000
[10:48:59.973] [DEBUG] [Move 27] MINIMAX: Root move 50: push eval=4.200000
[10:48:59.974] [DEBUG] [Move 27] MINIMAX: Root move 51: flip eval=4.200000
[10:48:59.975] [DEBUG] [Move 27] MINIMAX: Root move 52: flip eval=4.200000
[10:48:59.975] [DEBUG] [Move 27] MINIMAX: Root search complete - evaluated=52/52, cutoffs=0
[10:48:59.975] [DEBUG] [Move 27] MINIMAX: Depth 2 completed, nodes=270, eval=4.200000, move=move
[10:48:59.975] [DEBUG] [Move 27] MINIMAX: Searching at depth 3
[10:48:59.997] [DEBUG] [Move 27] MINIMAX: Root move 1: move eval=-1000000.000000
[10:48:59.997] [DEBUG] [Move 27] MINIMAX: Timeout at root level after 1/52 moves
[10:48:59.997] [DEBUG] [Move 27] MINIMAX: Root search complete - evaluated=1/52, cutoffs=0
[10:48:59.997] [DEBUG] [Move 27] MINIMAX: Depth 3 completed, nodes=116, eval=-1000000.000000, move=move
[10:48:59.997] [DEBUG] [Move 27] MINIMAX: Time limit reached at depth 4
[10:48:59.997] [INFO] [Move 27] MINIMAX: Search complete - depth=2, nodes=438, TT_size=235802, time=0.100000s
[10:48:59.998] [DEBUG] [Move 27] VALIDATION DEBUG: Generated 52 legal moves for validation
[10:48:59.998] [DEBUG] [Move 27] VALIDATION DEBUG: Minimax returned move: move (0,1) -> (0,0)
[10:48:59.998] [DEBUG] [Move 27] VALIDATION DEBUG: Legal move 1: move (0,1) -> (0,0)
[10:48:59.998] [DEBUG] [Move 27] VALIDATION DEBUG: Legal move 2: move (0,1) -> (0,2)
[10:48:59.998] [DEBUG] [Move 27] VALIDATION DEBUG: Legal move 3: move (0,1) -> (1,1)
[10:48:59.998] [DEBUG] [Move 27] VALIDATION DEBUG: Legal move 4: flip (0,1) -> (0,1)
[10:48:59.998] [DEBUG] [Move 27] VALIDATION DEBUG: Legal move 5: flip (0,1) -> (0,1)
[10:48:59.998] [DEBUG] [Move 27] VALIDATION DEBUG: Move found in legal moves - SUCCESS!
[10:48:59.998] [DECISION] [Move 27] FINAL DECISION: move (0,1) -> (0,0) | Reasoning: Minimax search
[10:48:59.998] [DECISION] [Move 27] === MOVE DECISION END ===
[10:49:00.035] [DECISION] [Move 28] === MOVE DECISION START === Player: square, Board: 13x12, Time: 1.07499s (vs 59.9009s)
[10:49:00.035] [DEBUG] [Move 28] MINIMAX: Starting search for square, time=1.074988s
[10:49:00.037] [DEBUG] [Move 28] MINIMAX: Found 51 legal moves at root
[10:49:00.037] [DEBUG] [Move 28] MINIMAX: Starting iterative deepening
[10:49:00.037] [DEBUG] [Move 28] MINIMAX: Searching at depth 1
[10:49:00.037] [DEBUG] [Move 28] MINIMAX: Root move 1: move eval=-4.900001
[10:49:00.037] [DEBUG] [Move 28] MINIMAX: Alpha improved at root: -1000000.000000 -> -4.900001
[10:49:00.037] [DEBUG] [Move 28] MINIMAX: Root move 2: move eval=-4.900001
[10:49:00.037] [DEBUG] [Move 28] MINIMAX: Root move 3: flip eval=-4.900001
[10:49:00.037] [DEBUG] [Move 28] MINIMAX: Root move 4: flip eval=-4.900001
[10:49:00.037] [DEBUG] [Move 28] MINIMAX: Root move 5: move eval=-4.900001
[10:49:00.037] [DEBUG] [Move 28] MINIMAX: Root move 6: push eval=-4.900001
[10:49:00.037] [DEBUG] [Move 28] MINIMAX: Root move 7: flip eval=-4.900001
[10:49:00.037] [DEBUG] [Move 28] MINIMAX: Root move 8: flip eval=-4.900001
[10:49:00.037] [DEBUG] [Move 28] MINIMAX: Root move 9: push eval=-4.900001
[10:49:00.037] [DEBUG] [Move 28] MINIMAX: Root move 10: push eval=-4.900001
[10:49:00.037] [DEBUG] [Move 28] MINIMAX: Root move 11: push eval=-4.900001
[10:49:00.037] [DEBUG] [Move 28] MINIMAX: Root move 12: flip eval=-4.900001
[10:49:00.037] [DEBUG] [Move 28] MINIMAX: Root move 13: rotate eval=-4.900001
[10:49:00.037] [DEBUG] [Move 28] MINIMAX: Root move 14: push eval=-4.900001
[10:49:00.037] [DEBUG] [Move 28] MINIMAX: Root move 15: flip eval=-4.900001
[10:49:00.037] [DEBUG] [Move 28] MINIMAX: Root move 16: flip eval=-4.900001
[10:49:00.037] [DEBUG] [Move 28] MINIMAX: Root move 17: push eval=-4.900001
[10:49:00.037] [DEBUG] [Move 28] MINIMAX: Root move 18: push eval=-4.900001
[10:49:00.037] [DEBUG] [Move 28] MINIMAX: Root move 19: flip eval=-4.900001
[10:49:00.037] [DEBUG] [Move 28] MINIMAX: Root move 20: flip eval=-4.900001
[10:49:00.037] [DEBUG] [Move 28] MINIMAX: Root move 21: move eval=-4.900001
[10:49:00.037] [DEBUG] [Move 28] MINIMAX: Root move 22: move eval=-4.900001
[10:49:00.037] [DEBUG] [Move 28] MINIMAX: Root move 23: push eval=-4.900001
[10:49:00.037] [DEBUG] [Move 28] MINIMAX: Root move 24: flip eval=-4.900001
[10:49:00.037] [DEBUG] [Move 28] MINIMAX: Root move 25: flip eval=-4.900001
[10:49:00.037] [DEBUG] [Move 28] MINIMAX: Root move 26: move eval=-4.900001
[10:49:00.037] [DEBUG] [Move 28] MINIMAX: Root move 27: move eval=-4.900001
[10:49:00.037] [DEBUG] [Move 28] MINIMAX: Root move 28: move eval=-4.900001
[10:49:00.037] [DEBUG] [Move 28] MINIMAX: Root move 29: flip eval=-4.900001
[10:49:00.037] [DEBUG] [Move 28] MINIMAX: Root move 30: flip eval=-4.900001
[10:49:00.037] [DEBUG] [Move 28] MINIMAX: Root move 31: move eval=-4.900001
[10:49:00.037] [DEBUG] [Move 28] MINIMAX: Root move 32: push eval=-4.900001
[10:49:00.037] [DEBUG] [Move 28] MINIMAX: Root move 33: flip eval=-4.900001
[10:49:00.037] [DEBUG] [Move 28] MINIMAX: Root move 34: flip eval=-4.900001
[10:49:00.037] [DEBUG] [Move 28] MINIMAX: Root move 35: move eval=-4.900001
[10:49:00.037] [DEBUG] [Move 28] MINIMAX: Root move 36: move eval=-4.900001
[10:49:00.037] [DEBUG] [Move 28] MINIMAX: Root move 37: move eval=-4.900001
[10:49:00.037] [DEBUG] [Move 28] MINIMAX: Root move 38: flip eval=-4.900001
[10:49:00.037] [DEBUG] [Move 28] MINIMAX: Root move 39: flip eval=-4.900001
[10:49:00.037] [DEBUG] [Move 28] MINIMAX: Root move 40: move eval=-4.900001
[10:49:00.037] [DEBUG] [Move 28] MINIMAX: Root move 41: flip eval=-4.900001
[10:49:00.037] [DEBUG] [Move 28] MINIMAX: Root move 42: flip eval=-4.900001
[10:49:00.037] [DEBUG] [Move 28] MINIMAX: Root move 43: move eval=-4.900001
[10:49:00.037] [DEBUG] [Move 28] MINIMAX: Root move 44: push eval=-4.900001
[10:49:00.037] [DEBUG] [Move 28] MINIMAX: Root move 45: flip eval=-4.900001
[10:49:00.037] [DEBUG] [Move 28] MINIMAX: Root move 46: flip eval=-4.900001
[10:49:00.037] [DEBUG] [Move 28] MINIMAX: Root move 47: move eval=-4.900001
[10:49:00.037] [DEBUG] [Move 28] MINIMAX: Root move 48: move eval=-4.900001
[10:49:00.037] [DEBUG] [Move 28] MINIMAX: Root move 49: push eval=-4.900001
[10:49:00.037] [DEBUG] [Move 28] MINIMAX: Root move 50: flip eval=-4.900001
[10:49:00.037] [DEBUG] [Move 28] MINIMAX: Root move 51: flip eval=-4.900001
[10:49:00.037] [DEBUG] [Move 28] MINIMAX: Root search complete - evaluated=51/51, cutoffs=0
[10:49:00.037] [DEBUG] [Move 28] MINIMAX: Depth 1 completed, nodes=51, eval=-4.900001, move=move
[10:49:00.037] [DEBUG] [Move 28] MINIMAX: Searching at depth 2
[10:49:00.041] [DEBUG] [Move 28] MINIMAX: Root move 1: move eval=4.200000
[10:49:00.041] [DEBUG] [Move 28] MINIMAX: Alpha improved at root: -1000000.000000 -> 4.200000
[10:49:00.043] [DEBUG] [Move 28] MINIMAX: Root move 2: move eval=4.200000
[10:49:00.045] [DEBUG] [Move 28] MINIMAX: Root move 3: flip eval=4.200000
[10:49:00.046] [DEBUG] [Move 28] MINIMAX: Root move 4: flip eval=4.200000
[10:49:00.048] [DEBUG] [Move 28] MINIMAX: Root move 5: move eval=4.200000
[10:49:00.049] [DEBUG] [Move 28] MINIMAX: Root move 6: push eval=4.200000
[10:49:00.050] [DEBUG] [Move 28] MINIMAX: Root move 7: flip eval=4.200000
[10:49:00.051] [DEBUG] [Move 28] MINIMAX: Root move 8: flip eval=4.200000
[10:49:00.052] [DEBUG] [Move 28] MINIMAX: Root move 9: push eval=4.200000
[10:49:00.052] [DEBUG] [Move 28] MINIMAX: Root move 10: push eval=4.200000
[10:49:00.052] [DEBUG] [Move 28] MINIMAX: Root move 11: push eval=4.200000
[10:49:00.053] [DEBUG] [Move 28] MINIMAX: Root move 12: flip eval=4.200000
[10:49:00.054] [DEBUG] [Move 28] MINIMAX: Root move 13: rotate eval=4.200000
[10:49:00.055] [DEBUG] [Move 28] MINIMAX: Root move 14: push eval=4.200000
[10:49:00.056] [DEBUG] [Move 28] MINIMAX: Root move 15: flip eval=4.200000
[10:49:00.057] [DEBUG] [Move 28] MINIMAX: Root move 16: flip eval=4.200000
[10:49:00.059] [DEBUG] [Move 28] MINIMAX: Root move 17: push eval=4.200000
[10:49:00.059] [DEBUG] [Move 28] MINIMAX: Root move 18: push eval=4.200000
[10:49:00.060] [DEBUG] [Move 28] MINIMAX: Root move 19: flip eval=4.200000
[10:49:00.061] [DEBUG] [Move 28] MINIMAX: Root move 20: flip eval=4.200000
[10:49:00.062] [DEBUG] [Move 28] MINIMAX: Root move 21: move eval=4.200000
[10:49:00.064] [DEBUG] [Move 28] MINIMAX: Root move 22: move eval=4.200000
[10:49:00.065] [DEBUG] [Move 28] MINIMAX: Root move 23: push eval=4.200000
[10:49:00.066] [DEBUG] [Move 28] MINIMAX: Root move 24: flip eval=4.200000
[10:49:00.067] [DEBUG] [Move 28] MINIMAX: Root move 25: flip eval=4.200000
[10:49:00.069] [DEBUG] [Move 28] MINIMAX: Root move 26: move eval=4.200000
[10:49:00.070] [DEBUG] [Move 28] MINIMAX: Root move 27: move eval=4.200000
[10:49:00.072] [DEBUG] [Move 28] MINIMAX: Root move 28: move eval=4.200000
[10:49:00.073] [DEBUG] [Move 28] MINIMAX: Root move 29: flip eval=4.200000
[10:49:00.075] [DEBUG] [Move 28] MINIMAX: Root move 30: flip eval=4.200000
[10:49:00.077] [DEBUG] [Move 28] MINIMAX: Root move 31: move eval=4.200000
[10:49:00.079] [DEBUG] [Move 28] MINIMAX: Root move 32: push eval=4.200000
[10:49:00.081] [DEBUG] [Move 28] MINIMAX: Root move 33: flip eval=4.200000
[10:49:00.083] [DEBUG] [Move 28] MINIMAX: Root move 34: flip eval=4.200000
[10:49:00.085] [DEBUG] [Move 28] MINIMAX: Root move 35: move eval=4.200000
[10:49:00.087] [DEBUG] [Move 28] MINIMAX: Root move 36: move eval=4.200000
[10:49:00.089] [DEBUG] [Move 28] MINIMAX: Root move 37: move eval=4.200000
[10:49:00.091] [DEBUG] [Move 28] MINIMAX: Root move 38: flip eval=4.200000
[10:49:00.093] [DEBUG] [Move 28] MINIMAX: Root move 39: flip eval=4.200000
[10:49:00.095] [DEBUG] [Move 28] MINIMAX: Root move 40: move eval=4.200000
[10:49:00.097] [DEBUG] [Move 28] MINIMAX: Root move 41: flip eval=4.200000
[10:49:00.099] [DEBUG] [Move 28] MINIMAX: Root move 42: flip eval=4.200000
[10:49:00.101] [DEBUG] [Move 28] MINIMAX: Root move 43: move eval=4.200000
[10:49:00.103] [DEBUG] [Move 28] MINIMAX: Root move 44: push eval=4.200000
[10:49:00.104] [DEBUG] [Move 28] MINIMAX: Root move 45: flip eval=4.200000
[10:49:00.106] [DEBUG] [Move 28] MINIMAX: Root move 46: flip eval=4.200000
[10:49:00.107] [DEBUG] [Move 28] MINIMAX: Root move 47: move eval=4.200000
[10:49:00.109] [DEBUG] [Move 28] MINIMAX: Root move 48: move eval=4.200000
[10:49:00.111] [DEBUG] [Move 28] MINIMAX: Root move 49: push eval=4.200000
[10:49:00.114] [DEBUG] [Move 28] MINIMAX: Root move 50: flip eval=4.200000
[10:49:00.116] [DEBUG] [Move 28] MINIMAX: Root move 51: flip eval=4.200000
[10:49:00.116] [DEBUG] [Move 28] MINIMAX: Root search complete - evaluated=51/51, cutoffs=0
[10:49:00.116] [DEBUG] [Move 28] MINIMAX: Depth 2 completed, nodes=256, eval=4.200000, move=move
[10:49:00.116] [DEBUG] [Move 28] MINIMAX: Searching at depth 3
[10:49:00.137] [DEBUG] [Move 28] MINIMAX: Root move 1: move eval=-1000000.000000
[10:49:00.137] [DEBUG] [Move 28] MINIMAX: Timeout at root level after 1/51 moves
[10:49:00.137] [DEBUG] [Move 28] MINIMAX: Root search complete - evaluated=1/51, cutoffs=0
[10:49:00.137] [DEBUG] [Move 28] MINIMAX: Depth 3 completed, nodes=75, eval=-1000000.000000, move=move
[10:49:00.137] [DEBUG] [Move 28] MINIMAX: Time limit reached at depth 4
[10:49:00.137] [INFO] [Move 28] MINIMAX: Search complete - depth=2, nodes=382, TT_size=236083, time=0.102000s
[10:49:00.139] [DEBUG] [Move 28] VALIDATION DEBUG: Generated 51 legal moves for validation
[10:49:00.139] [DEBUG] [Move 28] VALIDATION DEBUG: Minimax returned move: move (0,0) -> (0,1)
[10:49:00.139] [DEBUG] [Move 28] VALIDATION DEBUG: Legal move 1: move (0,0) -> (0,1)
[10:49:00.139] [DEBUG] [Move 28] VALIDATION DEBUG: Legal move 2: move (0,0) -> (1,0)
[10:49:00.139] [DEBUG] [Move 28] VALIDATION DEBUG: Legal move 3: flip (0,0) -> (0,0)
[10:49:00.139] [DEBUG] [Move 28] VALIDATION DEBUG: Legal move 4: flip (0,0) -> (0,0)
[10:49:00.139] [DEBUG] [Move 28] VALIDATION DEBUG: Legal move 5: move (4,3) -> (3,3)
[10:49:00.139] [DEBUG] [Move 28] VALIDATION DEBUG: Move found in legal moves - SUCCESS!
[10:49:00.139] [DECISION] [Move 28] FINAL DECISION: move (0,0) -> (0,1) | Reasoning: Minimax search
[10:49:00.139] [DECISION] [Move 28] === MOVE DECISION END ===
[10:49:00.177] [DECISION] [Move 29] === MOVE DECISION START === Player: square, Board: 13x12, Time: 0.970489s (vs 59.8958s)
[10:49:00.178] [DEBUG] [Move 29] MINIMAX: Starting search for square, time=0.970489s
[10:49:00.180] [DEBUG] [Move 29] MINIMAX: Found 70 legal moves at root
[10:49:00.180] [DEBUG] [Move 29] MINIMAX: Starting iterative deepening
[10:49:00.180] [DEBUG] [Move 29] MINIMAX: Searching at depth 1
[10:49:00.180] [DEBUG] [Move 29] MINIMAX: Root move 1: move eval=-4.900001
[10:49:00.180] [DEBUG] [Move 29] MINIMAX: Alpha improved at root: -1000000.000000 -> -4.900001
[10:49:00.180] [DEBUG] [Move 29] MINIMAX: Root move 2: move eval=-4.900001
[10:49:00.180] [DEBUG] [Move 29] MINIMAX: Root move 3: move eval=-4.900001
[10:49:00.180] [DEBUG] [Move 29] MINIMAX: Root move 4: flip eval=-4.900001
[10:49:00.180] [DEBUG] [Move 29] MINIMAX: Root move 5: flip eval=-4.900001
[10:49:00.180] [DEBUG] [Move 29] MINIMAX: Root move 6: move eval=-4.900001
[10:49:00.180] [DEBUG] [Move 29] MINIMAX: Root move 7: push eval=-4.900001
[10:49:00.180] [DEBUG] [Move 29] MINIMAX: Root move 8: flip eval=-4.900001
[10:49:00.180] [DEBUG] [Move 29] MINIMAX: Root move 9: flip eval=-4.900001
[10:49:00.180] [DEBUG] [Move 29] MINIMAX: Root move 10: push eval=-4.900001
[10:49:00.180] [DEBUG] [Move 29] MINIMAX: Root move 11: push eval=-4.900001
[10:49:00.180] [DEBUG] [Move 29] MINIMAX: Root move 12: push eval=-4.900001
[10:49:00.180] [DEBUG] [Move 29] MINIMAX: Root move 13: push eval=-4.900001
[10:49:00.180] [DEBUG] [Move 29] MINIMAX: Root move 14: push eval=-4.900001
[10:49:00.180] [DEBUG] [Move 29] MINIMAX: Root move 15: push eval=-4.900001
[10:49:00.180] [DEBUG] [Move 29] MINIMAX: Root move 16: push eval=-4.900001
[10:49:00.180] [DEBUG] [Move 29] MINIMAX: Root move 17: push eval=-4.900001
[10:49:00.180] [DEBUG] [Move 29] MINIMAX: Root move 18: push eval=-4.900001
[10:49:00.180] [DEBUG] [Move 29] MINIMAX: Root move 19: push eval=-4.900001
[10:49:00.181] [DEBUG] [Move 29] MINIMAX: Root move 20: push eval=-4.900001
[10:49:00.181] [DEBUG] [Move 29] MINIMAX: Root move 21: push eval=-4.900001
[10:49:00.181] [DEBUG] [Move 29] MINIMAX: Root move 22: flip eval=-4.900001
[10:49:00.181] [DEBUG] [Move 29] MINIMAX: Root move 23: rotate eval=-4.900001
[10:49:00.181] [DEBUG] [Move 29] MINIMAX: Root move 24: push eval=-4.900001
[10:49:00.181] [DEBUG] [Move 29] MINIMAX: Root move 25: flip eval=-4.900001
[10:49:00.181] [DEBUG] [Move 29] MINIMAX: Root move 26: flip eval=-4.900001
[10:49:00.181] [DEBUG] [Move 29] MINIMAX: Root move 27: push eval=-4.900001
[10:49:00.181] [DEBUG] [Move 29] MINIMAX: Root move 28: push eval=-4.900001
[10:49:00.181] [DEBUG] [Move 29] MINIMAX: Root move 29: flip eval=-4.900001
[10:49:00.181] [DEBUG] [Move 29] MINIMAX: Root move 30: flip eval=-4.900001
[10:49:00.181] [DEBUG] [Move 29] MINIMAX: Root move 31: move eval=-4.900001
[10:49:00.181] [DEBUG] [Move 29] MINIMAX: Root move 32: move eval=-4.900001
[10:49:00.181] [DEBUG] [Move 29] MINIMAX: Root move 33: push eval=-4.900001
[10:49:00.181] [DEBUG] [Move 29] MINIMAX: Root move 34: flip eval=-4.900001
[10:49:00.181] [DEBUG] [Move 29] MINIMAX: Root move 35: flip eval=-4.900001
[10:49:00.181] [DEBUG] [Move 29] MINIMAX: Root move 36: move eval=-4.900001
[10:49:00.181] [DEBUG] [Move 29] MINIMAX: Root move 37: move eval=-4.900001
[10:49:00.181] [DEBUG] [Move 29] MINIMAX: Root move 38: move eval=-4.900001
[10:49:00.181] [DEBUG] [Move 29] MINIMAX: Root move 39: flip eval=-4.900001
[10:49:00.181] [DEBUG] [Move 29] MINIMAX: Root move 40: flip eval=-4.900001
[10:49:00.181] [DEBUG] [Move 29] MINIMAX: Root move 41: move eval=-4.900001
[10:49:00.181] [DEBUG] [Move 29] MINIMAX: Root move 42: push eval=-4.900001
[10:49:00.181] [DEBUG] [Move 29] MINIMAX: Root move 43: flip eval=-4.900001
[10:49:00.181] [DEBUG] [Move 29] MINIMAX: Root move 44: flip eval=-4.900001
[10:49:00.181] [DEBUG] [Move 29] MINIMAX: Root move 45: move eval=-4.900001
[10:49:00.181] [DEBUG] [Move 29] MINIMAX: Root move 46: move eval=-4.900001
[10:49:00.181] [DEBUG] [Move 29] MINIMAX: Root move 47: move eval=-4.900001
[10:49:00.181] [DEBUG] [Move 29] MINIMAX: Root move 48: move eval=-4.900001
[10:49:00.181] [DEBUG] [Move 29] MINIMAX: Root move 49: move eval=-4.900001
[10:49:00.181] [DEBUG] [Move 29] MINIMAX: Root move 50: move eval=-4.900001
[10:49:00.181] [DEBUG] [Move 29] MINIMAX: Root move 51: move eval=-4.900001
[10:49:00.181] [DEBUG] [Move 29] MINIMAX: Root move 52: move eval=-4.900001
[10:49:00.181] [DEBUG] [Move 29] MINIMAX: Root move 53: move eval=-4.900001
[10:49:00.181] [DEBUG] [Move 29] MINIMAX: Root move 54: move eval=-4.900001
[10:49:00.181] [DEBUG] [Move 29] MINIMAX: Root move 55: move eval=-4.900001
[10:49:00.181] [DEBUG] [Move 29] MINIMAX: Root move 56: move eval=-4.900001
[10:49:00.181] [DEBUG] [Move 29] MINIMAX: Root move 57: flip eval=-4.900001
[10:49:00.181] [DEBUG] [Move 29] MINIMAX: Root move 58: flip eval=-4.900001
[10:49:00.181] [DEBUG] [Move 29] MINIMAX: Root move 59: move eval=-4.900001
[10:49:00.181] [DEBUG] [Move 29] MINIMAX: Root move 60: flip eval=-4.900001
[10:49:00.181] [DEBUG] [Move 29] MINIMAX: Root move 61: flip eval=-4.900001
[10:49:00.182] [DEBUG] [Move 29] MINIMAX: Root move 62: move eval=-4.900001
[10:49:00.182] [DEBUG] [Move 29] MINIMAX: Root move 63: push eval=-4.900001
[10:49:00.182] [DEBUG] [Move 29] MINIMAX: Root move 64: flip eval=-4.900001
[10:49:00.182] [DEBUG] [Move 29] MINIMAX: Root move 65: flip eval=-4.900001
[10:49:00.182] [DEBUG] [Move 29] MINIMAX: Root move 66: move eval=-4.900001
[10:49:00.182] [DEBUG] [Move 29] MINIMAX: Root move 67: move eval=-4.900001
[10:49:00.182] [DEBUG] [Move 29] MINIMAX: Root move 68: push eval=-4.900001
[10:49:00.182] [DEBUG] [Move 29] MINIMAX: Root move 69: flip eval=-4.900001
[10:49:00.182] [DEBUG] [Move 29] MINIMAX: Root move 70: flip eval=-4.900001
[10:49:00.182] [DEBUG] [Move 29] MINIMAX: Root search complete - evaluated=70/70, cutoffs=0
[10:49:00.182] [DEBUG] [Move 29] MINIMAX: Depth 1 completed, nodes=70, eval=-4.900001, move=move
[10:49:00.182] [DEBUG] [Move 29] MINIMAX: Searching at depth 2
[10:49:00.186] [DEBUG] [Move 29] MINIMAX: Root move 1: move eval=4.200000
[10:49:00.186] [DEBUG] [Move 29] MINIMAX: Alpha improved at root: -1000000.000000 -> 4.200000
[10:49:00.188] [DEBUG] [Move 29] MINIMAX: Root move 2: move eval=4.200000
[10:49:00.190] [DEBUG] [Move 29] MINIMAX: Root move 3: move eval=4.200000
[10:49:00.191] [DEBUG] [Move 29] MINIMAX: Root move 4: flip eval=4.200000
[10:49:00.193] [DEBUG] [Move 29] MINIMAX: Root move 5: flip eval=4.200000
[10:49:00.195] [DEBUG] [Move 29] MINIMAX: Root move 6: move eval=4.200000
[10:49:00.197] [DEBUG] [Move 29] MINIMAX: Root move 7: push eval=4.200000
[10:49:00.198] [DEBUG] [Move 29] MINIMAX: Root move 8: flip eval=4.200000
[10:49:00.200] [DEBUG] [Move 29] MINIMAX: Root move 9: flip eval=4.200000
[10:49:00.201] [DEBUG] [Move 29] MINIMAX: Root move 10: push eval=4.200000
[10:49:00.202] [DEBUG] [Move 29] MINIMAX: Root move 11: push eval=4.200000
[10:49:00.202] [DEBUG] [Move 29] MINIMAX: Root move 12: push eval=4.200000
[10:49:00.202] [DEBUG] [Move 29] MINIMAX: Root move 13: push eval=4.200000
[10:49:00.202] [DEBUG] [Move 29] MINIMAX: Root move 14: push eval=4.200000
[10:49:00.202] [DEBUG] [Move 29] MINIMAX: Root move 15: push eval=4.200000
[10:49:00.202] [DEBUG] [Move 29] MINIMAX: Root move 16: push eval=4.200000
[10:49:00.202] [DEBUG] [Move 29] MINIMAX: Root move 17: push eval=4.200000
[10:49:00.202] [DEBUG] [Move 29] MINIMAX: Root move 18: push eval=4.200000
[10:49:00.202] [DEBUG] [Move 29] MINIMAX: Root move 19: push eval=4.200000
[10:49:00.202] [DEBUG] [Move 29] MINIMAX: Root move 20: push eval=4.200000
[10:49:00.202] [DEBUG] [Move 29] MINIMAX: Root move 21: push eval=4.200000
[10:49:00.203] [DEBUG] [Move 29] MINIMAX: Root move 22: flip eval=4.200000
[10:49:00.205] [DEBUG] [Move 29] MINIMAX: Root move 23: rotate eval=4.200000
[10:49:00.206] [DEBUG] [Move 29] MINIMAX: Root move 24: push eval=4.200000
[10:49:00.208] [DEBUG] [Move 29] MINIMAX: Root move 25: flip eval=4.200000
[10:49:00.209] [DEBUG] [Move 29] MINIMAX: Root move 26: flip eval=4.200000
[10:49:00.210] [DEBUG] [Move 29] MINIMAX: Root move 27: push eval=4.200000
[10:49:00.210] [DEBUG] [Move 29] MINIMAX: Root move 28: push eval=4.200000
[10:49:00.212] [DEBUG] [Move 29] MINIMAX: Root move 29: flip eval=4.200000
[10:49:00.213] [DEBUG] [Move 29] MINIMAX: Root move 30: flip eval=4.200000
[10:49:00.214] [DEBUG] [Move 29] MINIMAX: Root move 31: move eval=4.200000
[10:49:00.216] [DEBUG] [Move 29] MINIMAX: Root move 32: move eval=4.200000
[10:49:00.217] [DEBUG] [Move 29] MINIMAX: Root move 33: push eval=4.200000
[10:49:00.219] [DEBUG] [Move 29] MINIMAX: Root move 34: flip eval=4.200000
[10:49:00.221] [DEBUG] [Move 29] MINIMAX: Root move 35: flip eval=4.200000
[10:49:00.223] [DEBUG] [Move 29] MINIMAX: Root move 36: move eval=4.200000
[10:49:00.225] [DEBUG] [Move 29] MINIMAX: Root move 37: move eval=4.200000
[10:49:00.226] [DEBUG] [Move 29] MINIMAX: Root move 38: move eval=4.200000
[10:49:00.227] [DEBUG] [Move 29] MINIMAX: Root move 39: flip eval=4.200000
[10:49:00.229] [DEBUG] [Move 29] MINIMAX: Root move 40: flip eval=4.200000
[10:49:00.230] [DEBUG] [Move 29] MINIMAX: Root move 41: move eval=4.200000
[10:49:00.231] [DEBUG] [Move 29] MINIMAX: Root move 42: push eval=4.200000
[10:49:00.233] [DEBUG] [Move 29] MINIMAX: Root move 43: flip eval=4.200000
[10:49:00.234] [DEBUG] [Move 29] MINIMAX: Root move 44: flip eval=4.200000
[10:49:00.235] [DEBUG] [Move 29] MINIMAX: Root move 45: move eval=4.200000
[10:49:00.237] [DEBUG] [Move 29] MINIMAX: Root move 46: move eval=4.200000
[10:49:00.238] [DEBUG] [Move 29] MINIMAX: Root move 47: move eval=4.200000
[10:49:00.240] [DEBUG] [Move 29] MINIMAX: Root move 48: move eval=4.200000
[10:49:00.242] [DEBUG] [Move 29] MINIMAX: Root move 49: move eval=4.200000
[10:49:00.243] [DEBUG] [Move 29] MINIMAX: Root move 50: move eval=4.200000
[10:49:00.245] [DEBUG] [Move 29] MINIMAX: Root move 51: move eval=4.200000
[10:49:00.247] [DEBUG] [Move 29] MINIMAX: Root move 52: move eval=4.200000
[10:49:00.249] [DEBUG] [Move 29] MINIMAX: Root move 53: move eval=4.200000
[10:49:00.252] [DEBUG] [Move 29] MINIMAX: Root move 54: move eval=4.200000
[10:49:00.254] [DEBUG] [Move 29] MINIMAX: Root move 55: move eval=4.200000
[10:49:00.256] [DEBUG] [Move 29] MINIMAX: Root move 56: move eval=4.200000
[10:49:00.259] [DEBUG] [Move 29] MINIMAX: Root move 57: flip eval=4.200000
[10:49:00.261] [DEBUG] [Move 29] MINIMAX: Root move 58: flip eval=4.200000
[10:49:00.264] [DEBUG] [Move 29] MINIMAX: Root move 59: move eval=4.200000
[10:49:00.266] [DEBUG] [Move 29] MINIMAX: Root move 60: flip eval=4.200000
[10:49:00.268] [DEBUG] [Move 29] MINIMAX: Root move 61: flip eval=4.200000
[10:49:00.270] [DEBUG] [Move 29] MINIMAX: Root move 62: move eval=4.200000
[10:49:00.273] [DEBUG] [Move 29] MINIMAX: Root move 63: push eval=4.200000
[10:49:00.276] [DEBUG] [Move 29] MINIMAX: Root move 64: flip eval=4.200000
[10:49:00.278] [DEBUG] [Move 29] MINIMAX: Root move 65: flip eval=1000000.000000
[10:49:00.278] [DEBUG] [Move 29] MINIMAX: Alpha improved at root: 4.200000 -> 1000000.000000
[10:49:00.278] [DEBUG] [Move 29] MINIMAX: Root beta cutoff! Remaining 5 moves pruned
[10:49:00.278] [DEBUG] [Move 29] MINIMAX: Root search complete - evaluated=65/70, cutoffs=1
[10:49:00.278] [DEBUG] [Move 29] MINIMAX: Depth 2 completed, nodes=307, eval=1000000.000000, move=flip
[10:49:00.278] [INFO] [Move 29] MINIMAX: Best move changed from move to flip (eval: -4.900001 -> 1000000.000000)
[10:49:00.278] [DEBUG] [Move 29] MINIMAX: Found winning position, stopping early
[10:49:00.278] [INFO] [Move 29] MINIMAX: Search complete - depth=2, nodes=377, TT_size=236344, time=0.100000s
[10:49:00.280] [DEBUG] [Move 29] VALIDATION DEBUG: Generated 70 legal moves for validation
[10:49:00.280] [DEBUG] [Move 29] VALIDATION DEBUG: Minimax returned move: flip (7,4) -> (7,4)
[10:49:00.280] [DEBUG] [Move 29] VALIDATION DEBUG: Legal move 1: move (0,1) -> (0,0)
[10:49:00.280] [DEBUG] [Move 29] VALIDATION DEBUG: Legal move 2: move (0,1) -> (0,2)
[10:49:00.280] [DEBUG] [Move 29] VALIDATION DEBUG: Legal move 3: move (0,1) -> (1,1)
[10:49:00.280] [DEBUG] [Move 29] VALIDATION DEBUG: Legal move 4: flip (0,1) -> (0,1)
[10:49:00.280] [DEBUG] [Move 29] VALIDATION DEBUG: Legal move 5: flip (0,1) -> (0,1)
[10:49:00.280] [DEBUG] [Move 29] VALIDATION DEBUG: Move found in legal moves - SUCCESS!
[10:49:00.280] [DECISION] [Move 29] FINAL DECISION: flip (7,4) -> (7,4) [vertical] | Reasoning: Minimax search
[10:49:00.280] [DECISION] [Move 29] === MOVE DECISION END ===
[10:49:00.320] [DECISION] [Move 30] === MOVE DECISION START === Player: square, Board: 13x12, Time: 0.867078s (vs 59.8914s)
[10:49:00.320] [DEBUG] [Move 30] MINIMAX: Starting search for square, time=0.867078s
[10:49:00.322] [DEBUG] [Move 30] MINIMAX: Found 118 legal moves at root
[10:49:00.322] [DEBUG] [Move 30] MINIMAX: Starting iterative deepening
[10:49:00.322] [DEBUG] [Move 30] MINIMAX: Searching at depth 1
[10:49:00.322] [DEBUG] [Move 30] MINIMAX: Root move 1: move eval=-4.900001
[10:49:00.322] [DEBUG] [Move 30] MINIMAX: Alpha improved at root: -1000000.000000 -> -4.900001
[10:49:00.322] [DEBUG] [Move 30] MINIMAX: Root move 2: move eval=-4.900001
[10:49:00.322] [DEBUG] [Move 30] MINIMAX: Root move 3: move eval=-4.900001
[10:49:00.322] [DEBUG] [Move 30] MINIMAX: Root move 4: flip eval=-4.900001
[10:49:00.322] [DEBUG] [Move 30] MINIMAX: Root move 5: flip eval=-4.900001
[10:49:00.322] [DEBUG] [Move 30] MINIMAX: Root move 6: move eval=-4.900001
[10:49:00.322] [DEBUG] [Move 30] MINIMAX: Root move 7: push eval=-4.900001
[10:49:00.322] [DEBUG] [Move 30] MINIMAX: Root move 8: flip eval=-4.900001
[10:49:00.322] [DEBUG] [Move 30] MINIMAX: Root move 9: flip eval=-4.900001
[10:49:00.322] [DEBUG] [Move 30] MINIMAX: Root move 10: push eval=-4.900001
[10:49:00.322] [DEBUG] [Move 30] MINIMAX: Root move 11: push eval=-4.900001
[10:49:00.322] [DEBUG] [Move 30] MINIMAX: Root move 12: push eval=-4.900001
[10:49:00.322] [DEBUG] [Move 30] MINIMAX: Root move 13: push eval=-4.900001
[10:49:00.322] [DEBUG] [Move 30] MINIMAX: Root move 14: push eval=-4.900001
[10:49:00.322] [DEBUG] [Move 30] MINIMAX: Root move 15: push eval=-4.900001
[10:49:00.322] [DEBUG] [Move 30] MINIMAX: Root move 16: push eval=-4.900001
[10:49:00.322] [DEBUG] [Move 30] MINIMAX: Root move 17: push eval=-4.900001
[10:49:00.322] [DEBUG] [Move 30] MINIMAX: Root move 18: push eval=-4.900001
[10:49:00.322] [DEBUG] [Move 30] MINIMAX: Root move 19: flip eval=-4.900001
[10:49:00.322] [DEBUG] [Move 30] MINIMAX: Root move 20: rotate eval=-4.900001
[10:49:00.322] [DEBUG] [Move 30] MINIMAX: Root move 21: push eval=-4.900001
[10:49:00.322] [DEBUG] [Move 30] MINIMAX: Root move 22: flip eval=-4.900001
[10:49:00.322] [DEBUG] [Move 30] MINIMAX: Root move 23: flip eval=-4.900001
[10:49:00.322] [DEBUG] [Move 30] MINIMAX: Root move 24: move eval=-4.900001
[10:49:00.322] [DEBUG] [Move 30] MINIMAX: Root move 25: move eval=-4.900001
[10:49:00.322] [DEBUG] [Move 30] MINIMAX: Root move 26: move eval=-4.900001
[10:49:00.322] [DEBUG] [Move 30] MINIMAX: Root move 27: move eval=-4.900001
[10:49:00.322] [DEBUG] [Move 30] MINIMAX: Root move 28: move eval=-4.900001
[10:49:00.322] [DEBUG] [Move 30] MINIMAX: Root move 29: move eval=-4.900001
[10:49:00.322] [DEBUG] [Move 30] MINIMAX: Root move 30: move eval=-4.900001
[10:49:00.322] [DEBUG] [Move 30] MINIMAX: Root move 31: move eval=-4.900001
[10:49:00.322] [DEBUG] [Move 30] MINIMAX: Root move 32: move eval=-4.900001
[10:49:00.322] [DEBUG] [Move 30] MINIMAX: Root move 33: push eval=-4.900001
[10:49:00.322] [DEBUG] [Move 30] MINIMAX: Root move 34: flip eval=-4.900001
[10:49:00.322] [DEBUG] [Move 30] MINIMAX: Root move 35: flip eval=-4.900001
[10:49:00.322] [DEBUG] [Move 30] MINIMAX: Root move 36: move eval=-4.900001
[10:49:00.322] [DEBUG] [Move 30] MINIMAX: Root move 37: move eval=-4.900001
[10:49:00.322] [DEBUG] [Move 30] MINIMAX: Root move 38: push eval=-4.900001
[10:49:00.322] [DEBUG] [Move 30] MINIMAX: Root move 39: flip eval=-4.900001
[10:49:00.322] [DEBUG] [Move 30] MINIMAX: Root move 40: flip eval=-4.900001
[10:49:00.322] [DEBUG] [Move 30] MINIMAX: Root move 41: move eval=-4.900001
[10:49:00.322] [DEBUG] [Move 30] MINIMAX: Root move 42: move eval=-4.900001
[10:49:00.323] [DEBUG] [Move 30] MINIMAX: Root move 43: move eval=-4.900001
[10:49:00.323] [DEBUG] [Move 30] MINIMAX: Root move 44: flip eval=-4.900001
[10:49:00.323] [DEBUG] [Move 30] MINIMAX: Root move 45: flip eval=-4.900001
[10:49:00.323] [DEBUG] [Move 30] MINIMAX: Root move 46: move eval=-4.900001
[10:49:00.323] [DEBUG] [Move 30] MINIMAX: Root move 47: push eval=-4.900001
[10:49:00.323] [DEBUG] [Move 30] MINIMAX: Root move 48: flip eval=-4.900001
[10:49:00.323] [DEBUG] [Move 30] MINIMAX: Root move 49: flip eval=-4.900001
[10:49:00.323] [DEBUG] [Move 30] MINIMAX: Root move 50: move eval=-4.900001
[10:49:00.323] [DEBUG] [Move 30] MINIMAX: Root move 51: move eval=-4.900001
[10:49:00.323] [DEBUG] [Move 30] MINIMAX: Root move 52: move eval=-4.900001
[10:49:00.323] [DEBUG] [Move 30] MINIMAX: Root move 53: move eval=-4.900001
[10:49:00.323] [DEBUG] [Move 30] MINIMAX: Root move 54: move eval=-4.900001
[10:49:00.323] [DEBUG] [Move 30] MINIMAX: Root move 55: move eval=-4.900001
[10:49:00.323] [DEBUG] [Move 30] MINIMAX: Root move 56: move eval=-4.900001
[10:49:00.323] [DEBUG] [Move 30] MINIMAX: Root move 57: move eval=-4.900001
[10:49:00.323] [DEBUG] [Move 30] MINIMAX: Root move 58: move eval=-4.900001
[10:49:00.323] [DEBUG] [Move 30] MINIMAX: Root move 59: flip eval=-4.900001
[10:49:00.323] [DEBUG] [Move 30] MINIMAX: Root move 60: flip eval=-4.900001
[10:49:00.323] [DEBUG] [Move 30] MINIMAX: Root move 61: move eval=-4.900001
[10:49:00.323] [DEBUG] [Move 30] MINIMAX: Root move 62: move eval=-4.900001
[10:49:00.323] [DEBUG] [Move 30] MINIMAX: Root move 63: move eval=-4.900001
[10:49:00.323] [DEBUG] [Move 30] MINIMAX: Root move 64: move eval=-4.900001
[10:49:00.323] [DEBUG] [Move 30] MINIMAX: Root move 65: move eval=-4.900001
[10:49:00.323] [DEBUG] [Move 30] MINIMAX: Root move 66: move eval=-4.900001
[10:49:00.323] [DEBUG] [Move 30] MINIMAX: Root move 67: move eval=-4.900001
[10:49:00.323] [DEBUG] [Move 30] MINIMAX: Root move 68: move eval=-4.900001
[10:49:00.323] [DEBUG] [Move 30] MINIMAX: Root move 69: move eval=-4.900001
[10:49:00.323] [DEBUG] [Move 30] MINIMAX: Root move 70: move eval=-4.900001
[10:49:00.323] [DEBUG] [Move 30] MINIMAX: Root move 71: flip eval=-4.900001
[10:49:00.323] [DEBUG] [Move 30] MINIMAX: Root move 72: flip eval=-4.900001
[10:49:00.323] [DEBUG] [Move 30] MINIMAX: Root move 73: move eval=-4.900001
[10:49:00.323] [DEBUG] [Move 30] MINIMAX: Root move 74: push eval=-4.900001
[10:49:00.323] [DEBUG] [Move 30] MINIMAX: Root move 75: push eval=-4.900001
[10:49:00.323] [DEBUG] [Move 30] MINIMAX: Root move 76: push eval=-4.900001
[10:49:00.323] [DEBUG] [Move 30] MINIMAX: Root move 77: push eval=-4.900001
[10:49:00.323] [DEBUG] [Move 30] MINIMAX: Root move 78: push eval=-4.900001
[10:49:00.323] [DEBUG] [Move 30] MINIMAX: Root move 79: push eval=-4.900001
[10:49:00.323] [DEBUG] [Move 30] MINIMAX: Root move 80: push eval=-4.900001
[10:49:00.323] [DEBUG] [Move 30] MINIMAX: Root move 81: push eval=-4.900001
[10:49:00.323] [DEBUG] [Move 30] MINIMAX: Root move 82: push eval=-4.900001
[10:49:00.323] [DEBUG] [Move 30] MINIMAX: Root move 83: push eval=-4.900001
[10:49:00.323] [DEBUG] [Move 30] MINIMAX: Root move 84: push eval=-4.900001
[10:49:00.323] [DEBUG] [Move 30] MINIMAX: Root move 85: push eval=-4.900001
[10:49:00.323] [DEBUG] [Move 30] MINIMAX: Root move 86: push eval=-4.900001
[10:49:00.323] [DEBUG] [Move 30] MINIMAX: Root move 87: push eval=-4.900001
[10:49:00.323] [DEBUG] [Move 30] MINIMAX: Root move 88: push eval=-4.900001
[10:49:00.323] [DEBUG] [Move 30] MINIMAX: Root move 89: push eval=-4.900001
[10:49:00.323] [DEBUG] [Move 30] MINIMAX: Root move 90: push eval=-4.900001
[10:49:00.323] [DEBUG] [Move 30] MINIMAX: Root move 91: push eval=-4.900001
[10:49:00.323] [DEBUG] [Move 30] MINIMAX: Root move 92: push eval=-4.900001
[10:49:00.323] [DEBUG] [Move 30] MINIMAX: Root move 93: push eval=-4.900001
[10:49:00.323] [DEBUG] [Move 30] MINIMAX: Root move 94: push eval=-4.900001
[10:49:00.323] [DEBUG] [Move 30] MINIMAX: Root move 95: push eval=-4.900001
[10:49:00.323] [DEBUG] [Move 30] MINIMAX: Root move 96: push eval=-4.900001
[10:49:00.323] [DEBUG] [Move 30] MINIMAX: Root move 97: push eval=-4.900001
[10:49:00.323] [DEBUG] [Move 30] MINIMAX: Root move 98: push eval=-4.900001
[10:49:00.323] [DEBUG] [Move 30] MINIMAX: Root move 99: push eval=-4.900001
[10:49:00.323] [DEBUG] [Move 30] MINIMAX: Root move 100: push eval=-4.900001
[10:49:00.323] [DEBUG] [Move 30] MINIMAX: Root move 101: push eval=-4.900001
[10:49:00.323] [DEBUG] [Move 30] MINIMAX: Root move 102: push eval=-4.900001
[10:49:00.323] [DEBUG] [Move 30] MINIMAX: Root move 103: push eval=-4.900001
[10:49:00.323] [DEBUG] [Move 30] MINIMAX: Root move 104: flip eval=-4.900001
[10:49:00.323] [DEBUG] [Move 30] MINIMAX: Root move 105: rotate eval=-4.900001
[10:49:00.323] [DEBUG] [Move 30] MINIMAX: Root move 106: move eval=-4.900001
[10:49:00.323] [DEBUG] [Move 30] MINIMAX: Root move 107: move eval=-4.900001
[10:49:00.323] [DEBUG] [Move 30] MINIMAX: Root move 108: move eval=-4.900001
[10:49:00.323] [DEBUG] [Move 30] MINIMAX: Root move 109: move eval=-4.900001
[10:49:00.323] [DEBUG] [Move 30] MINIMAX: Root move 110: move eval=-4.900001
[10:49:00.323] [DEBUG] [Move 30] MINIMAX: Root move 111: move eval=-4.900001
[10:49:00.323] [DEBUG] [Move 30] MINIMAX: Root move 112: move eval=-4.900001
[10:49:00.323] [DEBUG] [Move 30] MINIMAX: Root move 113: move eval=-4.900001
[10:49:00.324] [DEBUG] [Move 30] MINIMAX: Root move 114: move eval=-4.900001
[10:49:00.324] [DEBUG] [Move 30] MINIMAX: Root move 115: move eval=-4.900001
[10:49:00.324] [DEBUG] [Move 30] MINIMAX: Root move 116: push eval=-4.900001
[10:49:00.324] [DEBUG] [Move 30] MINIMAX: Root move 117: flip eval=-4.900001
[10:49:00.324] [DEBUG] [Move 30] MINIMAX: Root move 118: flip eval=-4.900001
[10:49:00.324] [DEBUG] [Move 30] MINIMAX: Root search complete - evaluated=118/118, cutoffs=0
[10:49:00.324] [DEBUG] [Move 30] MINIMAX: Depth 1 completed, nodes=118, eval=-4.900001, move=move
[10:49:00.324] [DEBUG] [Move 30] MINIMAX: Searching at depth 2
[10:49:00.326] [DEBUG] [Move 30] MINIMAX: Root move 1: move eval=4.200000
[10:49:00.326] [DEBUG] [Move 30] MINIMAX: Alpha improved at root: -1000000.000000 -> 4.200000
[10:49:00.328] [DEBUG] [Move 30] MINIMAX: Root move 2: move eval=4.200000
[10:49:00.329] [DEBUG] [Move 30] MINIMAX: Root move 3: move eval=4.200000
[10:49:00.331] [DEBUG] [Move 30] MINIMAX: Root move 4: flip eval=4.200000
[10:49:00.332] [DEBUG] [Move 30] MINIMAX: Root move 5: flip eval=4.200000
[10:49:00.334] [DEBUG] [Move 30] MINIMAX: Root move 6: move eval=4.200000
[10:49:00.336] [DEBUG] [Move 30] MINIMAX: Root move 7: push eval=4.200000
[10:49:00.338] [DEBUG] [Move 30] MINIMAX: Root move 8: flip eval=4.200000
[10:49:00.339] [DEBUG] [Move 30] MINIMAX: Root move 9: flip eval=4.200000
[10:49:00.341] [DEBUG] [Move 30] MINIMAX: Root move 10: push eval=4.200000
[10:49:00.341] [DEBUG] [Move 30] MINIMAX: Root move 11: push eval=4.200000
[10:49:00.341] [DEBUG] [Move 30] MINIMAX: Root move 12: push eval=4.200000
[10:49:00.341] [DEBUG] [Move 30] MINIMAX: Root move 13: push eval=4.200000
[10:49:00.341] [DEBUG] [Move 30] MINIMAX: Root move 14: push eval=4.200000
[10:49:00.341] [DEBUG] [Move 30] MINIMAX: Root move 15: push eval=4.200000
[10:49:00.341] [DEBUG] [Move 30] MINIMAX: Root move 16: push eval=4.200000
[10:49:00.341] [DEBUG] [Move 30] MINIMAX: Root move 17: push eval=4.200000
[10:49:00.341] [DEBUG] [Move 30] MINIMAX: Root move 18: push eval=4.200000
[10:49:00.343] [DEBUG] [Move 30] MINIMAX: Root move 19: flip eval=4.200000
[10:49:00.344] [DEBUG] [Move 30] MINIMAX: Root move 20: rotate eval=4.200000
[10:49:00.346] [DEBUG] [Move 30] MINIMAX: Root move 21: push eval=4.200000
[10:49:00.347] [DEBUG] [Move 30] MINIMAX: Root move 22: flip eval=4.200000
[10:49:00.348] [DEBUG] [Move 30] MINIMAX: Root move 23: flip eval=4.200000
[10:49:00.350] [DEBUG] [Move 30] MINIMAX: Root move 24: move eval=4.200000
[10:49:00.351] [DEBUG] [Move 30] MINIMAX: Root move 25: move eval=4.200000
[10:49:00.352] [DEBUG] [Move 30] MINIMAX: Root move 26: move eval=4.200000
[10:49:00.353] [DEBUG] [Move 30] MINIMAX: Root move 27: move eval=4.200000
[10:49:00.355] [DEBUG] [Move 30] MINIMAX: Root move 28: move eval=4.200000
[10:49:00.356] [DEBUG] [Move 30] MINIMAX: Root move 29: move eval=4.200000
[10:49:00.357] [DEBUG] [Move 30] MINIMAX: Root move 30: move eval=4.200000
[10:49:00.358] [DEBUG] [Move 30] MINIMAX: Root move 31: move eval=4.200000
[10:49:00.360] [DEBUG] [Move 30] MINIMAX: Root move 32: move eval=4.200000
[10:49:00.361] [DEBUG] [Move 30] MINIMAX: Root move 33: push eval=4.200000
[10:49:00.362] [DEBUG] [Move 30] MINIMAX: Root move 34: flip eval=4.200000
[10:49:00.363] [DEBUG] [Move 30] MINIMAX: Root move 35: flip eval=4.200000
[10:49:00.364] [DEBUG] [Move 30] MINIMAX: Root move 36: move eval=4.200000
[10:49:00.366] [DEBUG] [Move 30] MINIMAX: Root move 37: move eval=4.200000
[10:49:00.367] [DEBUG] [Move 30] MINIMAX: Root move 38: push eval=4.200000
[10:49:00.368] [DEBUG] [Move 30] MINIMAX: Root move 39: flip eval=4.200000
[10:49:00.369] [DEBUG] [Move 30] MINIMAX: Root move 40: flip eval=4.200000
[10:49:00.370] [DEBUG] [Move 30] MINIMAX: Root move 41: move eval=4.200000
[10:49:00.372] [DEBUG] [Move 30] MINIMAX: Root move 42: move eval=4.200000
[10:49:00.373] [DEBUG] [Move 30] MINIMAX: Root move 43: move eval=4.200000
[10:49:00.374] [DEBUG] [Move 30] MINIMAX: Root move 44: flip eval=4.200000
[10:49:00.375] [DEBUG] [Move 30] MINIMAX: Root move 45: flip eval=4.200000
[10:49:00.376] [DEBUG] [Move 30] MINIMAX: Root move 46: move eval=4.200000
[10:49:00.378] [DEBUG] [Move 30] MINIMAX: Root move 47: push eval=4.200000
[10:49:00.379] [DEBUG] [Move 30] MINIMAX: Root move 48: flip eval=4.200000
[10:49:00.380] [DEBUG] [Move 30] MINIMAX: Root move 49: flip eval=4.200000
[10:49:00.381] [DEBUG] [Move 30] MINIMAX: Root move 50: move eval=4.200000
[10:49:00.382] [DEBUG] [Move 30] MINIMAX: Root move 51: move eval=4.200000
[10:49:00.384] [DEBUG] [Move 30] MINIMAX: Root move 52: move eval=4.200000
[10:49:00.385] [DEBUG] [Move 30] MINIMAX: Root move 53: move eval=4.200000
[10:49:00.386] [DEBUG] [Move 30] MINIMAX: Root move 54: move eval=4.200000
[10:49:00.387] [DEBUG] [Move 30] MINIMAX: Root move 55: move eval=4.200000
[10:49:00.388] [DEBUG] [Move 30] MINIMAX: Root move 56: move eval=4.200000
[10:49:00.389] [DEBUG] [Move 30] MINIMAX: Root move 57: move eval=4.200000
[10:49:00.391] [DEBUG] [Move 30] MINIMAX: Root move 58: move eval=4.200000
[10:49:00.392] [DEBUG] [Move 30] MINIMAX: Root move 59: flip eval=4.200000
[10:49:00.393] [DEBUG] [Move 30] MINIMAX: Root move 60: flip eval=4.200000
[10:49:00.394] [DEBUG] [Move 30] MINIMAX: Root move 61: move eval=4.200000
[10:49:00.395] [DEBUG] [Move 30] MINIMAX: Root move 62: move eval=4.200000
[10:49:00.397] [DEBUG] [Move 30] MINIMAX: Root move 63: move eval=4.200000
[10:49:00.398] [DEBUG] [Move 30] MINIMAX: Root move 64: move eval=4.200000
[10:49:00.400] [DEBUG] [Move 30] MINIMAX: Root move 65: move eval=4.200000
[10:49:00.401] [DEBUG] [Move 30] MINIMAX: Root move 66: move eval=4.200000
[10:49:00.403] [DEBUG] [Move 30] MINIMAX: Root move 67: move eval=4.200000
[10:49:00.404] [DEBUG] [Move 30] MINIMAX: Root move 68: move eval=4.200000
[10:49:00.406] [DEBUG] [Move 30] MINIMAX: Root move 69: move eval=4.200000
[10:49:00.407] [DEBUG] [Move 30] MINIMAX: Root move 70: move eval=4.200000
[10:49:00.408] [DEBUG] [Move 30] MINIMAX: Root move 71: flip eval=4.200000
[10:49:00.410] [DEBUG] [Move 30] MINIMAX: Root move 72: flip eval=4.200000
[10:49:00.411] [DEBUG] [Move 30] MINIMAX: Root move 73: move eval=4.200000
[10:49:00.412] [DEBUG] [Move 30] MINIMAX: Root move 74: push eval=4.200000
[10:49:00.412] [DEBUG] [Move 30] MINIMAX: Root move 75: push eval=4.200000
[10:49:00.412] [DEBUG] [Move 30] MINIMAX: Root move 76: push eval=4.200000
[10:49:00.412] [DEBUG] [Move 30] MINIMAX: Root move 77: push eval=4.200000
[10:49:00.412] [DEBUG] [Move 30] MINIMAX: Root move 78: push eval=4.200000
[10:49:00.412] [DEBUG] [Move 30] MINIMAX: Root move 79: push eval=4.200000
[10:49:00.413] [DEBUG] [Move 30] MINIMAX: Root move 80: push eval=4.200000
[10:49:00.413] [DEBUG] [Move 30] MINIMAX: Root move 81: push eval=4.200000
[10:49:00.413] [DEBUG] [Move 30] MINIMAX: Root move 82: push eval=4.200000
[10:49:00.413] [DEBUG] [Move 30] MINIMAX: Root move 83: push eval=4.200000
[10:49:00.413] [DEBUG] [Move 30] MINIMAX: Root move 84: push eval=4.200000
[10:49:00.413] [DEBUG] [Move 30] MINIMAX: Root move 85: push eval=4.200000
[10:49:00.413] [DEBUG] [Move 30] MINIMAX: Root move 86: push eval=4.200000
[10:49:00.413] [DEBUG] [Move 30] MINIMAX: Root move 87: push eval=4.200000
[10:49:00.413] [DEBUG] [Move 30] MINIMAX: Root move 88: push eval=4.200000
[10:49:00.413] [DEBUG] [Move 30] MINIMAX: Root move 89: push eval=4.200000
[10:49:00.413] [DEBUG] [Move 30] MINIMAX: Root move 90: push eval=4.200000
[10:49:00.413] [DEBUG] [Move 30] MINIMAX: Root move 91: push eval=4.200000
[10:49:00.413] [DEBUG] [Move 30] MINIMAX: Root move 92: push eval=4.200000
[10:49:00.413] [DEBUG] [Move 30] MINIMAX: Root move 93: push eval=4.200000
[10:49:00.413] [DEBUG] [Move 30] MINIMAX: Root move 94: push eval=4.200000
[10:49:00.414] [DEBUG] [Move 30] MINIMAX: Root move 95: push eval=4.200000
[10:49:00.414] [DEBUG] [Move 30] MINIMAX: Root move 96: push eval=4.200000
[10:49:00.414] [DEBUG] [Move 30] MINIMAX: Root move 97: push eval=4.200000
[10:49:00.414] [DEBUG] [Move 30] MINIMAX: Root move 98: push eval=4.200000
[10:49:00.414] [DEBUG] [Move 30] MINIMAX: Root move 99: push eval=4.200000
[10:49:00.414] [DEBUG] [Move 30] MINIMAX: Root move 100: push eval=4.200000
[10:49:00.414] [DEBUG] [Move 30] MINIMAX: Root move 101: push eval=4.200000
[10:49:00.414] [DEBUG] [Move 30] MINIMAX: Root move 102: push eval=4.200000
[10:49:00.414] [DEBUG] [Move 30] MINIMAX: Root move 103: push eval=4.200000
[10:49:00.416] [DEBUG] [Move 30] MINIMAX: Root move 104: flip eval=4.200000
[10:49:00.417] [DEBUG] [Move 30] MINIMAX: Root move 105: rotate eval=4.200000
[10:49:00.418] [DEBUG] [Move 30] MINIMAX: Root move 106: move eval=4.200000
[10:49:00.419] [DEBUG] [Move 30] MINIMAX: Root move 107: move eval=4.200000
[10:49:00.420] [DEBUG] [Move 30] MINIMAX: Root move 108: move eval=1000000.000000
[10:49:00.420] [DEBUG] [Move 30] MINIMAX: Alpha improved at root: 4.200000 -> 1000000.000000
[10:49:00.420] [DEBUG] [Move 30] MINIMAX: Root beta cutoff! Remaining 10 moves pruned
[10:49:00.420] [DEBUG] [Move 30] MINIMAX: Root search complete - evaluated=108/118, cutoffs=1
[10:49:00.420] [DEBUG] [Move 30] MINIMAX: Depth 2 completed, nodes=348, eval=1000000.000000, move=move
[10:49:00.420] [INFO] [Move 30] MINIMAX: Best move changed from move to move (eval: -4.900001 -> 1000000.000000)
[10:49:00.420] [DEBUG] [Move 30] MINIMAX: Found winning position, stopping early
[10:49:00.420] [INFO] [Move 30] MINIMAX: Search complete - depth=2, nodes=466, TT_size=236639, time=0.100000s
[10:49:00.422] [DEBUG] [Move 30] VALIDATION DEBUG: Generated 118 legal moves for validation
[10:49:00.422] [DEBUG] [Move 30] VALIDATION DEBUG: Minimax returned move: move (8,4) -> (7,7)
[10:49:00.422] [DEBUG] [Move 30] VALIDATION DEBUG: Legal move 1: move (0,1) -> (0,0)
[10:49:00.422] [DEBUG] [Move 30] VALIDATION DEBUG: Legal move 2: move (0,1) -> (0,2)
[10:49:00.422] [DEBUG] [Move 30] VALIDATION DEBUG: Legal move 3: move (0,1) -> (1,1)
[10:49:00.422] [DEBUG] [Move 30] VALIDATION DEBUG: Legal move 4: flip (0,1) -> (0,1)
[10:49:00.422] [DEBUG] [Move 30] VALIDATION DEBUG: Legal move 5: flip (0,1) -> (0,1)
[10:49:00.422] [DEBUG] [Move 30] VALIDATION DEBUG: Move found in legal moves - SUCCESS!
[10:49:00.422] [DECISION] [Move 30] FINAL DECISION: move (8,4) -> (7,7) | Reasoning: Minimax search
[10:49:00.422] [DECISION] [Move 30] === MOVE DECISION END ===
[10:49:00.459] [DECISION] [Move 31] === MOVE DECISION START === Player: square, Board: 13x12, Time: 0.764593s (vs 59.8892s)
[10:49:00.459] [DEBUG] [Move 31] MINIMAX: Starting search for square, time=0.764593s
[10:49:00.461] [DEBUG] [Move 31] MINIMAX: Found 103 legal moves at root
[10:49:00.461] [DEBUG] [Move 31] MINIMAX: Starting iterative deepening
[10:49:00.461] [DEBUG] [Move 31] MINIMAX: Searching at depth 1
[10:49:00.461] [DEBUG] [Move 31] MINIMAX: Root move 1: move eval=-4.900001
[10:49:00.461] [DEBUG] [Move 31] MINIMAX: Alpha improved at root: -1000000.000000 -> -4.900001
[10:49:00.461] [DEBUG] [Move 31] MINIMAX: Root move 2: move eval=-4.900001
[10:49:00.461] [DEBUG] [Move 31] MINIMAX: Root move 3: move eval=-4.900001
[10:49:00.461] [DEBUG] [Move 31] MINIMAX: Root move 4: flip eval=-4.900001
[10:49:00.461] [DEBUG] [Move 31] MINIMAX: Root move 5: flip eval=-4.900001
[10:49:00.461] [DEBUG] [Move 31] MINIMAX: Root move 6: move eval=-4.900001
[10:49:00.462] [DEBUG] [Move 31] MINIMAX: Root move 7: push eval=-4.900001
[10:49:00.462] [DEBUG] [Move 31] MINIMAX: Root move 8: flip eval=-4.900001
[10:49:00.462] [DEBUG] [Move 31] MINIMAX: Root move 9: flip eval=-4.900001
[10:49:00.462] [DEBUG] [Move 31] MINIMAX: Root move 10: push eval=-4.900001
[10:49:00.462] [DEBUG] [Move 31] MINIMAX: Root move 11: push eval=-4.900001
[10:49:00.462] [DEBUG] [Move 31] MINIMAX: Root move 12: push eval=-4.900001
[10:49:00.462] [DEBUG] [Move 31] MINIMAX: Root move 13: push eval=-4.900001
[10:49:00.462] [DEBUG] [Move 31] MINIMAX: Root move 14: push eval=-4.900001
[10:49:00.462] [DEBUG] [Move 31] MINIMAX: Root move 15: push eval=-4.900001
[10:49:00.462] [DEBUG] [Move 31] MINIMAX: Root move 16: push eval=-4.900001
[10:49:00.462] [DEBUG] [Move 31] MINIMAX: Root move 17: push eval=-4.900001
[10:49:00.462] [DEBUG] [Move 31] MINIMAX: Root move 18: push eval=-4.900001
[10:49:00.462] [DEBUG] [Move 31] MINIMAX: Root move 19: push eval=-4.900001
[10:49:00.462] [DEBUG] [Move 31] MINIMAX: Root move 20: push eval=-4.900001
[10:49:00.462] [DEBUG] [Move 31] MINIMAX: Root move 21: push eval=-4.900001
[10:49:00.462] [DEBUG] [Move 31] MINIMAX: Root move 22: push eval=-4.900001
[10:49:00.462] [DEBUG] [Move 31] MINIMAX: Root move 23: flip eval=-4.900001
[10:49:00.462] [DEBUG] [Move 31] MINIMAX: Root move 24: rotate eval=-4.900001
[10:49:00.462] [DEBUG] [Move 31] MINIMAX: Root move 25: push eval=-4.900001
[10:49:00.462] [DEBUG] [Move 31] MINIMAX: Root move 26: flip eval=-4.900001
[10:49:00.462] [DEBUG] [Move 31] MINIMAX: Root move 27: flip eval=-4.900001
[10:49:00.462] [DEBUG] [Move 31] MINIMAX: Root move 28: move eval=-4.900001
[10:49:00.462] [DEBUG] [Move 31] MINIMAX: Root move 29: move eval=-4.900001
[10:49:00.462] [DEBUG] [Move 31] MINIMAX: Root move 30: push eval=-4.900001
[10:49:00.462] [DEBUG] [Move 31] MINIMAX: Root move 31: flip eval=-4.900001
[10:49:00.462] [DEBUG] [Move 31] MINIMAX: Root move 32: flip eval=-4.900001
[10:49:00.462] [DEBUG] [Move 31] MINIMAX: Root move 33: move eval=-4.900001
[10:49:00.462] [DEBUG] [Move 31] MINIMAX: Root move 34: move eval=-4.900001
[10:49:00.462] [DEBUG] [Move 31] MINIMAX: Root move 35: move eval=-4.900001
[10:49:00.462] [DEBUG] [Move 31] MINIMAX: Root move 36: flip eval=-4.900001
[10:49:00.462] [DEBUG] [Move 31] MINIMAX: Root move 37: flip eval=-4.900001
[10:49:00.462] [DEBUG] [Move 31] MINIMAX: Root move 38: move eval=-4.900001
[10:49:00.462] [DEBUG] [Move 31] MINIMAX: Root move 39: move eval=-4.900001
[10:49:00.462] [DEBUG] [Move 31] MINIMAX: Root move 40: move eval=-4.900001
[10:49:00.462] [DEBUG] [Move 31] MINIMAX: Root move 41: flip eval=-4.900001
[10:49:00.462] [DEBUG] [Move 31] MINIMAX: Root move 42: flip eval=-4.900001
[10:49:00.462] [DEBUG] [Move 31] MINIMAX: Root move 43: move eval=-4.900001
[10:49:00.462] [DEBUG] [Move 31] MINIMAX: Root move 44: push eval=-4.900001
[10:49:00.462] [DEBUG] [Move 31] MINIMAX: Root move 45: flip eval=-4.900001
[10:49:00.462] [DEBUG] [Move 31] MINIMAX: Root move 46: flip eval=-4.900001
[10:49:00.462] [DEBUG] [Move 31] MINIMAX: Root move 47: move eval=-4.900001
[10:49:00.462] [DEBUG] [Move 31] MINIMAX: Root move 48: move eval=-4.900001
[10:49:00.462] [DEBUG] [Move 31] MINIMAX: Root move 49: move eval=-4.900001
[10:49:00.462] [DEBUG] [Move 31] MINIMAX: Root move 50: move eval=-4.900001
[10:49:00.462] [DEBUG] [Move 31] MINIMAX: Root move 51: move eval=-4.900001
[10:49:00.462] [DEBUG] [Move 31] MINIMAX: Root move 52: move eval=-4.900001
[10:49:00.462] [DEBUG] [Move 31] MINIMAX: Root move 53: move eval=-4.900001
[10:49:00.462] [DEBUG] [Move 31] MINIMAX: Root move 54: move eval=-4.900001
[10:49:00.462] [DEBUG] [Move 31] MINIMAX: Root move 55: move eval=-4.900001
[10:49:00.462] [DEBUG] [Move 31] MINIMAX: Root move 56: move eval=-4.900001
[10:49:00.462] [DEBUG] [Move 31] MINIMAX: Root move 57: move eval=-4.900001
[10:49:00.462] [DEBUG] [Move 31] MINIMAX: Root move 58: move eval=-4.900001
[10:49:00.462] [DEBUG] [Move 31] MINIMAX: Root move 59: move eval=-4.900001
[10:49:00.462] [DEBUG] [Move 31] MINIMAX: Root move 60: flip eval=-4.900001
[10:49:00.462] [DEBUG] [Move 31] MINIMAX: Root move 61: flip eval=-4.900001
[10:49:00.462] [DEBUG] [Move 31] MINIMAX: Root move 62: move eval=-4.900001
[10:49:00.463] [DEBUG] [Move 31] MINIMAX: Root move 63: move eval=-4.900001
[10:49:00.463] [DEBUG] [Move 31] MINIMAX: Root move 64: move eval=-4.900001
[10:49:00.463] [DEBUG] [Move 31] MINIMAX: Root move 65: flip eval=-4.900001
[10:49:00.463] [DEBUG] [Move 31] MINIMAX: Root move 66: flip eval=-4.900001
[10:49:00.463] [DEBUG] [Move 31] MINIMAX: Root move 67: move eval=-4.900001
[10:49:00.463] [DEBUG] [Move 31] MINIMAX: Root move 68: move eval=-4.900001
[10:49:00.463] [DEBUG] [Move 31] MINIMAX: Root move 69: push eval=-4.900001
[10:49:00.463] [DEBUG] [Move 31] MINIMAX: Root move 70: push eval=-4.900001
[10:49:00.463] [DEBUG] [Move 31] MINIMAX: Root move 71: push eval=-4.900001
[10:49:00.463] [DEBUG] [Move 31] MINIMAX: Root move 72: push eval=-4.900001
[10:49:00.463] [DEBUG] [Move 31] MINIMAX: Root move 73: push eval=-4.900001
[10:49:00.463] [DEBUG] [Move 31] MINIMAX: Root move 74: push eval=-4.900001
[10:49:00.463] [DEBUG] [Move 31] MINIMAX: Root move 75: push eval=-4.900001
[10:49:00.463] [DEBUG] [Move 31] MINIMAX: Root move 76: push eval=-4.900001
[10:49:00.463] [DEBUG] [Move 31] MINIMAX: Root move 77: push eval=-4.900001
[10:49:00.463] [DEBUG] [Move 31] MINIMAX: Root move 78: push eval=-4.900001
[10:49:00.463] [DEBUG] [Move 31] MINIMAX: Root move 79: push eval=-4.900001
[10:49:00.463] [DEBUG] [Move 31] MINIMAX: Root move 80: push eval=-4.900001
[10:49:00.463] [DEBUG] [Move 31] MINIMAX: Root move 81: push eval=-4.900001
[10:49:00.463] [DEBUG] [Move 31] MINIMAX: Root move 82: push eval=-4.900001
[10:49:00.463] [DEBUG] [Move 31] MINIMAX: Root move 83: push eval=-4.900001
[10:49:00.463] [DEBUG] [Move 31] MINIMAX: Root move 84: push eval=-4.900001
[10:49:00.463] [DEBUG] [Move 31] MINIMAX: Root move 85: push eval=-4.900001
[10:49:00.463] [DEBUG] [Move 31] MINIMAX: Root move 86: push eval=-4.900001
[10:49:00.463] [DEBUG] [Move 31] MINIMAX: Root move 87: flip eval=-4.900001
[10:49:00.463] [DEBUG] [Move 31] MINIMAX: Root move 88: rotate eval=-4.900001
[10:49:00.463] [DEBUG] [Move 31] MINIMAX: Root move 89: move eval=-4.900001
[10:49:00.463] [DEBUG] [Move 31] MINIMAX: Root move 90: move eval=-4.900001
[10:49:00.463] [DEBUG] [Move 31] MINIMAX: Root move 91: move eval=-4.900001
[10:49:00.463] [DEBUG] [Move 31] MINIMAX: Root move 92: move eval=-4.900001
[10:49:00.463] [DEBUG] [Move 31] MINIMAX: Root move 93: move eval=-4.900001
[10:49:00.463] [DEBUG] [Move 31] MINIMAX: Root move 94: move eval=-4.900001
[10:49:00.463] [DEBUG] [Move 31] MINIMAX: Root move 95: move eval=-4.900001
[10:49:00.463] [DEBUG] [Move 31] MINIMAX: Root move 96: move eval=-4.900001
[10:49:00.463] [DEBUG] [Move 31] MINIMAX: Root move 97: move eval=-4.900001
[10:49:00.463] [DEBUG] [Move 31] MINIMAX: Root move 98: move eval=-4.900001
[10:49:00.463] [DEBUG] [Move 31] MINIMAX: Root move 99: move eval=-4.900001
[10:49:00.463] [DEBUG] [Move 31] MINIMAX: Root move 100: move eval=-4.900001
[10:49:00.463] [DEBUG] [Move 31] MINIMAX: Root move 101: move eval=-4.900001
[10:49:00.463] [DEBUG] [Move 31] MINIMAX: Root move 102: flip eval=-4.900001
[10:49:00.463] [DEBUG] [Move 31] MINIMAX: Root move 103: flip eval=-4.900001
[10:49:00.463] [DEBUG] [Move 31] MINIMAX: Root search complete - evaluated=103/103, cutoffs=0
[10:49:00.463] [DEBUG] [Move 31] MINIMAX: Depth 1 completed, nodes=103, eval=-4.900001, move=move
[10:49:00.463] [DEBUG] [Move 31] MINIMAX: Searching at depth 2
[10:49:00.466] [DEBUG] [Move 31] MINIMAX: Root move 1: move eval=4.200000
[10:49:00.466] [DEBUG] [Move 31] MINIMAX: Alpha improved at root: -1000000.000000 -> 4.200000
[10:49:00.468] [DEBUG] [Move 31] MINIMAX: Root move 2: move eval=4.200000
[10:49:00.470] [DEBUG] [Move 31] MINIMAX: Root move 3: move eval=4.200000
[10:49:00.472] [DEBUG] [Move 31] MINIMAX: Root move 4: flip eval=4.200000
[10:49:00.474] [DEBUG] [Move 31] MINIMAX: Root move 5: flip eval=4.200000
[10:49:00.476] [DEBUG] [Move 31] MINIMAX: Root move 6: move eval=4.200000
[10:49:00.477] [DEBUG] [Move 31] MINIMAX: Root move 7: push eval=4.200000
[10:49:00.479] [DEBUG] [Move 31] MINIMAX: Root move 8: flip eval=4.200000
[10:49:00.480] [DEBUG] [Move 31] MINIMAX: Root move 9: flip eval=4.200000
[10:49:00.482] [DEBUG] [Move 31] MINIMAX: Root move 10: push eval=4.200000
[10:49:00.482] [DEBUG] [Move 31] MINIMAX: Root move 11: push eval=4.200000
[10:49:00.482] [DEBUG] [Move 31] MINIMAX: Root move 12: push eval=4.200000
[10:49:00.482] [DEBUG] [Move 31] MINIMAX: Root move 13: push eval=4.200000
[10:49:00.482] [DEBUG] [Move 31] MINIMAX: Root move 14: push eval=4.200000
[10:49:00.482] [DEBUG] [Move 31] MINIMAX: Root move 15: push eval=4.200000
[10:49:00.482] [DEBUG] [Move 31] MINIMAX: Root move 16: push eval=4.200000
[10:49:00.482] [DEBUG] [Move 31] MINIMAX: Root move 17: push eval=4.200000
[10:49:00.482] [DEBUG] [Move 31] MINIMAX: Root move 18: push eval=4.200000
[10:49:00.482] [DEBUG] [Move 31] MINIMAX: Root move 19: push eval=4.200000
[10:49:00.482] [DEBUG] [Move 31] MINIMAX: Root move 20: push eval=4.200000
[10:49:00.482] [DEBUG] [Move 31] MINIMAX: Root move 21: push eval=4.200000
[10:49:00.482] [DEBUG] [Move 31] MINIMAX: Root move 22: push eval=4.200000
[10:49:00.484] [DEBUG] [Move 31] MINIMAX: Root move 23: flip eval=4.200000
[10:49:00.485] [DEBUG] [Move 31] MINIMAX: Root move 24: rotate eval=4.200000
[10:49:00.486] [DEBUG] [Move 31] MINIMAX: Root move 25: push eval=4.200000
[10:49:00.487] [DEBUG] [Move 31] MINIMAX: Root move 26: flip eval=4.200000
[10:49:00.488] [DEBUG] [Move 31] MINIMAX: Root move 27: flip eval=4.200000
[10:49:00.489] [DEBUG] [Move 31] MINIMAX: Root move 28: move eval=4.200000
[10:49:00.490] [DEBUG] [Move 31] MINIMAX: Root move 29: move eval=4.200000
[10:49:00.491] [DEBUG] [Move 31] MINIMAX: Root move 30: push eval=4.200000
[10:49:00.493] [DEBUG] [Move 31] MINIMAX: Root move 31: flip eval=4.200000
[10:49:00.494] [DEBUG] [Move 31] MINIMAX: Root move 32: flip eval=4.200000
[10:49:00.495] [DEBUG] [Move 31] MINIMAX: Root move 33: move eval=4.200000
[10:49:00.496] [DEBUG] [Move 31] MINIMAX: Root move 34: move eval=4.200000
[10:49:00.497] [DEBUG] [Move 31] MINIMAX: Root move 35: move eval=4.200000
[10:49:00.498] [DEBUG] [Move 31] MINIMAX: Root move 36: flip eval=4.200000
[10:49:00.499] [DEBUG] [Move 31] MINIMAX: Root move 37: flip eval=4.200000
[10:49:00.500] [DEBUG] [Move 31] MINIMAX: Root move 38: move eval=4.200000
[10:49:00.501] [DEBUG] [Move 31] MINIMAX: Root move 39: move eval=4.200000
[10:49:00.502] [DEBUG] [Move 31] MINIMAX: Root move 40: move eval=4.200000
[10:49:00.503] [DEBUG] [Move 31] MINIMAX: Root move 41: flip eval=4.200000
[10:49:00.505] [DEBUG] [Move 31] MINIMAX: Root move 42: flip eval=4.200000
[10:49:00.506] [DEBUG] [Move 31] MINIMAX: Root move 43: move eval=4.200000
[10:49:00.507] [DEBUG] [Move 31] MINIMAX: Root move 44: push eval=4.200000
[10:49:00.508] [DEBUG] [Move 31] MINIMAX: Root move 45: flip eval=4.200000
[10:49:00.509] [DEBUG] [Move 31] MINIMAX: Root move 46: flip eval=4.200000
[10:49:00.510] [DEBUG] [Move 31] MINIMAX: Root move 47: move eval=4.200000
[10:49:00.511] [DEBUG] [Move 31] MINIMAX: Root move 48: move eval=4.200000
[10:49:00.512] [DEBUG] [Move 31] MINIMAX: Root move 49: move eval=4.200000
[10:49:00.513] [DEBUG] [Move 31] MINIMAX: Root move 50: move eval=4.200000
[10:49:00.514] [DEBUG] [Move 31] MINIMAX: Root move 51: move eval=4.200000
[10:49:00.515] [DEBUG] [Move 31] MINIMAX: Root move 52: move eval=4.200000
[10:49:00.516] [DEBUG] [Move 31] MINIMAX: Root move 53: move eval=4.200000
[10:49:00.518] [DEBUG] [Move 31] MINIMAX: Root move 54: move eval=4.200000
[10:49:00.519] [DEBUG] [Move 31] MINIMAX: Root move 55: move eval=4.200000
[10:49:00.520] [DEBUG] [Move 31] MINIMAX: Root move 56: move eval=4.200000
[10:49:00.521] [DEBUG] [Move 31] MINIMAX: Root move 57: move eval=4.200000
[10:49:00.523] [DEBUG] [Move 31] MINIMAX: Root move 58: move eval=4.200000
[10:49:00.525] [DEBUG] [Move 31] MINIMAX: Root move 59: move eval=4.200000
[10:49:00.526] [DEBUG] [Move 31] MINIMAX: Root move 60: flip eval=4.200000
[10:49:00.528] [DEBUG] [Move 31] MINIMAX: Root move 61: flip eval=4.200000
[10:49:00.530] [DEBUG] [Move 31] MINIMAX: Root move 62: move eval=4.200000
[10:49:00.531] [DEBUG] [Move 31] MINIMAX: Root move 63: move eval=4.200000
[10:49:00.532] [DEBUG] [Move 31] MINIMAX: Root move 64: move eval=4.200000
[10:49:00.533] [DEBUG] [Move 31] MINIMAX: Root move 65: flip eval=4.200000
[10:49:00.535] [DEBUG] [Move 31] MINIMAX: Root move 66: flip eval=4.200000
[10:49:00.536] [DEBUG] [Move 31] MINIMAX: Root move 67: move eval=4.200000
[10:49:00.538] [DEBUG] [Move 31] MINIMAX: Root move 68: move eval=4.200000
[10:49:00.539] [DEBUG] [Move 31] MINIMAX: Root move 69: push eval=4.200000
[10:49:00.539] [DEBUG] [Move 31] MINIMAX: Root move 70: push eval=4.200000
[10:49:00.539] [DEBUG] [Move 31] MINIMAX: Root move 71: push eval=4.200000
[10:49:00.539] [DEBUG] [Move 31] MINIMAX: Root move 72: push eval=4.200000
[10:49:00.539] [DEBUG] [Move 31] MINIMAX: Root move 73: push eval=4.200000
[10:49:00.539] [DEBUG] [Move 31] MINIMAX: Root move 74: push eval=4.200000
[10:49:00.539] [DEBUG] [Move 31] MINIMAX: Root move 75: push eval=4.200000
[10:49:00.539] [DEBUG] [Move 31] MINIMAX: Root move 76: push eval=4.200000
[10:49:00.539] [DEBUG] [Move 31] MINIMAX: Root move 77: push eval=4.200000
[10:49:00.539] [DEBUG] [Move 31] MINIMAX: Root move 78: push eval=4.200000
[10:49:00.539] [DEBUG] [Move 31] MINIMAX: Root move 79: push eval=4.200000
[10:49:00.540] [DEBUG] [Move 31] MINIMAX: Root move 80: push eval=4.200000
[10:49:00.540] [DEBUG] [Move 31] MINIMAX: Root move 81: push eval=4.200000
[10:49:00.540] [DEBUG] [Move 31] MINIMAX: Root move 82: push eval=4.200000
[10:49:00.540] [DEBUG] [Move 31] MINIMAX: Root move 83: push eval=4.200000
[10:49:00.540] [DEBUG] [Move 31] MINIMAX: Root move 84: push eval=4.200000
[10:49:00.541] [DEBUG] [Move 31] MINIMAX: Root move 85: push eval=4.200000
[10:49:00.541] [DEBUG] [Move 31] MINIMAX: Root move 86: push eval=4.200000
[10:49:00.543] [DEBUG] [Move 31] MINIMAX: Root move 87: flip eval=4.200000
[10:49:00.546] [DEBUG] [Move 31] MINIMAX: Root move 88: rotate eval=4.200000
[10:49:00.548] [DEBUG] [Move 31] MINIMAX: Root move 89: move eval=4.200000
[10:49:00.550] [DEBUG] [Move 31] MINIMAX: Root move 90: move eval=4.200000
[10:49:00.552] [DEBUG] [Move 31] MINIMAX: Root move 91: move eval=4.200000
[10:49:00.554] [DEBUG] [Move 31] MINIMAX: Root move 92: move eval=4.200000
[10:49:00.555] [DEBUG] [Move 31] MINIMAX: Root move 93: move eval=4.200000
[10:49:00.557] [DEBUG] [Move 31] MINIMAX: Root move 94: move eval=4.200000
[10:49:00.558] [DEBUG] [Move 31] MINIMAX: Root move 95: move eval=4.200000
[10:49:00.560] [DEBUG] [Move 31] MINIMAX: Root move 96: move eval=1000000.000000
[10:49:00.560] [DEBUG] [Move 31] MINIMAX: Alpha improved at root: 4.200000 -> 1000000.000000
[10:49:00.560] [DEBUG] [Move 31] MINIMAX: Root beta cutoff! Remaining 7 moves pruned
[10:49:00.560] [DEBUG] [Move 31] MINIMAX: Root search complete - evaluated=96/103, cutoffs=1
[10:49:00.560] [DEBUG] [Move 31] MINIMAX: Depth 2 completed, nodes=312, eval=1000000.000000, move=move
[10:49:00.560] [INFO] [Move 31] MINIMAX: Best move changed from move to move (eval: -4.900001 -> 1000000.000000)
[10:49:00.560] [DEBUG] [Move 31] MINIMAX: Found winning position, stopping early
[10:49:00.560] [INFO] [Move 31] MINIMAX: Search complete - depth=2, nodes=415, TT_size=236910, time=0.100000s
[10:49:00.561] [DEBUG] [Move 31] VALIDATION DEBUG: Generated 103 legal moves for validation
[10:49:00.561] [DEBUG] [Move 31] VALIDATION DEBUG: Minimax returned move: move (7,7) -> (8,5)
[10:49:00.561] [DEBUG] [Move 31] VALIDATION DEBUG: Legal move 1: move (0,1) -> (0,0)
[10:49:00.561] [DEBUG] [Move 31] VALIDATION DEBUG: Legal move 2: move (0,1) -> (0,2)
[10:49:00.561] [DEBUG] [Move 31] VALIDATION DEBUG: Legal move 3: move (0,1) -> (1,1)
[10:49:00.561] [DEBUG] [Move 31] VALIDATION DEBUG: Legal move 4: flip (0,1) -> (0,1)
[10:49:00.561] [DEBUG] [Move 31] VALIDATION DEBUG: Legal move 5: flip (0,1) -> (0,1)
[10:49:00.561] [DEBUG] [Move 31] VALIDATION DEBUG: Move found in legal moves - SUCCESS!
[10:49:00.561] [DECISION] [Move 31] FINAL DECISION: move (7,7) -> (8,5) | Reasoning: Minimax search
[10:49:00.561] [DECISION] [Move 31] === MOVE DECISION END ===
[10:49:00.598] [DECISION] [Move 32] === MOVE DECISION START === Player: square, Board: 13x12, Time: 0.662449s (vs 59.887s)
[10:49:00.598] [DEBUG] [Move 32] MINIMAX: Starting search for square, time=0.662449s
[10:49:00.600] [DEBUG] [Move 32] MINIMAX: Found 103 legal moves at root
[10:49:00.600] [DEBUG] [Move 32] MINIMAX: Starting iterative deepening
[10:49:00.600] [DEBUG] [Move 32] MINIMAX: Searching at depth 1
[10:49:00.600] [DEBUG] [Move 32] MINIMAX: Root move 1: move eval=-4.900001
[10:49:00.600] [DEBUG] [Move 32] MINIMAX: Alpha improved at root: -1000000.000000 -> -4.900001
[10:49:00.601] [DEBUG] [Move 32] MINIMAX: Root move 2: move eval=-4.900001
[10:49:00.601] [DEBUG] [Move 32] MINIMAX: Root move 3: move eval=-4.900001
[10:49:00.601] [DEBUG] [Move 32] MINIMAX: Root move 4: flip eval=-4.900001
[10:49:00.601] [DEBUG] [Move 32] MINIMAX: Root move 5: flip eval=-4.900001
[10:49:00.601] [DEBUG] [Move 32] MINIMAX: Root move 6: move eval=-4.900001
[10:49:00.601] [DEBUG] [Move 32] MINIMAX: Root move 7: push eval=-4.900001
[10:49:00.601] [DEBUG] [Move 32] MINIMAX: Root move 8: flip eval=-4.900001
[10:49:00.601] [DEBUG] [Move 32] MINIMAX: Root move 9: flip eval=-4.900001
[10:49:00.601] [DEBUG] [Move 32] MINIMAX: Root move 10: push eval=-4.900001
[10:49:00.601] [DEBUG] [Move 32] MINIMAX: Root move 11: push eval=-4.900001
[10:49:00.601] [DEBUG] [Move 32] MINIMAX: Root move 12: push eval=-4.900001
[10:49:00.601] [DEBUG] [Move 32] MINIMAX: Root move 13: push eval=-4.900001
[10:49:00.601] [DEBUG] [Move 32] MINIMAX: Root move 14: push eval=-4.900001
[10:49:00.601] [DEBUG] [Move 32] MINIMAX: Root move 15: push eval=-4.900001
[10:49:00.601] [DEBUG] [Move 32] MINIMAX: Root move 16: push eval=-4.900001
[10:49:00.601] [DEBUG] [Move 32] MINIMAX: Root move 17: push eval=-4.900001
[10:49:00.601] [DEBUG] [Move 32] MINIMAX: Root move 18: push eval=-4.900001
[10:49:00.601] [DEBUG] [Move 32] MINIMAX: Root move 19: push eval=-4.900001
[10:49:00.601] [DEBUG] [Move 32] MINIMAX: Root move 20: push eval=-4.900001
[10:49:00.601] [DEBUG] [Move 32] MINIMAX: Root move 21: push eval=-4.900001
[10:49:00.601] [DEBUG] [Move 32] MINIMAX: Root move 22: flip eval=-4.900001
[10:49:00.601] [DEBUG] [Move 32] MINIMAX: Root move 23: rotate eval=-4.900001
[10:49:00.601] [DEBUG] [Move 32] MINIMAX: Root move 24: push eval=-4.900001
[10:49:00.601] [DEBUG] [Move 32] MINIMAX: Root move 25: flip eval=-4.900001
[10:49:00.601] [DEBUG] [Move 32] MINIMAX: Root move 26: flip eval=-4.900001
[10:49:00.601] [DEBUG] [Move 32] MINIMAX: Root move 27: move eval=-4.900001
[10:49:00.601] [DEBUG] [Move 32] MINIMAX: Root move 28: move eval=-4.900001
[10:49:00.601] [DEBUG] [Move 32] MINIMAX: Root move 29: move eval=-4.900001
[10:49:00.601] [DEBUG] [Move 32] MINIMAX: Root move 30: move eval=-4.900001
[10:49:00.601] [DEBUG] [Move 32] MINIMAX: Root move 31: move eval=-4.900001
[10:49:00.601] [DEBUG] [Move 32] MINIMAX: Root move 32: move eval=-4.900001
[10:49:00.601] [DEBUG] [Move 32] MINIMAX: Root move 33: push eval=-4.900001
[10:49:00.601] [DEBUG] [Move 32] MINIMAX: Root move 34: flip eval=-4.900001
[10:49:00.601] [DEBUG] [Move 32] MINIMAX: Root move 35: flip eval=-4.900001
[10:49:00.601] [DEBUG] [Move 32] MINIMAX: Root move 36: move eval=-4.900001
[10:49:00.601] [DEBUG] [Move 32] MINIMAX: Root move 37: move eval=-4.900001
[10:49:00.601] [DEBUG] [Move 32] MINIMAX: Root move 38: move eval=-4.900001
[10:49:00.601] [DEBUG] [Move 32] MINIMAX: Root move 39: flip eval=-4.900001
[10:49:00.601] [DEBUG] [Move 32] MINIMAX: Root move 40: flip eval=-4.900001
[10:49:00.601] [DEBUG] [Move 32] MINIMAX: Root move 41: move eval=-4.900001
[10:49:00.601] [DEBUG] [Move 32] MINIMAX: Root move 42: move eval=-4.900001
[10:49:00.601] [DEBUG] [Move 32] MINIMAX: Root move 43: move eval=-4.900001
[10:49:00.601] [DEBUG] [Move 32] MINIMAX: Root move 44: flip eval=-4.900001
[10:49:00.602] [DEBUG] [Move 32] MINIMAX: Root move 45: flip eval=-4.900001
[10:49:00.602] [DEBUG] [Move 32] MINIMAX: Root move 46: move eval=-4.900001
[10:49:00.602] [DEBUG] [Move 32] MINIMAX: Root move 47: push eval=-4.900001
[10:49:00.602] [DEBUG] [Move 32] MINIMAX: Root move 48: flip eval=-4.900001
[10:49:00.602] [DEBUG] [Move 32] MINIMAX: Root move 49: flip eval=-4.900001
[10:49:00.602] [DEBUG] [Move 32] MINIMAX: Root move 50: move eval=-4.900001
[10:49:00.602] [DEBUG] [Move 32] MINIMAX: Root move 51: move eval=-4.900001
[10:49:00.602] [DEBUG] [Move 32] MINIMAX: Root move 52: move eval=-4.900001
[10:49:00.602] [DEBUG] [Move 32] MINIMAX: Root move 53: move eval=-4.900001
[10:49:00.602] [DEBUG] [Move 32] MINIMAX: Root move 54: move eval=-4.900001
[10:49:00.602] [DEBUG] [Move 32] MINIMAX: Root move 55: move eval=-4.900001
[10:49:00.602] [DEBUG] [Move 32] MINIMAX: Root move 56: move eval=-4.900001
[10:49:00.602] [DEBUG] [Move 32] MINIMAX: Root move 57: move eval=-4.900001
[10:49:00.602] [DEBUG] [Move 32] MINIMAX: Root move 58: move eval=-4.900001
[10:49:00.602] [DEBUG] [Move 32] MINIMAX: Root move 59: move eval=-4.900001
[10:49:00.602] [DEBUG] [Move 32] MINIMAX: Root move 60: move eval=-4.900001
[10:49:00.602] [DEBUG] [Move 32] MINIMAX: Root move 61: move eval=-4.900001
[10:49:00.602] [DEBUG] [Move 32] MINIMAX: Root move 62: flip eval=-4.900001
[10:49:00.602] [DEBUG] [Move 32] MINIMAX: Root move 63: flip eval=-4.900001
[10:49:00.602] [DEBUG] [Move 32] MINIMAX: Root move 64: move eval=-4.900001
[10:49:00.602] [DEBUG] [Move 32] MINIMAX: Root move 65: move eval=-4.900001
[10:49:00.602] [DEBUG] [Move 32] MINIMAX: Root move 66: move eval=-4.900001
[10:49:00.602] [DEBUG] [Move 32] MINIMAX: Root move 67: move eval=-4.900001
[10:49:00.602] [DEBUG] [Move 32] MINIMAX: Root move 68: move eval=-4.900001
[10:49:00.602] [DEBUG] [Move 32] MINIMAX: Root move 69: move eval=-4.900001
[10:49:00.602] [DEBUG] [Move 32] MINIMAX: Root move 70: move eval=-4.900001
[10:49:00.602] [DEBUG] [Move 32] MINIMAX: Root move 71: flip eval=-4.900001
[10:49:00.602] [DEBUG] [Move 32] MINIMAX: Root move 72: flip eval=-4.900001
[10:49:00.602] [DEBUG] [Move 32] MINIMAX: Root move 73: move eval=-4.900001
[10:49:00.602] [DEBUG] [Move 32] MINIMAX: Root move 74: move eval=-4.900001
[10:49:00.602] [DEBUG] [Move 32] MINIMAX: Root move 75: push eval=-4.900001
[10:49:00.602] [DEBUG] [Move 32] MINIMAX: Root move 76: push eval=-4.900001
[10:49:00.602] [DEBUG] [Move 32] MINIMAX: Root move 77: push eval=-4.900001
[10:49:00.602] [DEBUG] [Move 32] MINIMAX: Root move 78: push eval=-4.900001
[10:49:00.602] [DEBUG] [Move 32] MINIMAX: Root move 79: push eval=-4.900001
[10:49:00.602] [DEBUG] [Move 32] MINIMAX: Root move 80: push eval=-4.900001
[10:49:00.602] [DEBUG] [Move 32] MINIMAX: Root move 81: push eval=-4.900001
[10:49:00.602] [DEBUG] [Move 32] MINIMAX: Root move 82: push eval=-4.900001
[10:49:00.602] [DEBUG] [Move 32] MINIMAX: Root move 83: push eval=-4.900001
[10:49:00.602] [DEBUG] [Move 32] MINIMAX: Root move 84: push eval=-4.900001
[10:49:00.602] [DEBUG] [Move 32] MINIMAX: Root move 85: push eval=-4.900001
[10:49:00.602] [DEBUG] [Move 32] MINIMAX: Root move 86: push eval=-4.900001
[10:49:00.602] [DEBUG] [Move 32] MINIMAX: Root move 87: push eval=-4.900001
[10:49:00.602] [DEBUG] [Move 32] MINIMAX: Root move 88: push eval=-4.900001
[10:49:00.602] [DEBUG] [Move 32] MINIMAX: Root move 89: push eval=-4.900001
[10:49:00.602] [DEBUG] [Move 32] MINIMAX: Root move 90: push eval=-4.900001
[10:49:00.602] [DEBUG] [Move 32] MINIMAX: Root move 91: push eval=-4.900001
[10:49:00.603] [DEBUG] [Move 32] MINIMAX: Root move 92: push eval=-4.900001
[10:49:00.603] [DEBUG] [Move 32] MINIMAX: Root move 93: push eval=-4.900001
[10:49:00.603] [DEBUG] [Move 32] MINIMAX: Root move 94: push eval=-4.900001
[10:49:00.603] [DEBUG] [Move 32] MINIMAX: Root move 95: push eval=-4.900001
[10:49:00.603] [DEBUG] [Move 32] MINIMAX: Root move 96: flip eval=-4.900001
[10:49:00.603] [DEBUG] [Move 32] MINIMAX: Root move 97: rotate eval=-4.900001
[10:49:00.603] [DEBUG] [Move 32] MINIMAX: Root move 98: move eval=-4.900001
[10:49:00.603] [DEBUG] [Move 32] MINIMAX: Root move 99: move eval=-4.900001
[10:49:00.603] [DEBUG] [Move 32] MINIMAX: Root move 100: move eval=-4.900001
[10:49:00.603] [DEBUG] [Move 32] MINIMAX: Root move 101: move eval=-4.900001
[10:49:00.603] [DEBUG] [Move 32] MINIMAX: Root move 102: flip eval=-4.900001
[10:49:00.603] [DEBUG] [Move 32] MINIMAX: Root move 103: flip eval=-4.900001
[10:49:00.603] [DEBUG] [Move 32] MINIMAX: Root search complete - evaluated=103/103, cutoffs=0
[10:49:00.603] [DEBUG] [Move 32] MINIMAX: Depth 1 completed, nodes=103, eval=-4.900001, move=move
[10:49:00.603] [DEBUG] [Move 32] MINIMAX: Searching at depth 2
[10:49:00.606] [DEBUG] [Move 32] MINIMAX: Root move 1: move eval=4.200000
[10:49:00.606] [DEBUG] [Move 32] MINIMAX: Alpha improved at root: -1000000.000000 -> 4.200000
[10:49:00.609] [DEBUG] [Move 32] MINIMAX: Root move 2: move eval=4.200000
[10:49:00.611] [DEBUG] [Move 32] MINIMAX: Root move 3: move eval=4.200000
[10:49:00.613] [DEBUG] [Move 32] MINIMAX: Root move 4: flip eval=4.200000
[10:49:00.615] [DEBUG] [Move 32] MINIMAX: Root move 5: flip eval=4.200000
[10:49:00.616] [DEBUG] [Move 32] MINIMAX: Root move 6: move eval=4.200000
[10:49:00.617] [DEBUG] [Move 32] MINIMAX: Root move 7: push eval=4.200000
[10:49:00.619] [DEBUG] [Move 32] MINIMAX: Root move 8: flip eval=4.200000
[10:49:00.620] [DEBUG] [Move 32] MINIMAX: Root move 9: flip eval=4.200000
[10:49:00.621] [DEBUG] [Move 32] MINIMAX: Root move 10: push eval=4.200000
[10:49:00.621] [DEBUG] [Move 32] MINIMAX: Root move 11: push eval=4.200000
[10:49:00.621] [DEBUG] [Move 32] MINIMAX: Root move 12: push eval=4.200000
[10:49:00.621] [DEBUG] [Move 32] MINIMAX: Root move 13: push eval=4.200000
[10:49:00.621] [DEBUG] [Move 32] MINIMAX: Root move 14: push eval=4.200000
[10:49:00.621] [DEBUG] [Move 32] MINIMAX: Root move 15: push eval=4.200000
[10:49:00.621] [DEBUG] [Move 32] MINIMAX: Root move 16: push eval=4.200000
[10:49:00.621] [DEBUG] [Move 32] MINIMAX: Root move 17: push eval=4.200000
[10:49:00.621] [DEBUG] [Move 32] MINIMAX: Root move 18: push eval=4.200000
[10:49:00.621] [DEBUG] [Move 32] MINIMAX: Root move 19: push eval=4.200000
[10:49:00.621] [DEBUG] [Move 32] MINIMAX: Root move 20: push eval=4.200000
[10:49:00.621] [DEBUG] [Move 32] MINIMAX: Root move 21: push eval=4.200000
[10:49:00.622] [DEBUG] [Move 32] MINIMAX: Root move 22: flip eval=4.200000
[10:49:00.623] [DEBUG] [Move 32] MINIMAX: Root move 23: rotate eval=4.200000
[10:49:00.624] [DEBUG] [Move 32] MINIMAX: Root move 24: push eval=4.200000
[10:49:00.625] [DEBUG] [Move 32] MINIMAX: Root move 25: flip eval=4.200000
[10:49:00.627] [DEBUG] [Move 32] MINIMAX: Root move 26: flip eval=4.200000
[10:49:00.628] [DEBUG] [Move 32] MINIMAX: Root move 27: move eval=4.200000
[10:49:00.629] [DEBUG] [Move 32] MINIMAX: Root move 28: move eval=4.200000
[10:49:00.631] [DEBUG] [Move 32] MINIMAX: Root move 29: move eval=4.200000
[10:49:00.632] [DEBUG] [Move 32] MINIMAX: Root move 30: move eval=4.200000
[10:49:00.633] [DEBUG] [Move 32] MINIMAX: Root move 31: move eval=4.200000
[10:49:00.636] [DEBUG] [Move 32] MINIMAX: Root move 32: move eval=4.200000
[10:49:00.638] [DEBUG] [Move 32] MINIMAX: Root move 33: push eval=4.200000
[10:49:00.640] [DEBUG] [Move 32] MINIMAX: Root move 34: flip eval=4.200000
[10:49:00.643] [DEBUG] [Move 32] MINIMAX: Root move 35: flip eval=4.200000
[10:49:00.645] [DEBUG] [Move 32] MINIMAX: Root move 36: move eval=4.200000
[10:49:00.646] [DEBUG] [Move 32] MINIMAX: Root move 37: move eval=4.200000
[10:49:00.647] [DEBUG] [Move 32] MINIMAX: Root move 38: move eval=4.200000
[10:49:00.648] [DEBUG] [Move 32] MINIMAX: Root move 39: flip eval=4.200000
[10:49:00.649] [DEBUG] [Move 32] MINIMAX: Root move 40: flip eval=4.200000
[10:49:00.650] [DEBUG] [Move 32] MINIMAX: Root move 41: move eval=4.200000
[10:49:00.652] [DEBUG] [Move 32] MINIMAX: Root move 42: move eval=4.200000
[10:49:00.653] [DEBUG] [Move 32] MINIMAX: Root move 43: move eval=4.200000
[10:49:00.654] [DEBUG] [Move 32] MINIMAX: Root move 44: flip eval=4.200000
[10:49:00.655] [DEBUG] [Move 32] MINIMAX: Root move 45: flip eval=4.200000
[10:49:00.656] [DEBUG] [Move 32] MINIMAX: Root move 46: move eval=4.200000
[10:49:00.658] [DEBUG] [Move 32] MINIMAX: Root move 47: push eval=4.200000
[10:49:00.659] [DEBUG] [Move 32] MINIMAX: Root move 48: flip eval=4.200000
[10:49:00.660] [DEBUG] [Move 32] MINIMAX: Root move 49: flip eval=4.200000
[10:49:00.661] [DEBUG] [Move 32] MINIMAX: Root move 50: move eval=4.200000
[10:49:00.662] [DEBUG] [Move 32] MINIMAX: Root move 51: move eval=4.200000
[10:49:00.663] [DEBUG] [Move 32] MINIMAX: Root move 52: move eval=4.200000
[10:49:00.664] [DEBUG] [Move 32] MINIMAX: Root move 53: move eval=4.200000
[10:49:00.665] [DEBUG] [Move 32] MINIMAX: Root move 54: move eval=4.200000
[10:49:00.666] [DEBUG] [Move 32] MINIMAX: Root move 55: move eval=4.200000
[10:49:00.666] [DEBUG] [Move 32] MINIMAX: Root move 56: move eval=4.200000
[10:49:00.667] [DEBUG] [Move 32] MINIMAX: Root move 57: move eval=4.200000
[10:49:00.668] [DEBUG] [Move 32] MINIMAX: Root move 58: move eval=4.200000
[10:49:00.669] [DEBUG] [Move 32] MINIMAX: Root move 59: move eval=4.200000
[10:49:00.671] [DEBUG] [Move 32] MINIMAX: Root move 60: move eval=4.200000
[10:49:00.672] [DEBUG] [Move 32] MINIMAX: Root move 61: move eval=4.200000
[10:49:00.673] [DEBUG] [Move 32] MINIMAX: Root move 62: flip eval=4.200000
[10:49:00.674] [DEBUG] [Move 32] MINIMAX: Root move 63: flip eval=4.200000
[10:49:00.675] [DEBUG] [Move 32] MINIMAX: Root move 64: move eval=4.200000
[10:49:00.676] [DEBUG] [Move 32] MINIMAX: Root move 65: move eval=4.200000
[10:49:00.677] [DEBUG] [Move 32] MINIMAX: Root move 66: move eval=4.200000
[10:49:00.677] [DEBUG] [Move 32] MINIMAX: Root move 67: move eval=4.200000
[10:49:00.679] [DEBUG] [Move 32] MINIMAX: Root move 68: move eval=4.200000
[10:49:00.680] [DEBUG] [Move 32] MINIMAX: Root move 69: move eval=4.200000
[10:49:00.681] [DEBUG] [Move 32] MINIMAX: Root move 70: move eval=4.200000
[10:49:00.682] [DEBUG] [Move 32] MINIMAX: Root move 71: flip eval=4.200000
[10:49:00.684] [DEBUG] [Move 32] MINIMAX: Root move 72: flip eval=4.200000
[10:49:00.685] [DEBUG] [Move 32] MINIMAX: Root move 73: move eval=4.200000
[10:49:00.686] [DEBUG] [Move 32] MINIMAX: Root move 74: move eval=4.200000
[10:49:00.688] [DEBUG] [Move 32] MINIMAX: Root move 75: push eval=4.200000
[10:49:00.688] [DEBUG] [Move 32] MINIMAX: Root move 76: push eval=4.200000
[10:49:00.688] [DEBUG] [Move 32] MINIMAX: Root move 77: push eval=4.200000
[10:49:00.688] [DEBUG] [Move 32] MINIMAX: Root move 78: push eval=4.200000
[10:49:00.688] [DEBUG] [Move 32] MINIMAX: Root move 79: push eval=4.200000
[10:49:00.688] [DEBUG] [Move 32] MINIMAX: Root move 80: push eval=4.200000
[10:49:00.688] [DEBUG] [Move 32] MINIMAX: Root move 81: push eval=4.200000
[10:49:00.688] [DEBUG] [Move 32] MINIMAX: Root move 82: push eval=4.200000
[10:49:00.688] [DEBUG] [Move 32] MINIMAX: Root move 83: push eval=4.200000
[10:49:00.688] [DEBUG] [Move 32] MINIMAX: Root move 84: push eval=4.200000
[10:49:00.688] [DEBUG] [Move 32] MINIMAX: Root move 85: push eval=4.200000
[10:49:00.688] [DEBUG] [Move 32] MINIMAX: Root move 86: push eval=4.200000
[10:49:00.688] [DEBUG] [Move 32] MINIMAX: Root move 87: push eval=4.200000
[10:49:00.688] [DEBUG] [Move 32] MINIMAX: Root move 88: push eval=4.200000
[10:49:00.688] [DEBUG] [Move 32] MINIMAX: Root move 89: push eval=4.200000
[10:49:00.690] [DEBUG] [Move 32] MINIMAX: Root move 90: push eval=4.200000
[10:49:00.690] [DEBUG] [Move 32] MINIMAX: Root move 91: push eval=4.200000
[10:49:00.690] [DEBUG] [Move 32] MINIMAX: Root move 92: push eval=4.200000
[10:49:00.690] [DEBUG] [Move 32] MINIMAX: Root move 93: push eval=4.200000
[10:49:00.690] [DEBUG] [Move 32] MINIMAX: Root move 94: push eval=4.200000
[10:49:00.690] [DEBUG] [Move 32] MINIMAX: Root move 95: push eval=4.200000
[10:49:00.691] [DEBUG] [Move 32] MINIMAX: Root move 96: flip eval=4.200000
[10:49:00.693] [DEBUG] [Move 32] MINIMAX: Root move 97: rotate eval=4.200000
[10:49:00.694] [DEBUG] [Move 32] MINIMAX: Root move 98: move eval=4.200000
[10:49:00.695] [DEBUG] [Move 32] MINIMAX: Root move 99: move eval=4.200000
[10:49:00.696] [DEBUG] [Move 32] MINIMAX: Root move 100: move eval=4.200000
[10:49:00.698] [DEBUG] [Move 32] MINIMAX: Root move 101: move eval=1000000.000000
[10:49:00.698] [DEBUG] [Move 32] MINIMAX: Alpha improved at root: 4.200000 -> 1000000.000000
[10:49:00.698] [DEBUG] [Move 32] MINIMAX: Root beta cutoff! Remaining 2 moves pruned
[10:49:00.698] [DEBUG] [Move 32] MINIMAX: Root search complete - evaluated=101/103, cutoffs=1
[10:49:00.698] [DEBUG] [Move 32] MINIMAX: Depth 2 completed, nodes=286, eval=1000000.000000, move=move
[10:49:00.698] [INFO] [Move 32] MINIMAX: Best move changed from move to move (eval: -4.900001 -> 1000000.000000)
[10:49:00.698] [DEBUG] [Move 32] MINIMAX: Found winning position, stopping early
[10:49:00.698] [INFO] [Move 32] MINIMAX: Search complete - depth=2, nodes=389, TT_size=237159, time=0.100000s
[10:49:00.700] [DEBUG] [Move 32] VALIDATION DEBUG: Generated 103 legal moves for validation
[10:49:00.700] [DEBUG] [Move 32] VALIDATION DEBUG: Minimax returned move: move (8,5) -> (9,5)
[10:49:00.700] [DEBUG] [Move 32] VALIDATION DEBUG: Legal move 1: move (0,1) -> (0,0)
[10:49:00.700] [DEBUG] [Move 32] VALIDATION DEBUG: Legal move 2: move (0,1) -> (0,2)
[10:49:00.700] [DEBUG] [Move 32] VALIDATION DEBUG: Legal move 3: move (0,1) -> (1,1)
[10:49:00.700] [DEBUG] [Move 32] VALIDATION DEBUG: Legal move 4: flip (0,1) -> (0,1)
[10:49:00.700] [DEBUG] [Move 32] VALIDATION DEBUG: Legal move 5: flip (0,1) -> (0,1)
[10:49:00.700] [DEBUG] [Move 32] VALIDATION DEBUG: Move found in legal moves - SUCCESS!
[10:49:00.700] [DECISION] [Move 32] FINAL DECISION: move (8,5) -> (9,5) | Reasoning: Minimax search
[10:49:00.700] [DECISION] [Move 32] === MOVE DECISION END ===
[10:49:00.738] [DECISION] [Move 33] === MOVE DECISION START === Player: square, Board: 13x12, Time: 0.560029s (vs 59.884s)
[10:49:00.738] [DEBUG] [Move 33] MINIMAX: Starting search for square, time=0.560029s
[10:49:00.739] [DEBUG] [Move 33] MINIMAX: Found 91 legal moves at root
[10:49:00.739] [DEBUG] [Move 33] MINIMAX: Starting iterative deepening
[10:49:00.739] [DEBUG] [Move 33] MINIMAX: Searching at depth 1
[10:49:00.739] [DEBUG] [Move 33] MINIMAX: Root move 1: move eval=-4.900001
[10:49:00.739] [DEBUG] [Move 33] MINIMAX: Alpha improved at root: -1000000.000000 -> -4.900001
[10:49:00.739] [DEBUG] [Move 33] MINIMAX: Root move 2: move eval=-4.900001
[10:49:00.739] [DEBUG] [Move 33] MINIMAX: Root move 3: move eval=-4.900001
[10:49:00.739] [DEBUG] [Move 33] MINIMAX: Root move 4: flip eval=-4.900001
[10:49:00.739] [DEBUG] [Move 33] MINIMAX: Root move 5: flip eval=-4.900001
[10:49:00.739] [DEBUG] [Move 33] MINIMAX: Root move 6: move eval=-4.900001
[10:49:00.739] [DEBUG] [Move 33] MINIMAX: Root move 7: push eval=-4.900001
[10:49:00.739] [DEBUG] [Move 33] MINIMAX: Root move 8: flip eval=-4.900001
[10:49:00.739] [DEBUG] [Move 33] MINIMAX: Root move 9: flip eval=-4.900001
[10:49:00.739] [DEBUG] [Move 33] MINIMAX: Root move 10: push eval=-4.900001
[10:49:00.739] [DEBUG] [Move 33] MINIMAX: Root move 11: push eval=-4.900001
[10:49:00.739] [DEBUG] [Move 33] MINIMAX: Root move 12: push eval=-4.900001
[10:49:00.739] [DEBUG] [Move 33] MINIMAX: Root move 13: push eval=-4.900001
[10:49:00.739] [DEBUG] [Move 33] MINIMAX: Root move 14: push eval=-4.900001
[10:49:00.739] [DEBUG] [Move 33] MINIMAX: Root move 15: push eval=-4.900001
[10:49:00.739] [DEBUG] [Move 33] MINIMAX: Root move 16: flip eval=-4.900001
[10:49:00.739] [DEBUG] [Move 33] MINIMAX: Root move 17: rotate eval=-4.900001
[10:49:00.739] [DEBUG] [Move 33] MINIMAX: Root move 18: push eval=-4.900001
[10:49:00.739] [DEBUG] [Move 33] MINIMAX: Root move 19: flip eval=-4.900001
[10:49:00.739] [DEBUG] [Move 33] MINIMAX: Root move 20: flip eval=-4.900001
[10:49:00.739] [DEBUG] [Move 33] MINIMAX: Root move 21: move eval=-4.900001
[10:49:00.739] [DEBUG] [Move 33] MINIMAX: Root move 22: move eval=-4.900001
[10:49:00.739] [DEBUG] [Move 33] MINIMAX: Root move 23: move eval=-4.900001
[10:49:00.739] [DEBUG] [Move 33] MINIMAX: Root move 24: move eval=-4.900001
[10:49:00.739] [DEBUG] [Move 33] MINIMAX: Root move 25: move eval=-4.900001
[10:49:00.739] [DEBUG] [Move 33] MINIMAX: Root move 26: move eval=-4.900001
[10:49:00.739] [DEBUG] [Move 33] MINIMAX: Root move 27: push eval=-4.900001
[10:49:00.739] [DEBUG] [Move 33] MINIMAX: Root move 28: flip eval=-4.900001
[10:49:00.739] [DEBUG] [Move 33] MINIMAX: Root move 29: flip eval=-4.900001
[10:49:00.740] [DEBUG] [Move 33] MINIMAX: Root move 30: move eval=-4.900001
[10:49:00.740] [DEBUG] [Move 33] MINIMAX: Root move 31: move eval=-4.900001
[10:49:00.740] [DEBUG] [Move 33] MINIMAX: Root move 32: move eval=-4.900001
[10:49:00.740] [DEBUG] [Move 33] MINIMAX: Root move 33: flip eval=-4.900001
[10:49:00.740] [DEBUG] [Move 33] MINIMAX: Root move 34: flip eval=-4.900001
[10:49:00.740] [DEBUG] [Move 33] MINIMAX: Root move 35: move eval=-4.900001
[10:49:00.740] [DEBUG] [Move 33] MINIMAX: Root move 36: move eval=-4.900001
[10:49:00.740] [DEBUG] [Move 33] MINIMAX: Root move 37: move eval=-4.900001
[10:49:00.740] [DEBUG] [Move 33] MINIMAX: Root move 38: flip eval=-4.900001
[10:49:00.740] [DEBUG] [Move 33] MINIMAX: Root move 39: flip eval=-4.900001
[10:49:00.740] [DEBUG] [Move 33] MINIMAX: Root move 40: move eval=-4.900001
[10:49:00.740] [DEBUG] [Move 33] MINIMAX: Root move 41: push eval=-4.900001
[10:49:00.740] [DEBUG] [Move 33] MINIMAX: Root move 42: flip eval=-4.900001
[10:49:00.740] [DEBUG] [Move 33] MINIMAX: Root move 43: flip eval=-4.900001
[10:49:00.740] [DEBUG] [Move 33] MINIMAX: Root move 44: move eval=-4.900001
[10:49:00.740] [DEBUG] [Move 33] MINIMAX: Root move 45: move eval=-4.900001
[10:49:00.740] [DEBUG] [Move 33] MINIMAX: Root move 46: move eval=-4.900001
[10:49:00.740] [DEBUG] [Move 33] MINIMAX: Root move 47: move eval=-4.900001
[10:49:00.740] [DEBUG] [Move 33] MINIMAX: Root move 48: move eval=-4.900001
[10:49:00.740] [DEBUG] [Move 33] MINIMAX: Root move 49: move eval=-4.900001
[10:49:00.740] [DEBUG] [Move 33] MINIMAX: Root move 50: flip eval=-4.900001
[10:49:00.740] [DEBUG] [Move 33] MINIMAX: Root move 51: flip eval=-4.900001
[10:49:00.740] [DEBUG] [Move 33] MINIMAX: Root move 52: move eval=-4.900001
[10:49:00.740] [DEBUG] [Move 33] MINIMAX: Root move 53: move eval=-4.900001
[10:49:00.740] [DEBUG] [Move 33] MINIMAX: Root move 54: move eval=-4.900001
[10:49:00.740] [DEBUG] [Move 33] MINIMAX: Root move 55: move eval=-4.900001
[10:49:00.740] [DEBUG] [Move 33] MINIMAX: Root move 56: move eval=-4.900001
[10:49:00.740] [DEBUG] [Move 33] MINIMAX: Root move 57: move eval=-4.900001
[10:49:00.740] [DEBUG] [Move 33] MINIMAX: Root move 58: move eval=-4.900001
[10:49:00.740] [DEBUG] [Move 33] MINIMAX: Root move 59: flip eval=-4.900001
[10:49:00.740] [DEBUG] [Move 33] MINIMAX: Root move 60: flip eval=-4.900001
[10:49:00.740] [DEBUG] [Move 33] MINIMAX: Root move 61: move eval=-4.900001
[10:49:00.740] [DEBUG] [Move 33] MINIMAX: Root move 62: move eval=-4.900001
[10:49:00.740] [DEBUG] [Move 33] MINIMAX: Root move 63: push eval=-4.900001
[10:49:00.740] [DEBUG] [Move 33] MINIMAX: Root move 64: push eval=-4.900001
[10:49:00.740] [DEBUG] [Move 33] MINIMAX: Root move 65: push eval=-4.900001
[10:49:00.740] [DEBUG] [Move 33] MINIMAX: Root move 66: push eval=-4.900001
[10:49:00.740] [DEBUG] [Move 33] MINIMAX: Root move 67: push eval=-4.900001
[10:49:00.740] [DEBUG] [Move 33] MINIMAX: Root move 68: push eval=-4.900001
[10:49:00.740] [DEBUG] [Move 33] MINIMAX: Root move 69: push eval=-4.900001
[10:49:00.740] [DEBUG] [Move 33] MINIMAX: Root move 70: push eval=-4.900001
[10:49:00.740] [DEBUG] [Move 33] MINIMAX: Root move 71: push eval=-4.900001
[10:49:00.740] [DEBUG] [Move 33] MINIMAX: Root move 72: push eval=-4.900001
[10:49:00.740] [DEBUG] [Move 33] MINIMAX: Root move 73: push eval=-4.900001
[10:49:00.740] [DEBUG] [Move 33] MINIMAX: Root move 74: push eval=-4.900001
[10:49:00.740] [DEBUG] [Move 33] MINIMAX: Root move 75: push eval=-4.900001
[10:49:00.740] [DEBUG] [Move 33] MINIMAX: Root move 76: push eval=-4.900001
[10:49:00.740] [DEBUG] [Move 33] MINIMAX: Root move 77: push eval=-4.900001
[10:49:00.740] [DEBUG] [Move 33] MINIMAX: Root move 78: push eval=-4.900001
[10:49:00.740] [DEBUG] [Move 33] MINIMAX: Root move 79: push eval=-4.900001
[10:49:00.740] [DEBUG] [Move 33] MINIMAX: Root move 80: push eval=-4.900001
[10:49:00.740] [DEBUG] [Move 33] MINIMAX: Root move 81: push eval=-4.900001
[10:49:00.740] [DEBUG] [Move 33] MINIMAX: Root move 82: push eval=-4.900001
[10:49:00.740] [DEBUG] [Move 33] MINIMAX: Root move 83: push eval=-4.900001
[10:49:00.740] [DEBUG] [Move 33] MINIMAX: Root move 84: flip eval=-4.900001
[10:49:00.740] [DEBUG] [Move 33] MINIMAX: Root move 85: rotate eval=-4.900001
[10:49:00.740] [DEBUG] [Move 33] MINIMAX: Root move 86: move eval=-4.900001
[10:49:00.740] [DEBUG] [Move 33] MINIMAX: Root move 87: move eval=-4.900001
[10:49:00.740] [DEBUG] [Move 33] MINIMAX: Root move 88: move eval=-4.900001
[10:49:00.740] [DEBUG] [Move 33] MINIMAX: Root move 89: move eval=-4.900001
[10:49:00.740] [DEBUG] [Move 33] MINIMAX: Root move 90: flip eval=-4.900001
[10:49:00.740] [DEBUG] [Move 33] MINIMAX: Root move 91: flip eval=-4.900001
[10:49:00.740] [DEBUG] [Move 33] MINIMAX: Root search complete - evaluated=91/91, cutoffs=0
[10:49:00.740] [DEBUG] [Move 33] MINIMAX: Depth 1 completed, nodes=91, eval=-4.900001, move=move
[10:49:00.740] [DEBUG] [Move 33] MINIMAX: Searching at depth 2
[10:49:00.742] [DEBUG] [Move 33] MINIMAX: Root move 1: move eval=4.200000
[10:49:00.742] [DEBUG] [Move 33] MINIMAX: Alpha improved at root: -1000000.000000 -> 4.200000
[10:49:00.743] [DEBUG] [Move 33] MINIMAX: Root move 2: move eval=4.200000
[10:49:00.744] [DEBUG] [Move 33] MINIMAX: Root move 3: move eval=4.200000
[10:49:00.745] [DEBUG] [Move 33] MINIMAX: Root move 4: flip eval=4.200000
[10:49:00.746] [DEBUG] [Move 33] MINIMAX: Root move 5: flip eval=4.200000
[10:49:00.747] [DEBUG] [Move 33] MINIMAX: Root move 6: move eval=4.200000
[10:49:00.747] [DEBUG] [Move 33] MINIMAX: Root move 7: push eval=4.200000
[10:49:00.748] [DEBUG] [Move 33] MINIMAX: Root move 8: flip eval=4.200000
[10:49:00.749] [DEBUG] [Move 33] MINIMAX: Root move 9: flip eval=4.200000
[10:49:00.750] [DEBUG] [Move 33] MINIMAX: Root move 10: push eval=4.200000
[10:49:00.750] [DEBUG] [Move 33] MINIMAX: Root move 11: push eval=4.200000
[10:49:00.750] [DEBUG] [Move 33] MINIMAX: Root move 12: push eval=4.200000
[10:49:00.750] [DEBUG] [Move 33] MINIMAX: Root move 13: push eval=4.200000
[10:49:00.750] [DEBUG] [Move 33] MINIMAX: Root move 14: push eval=4.200000
[10:49:00.750] [DEBUG] [Move 33] MINIMAX: Root move 15: push eval=4.200000
[10:49:00.751] [DEBUG] [Move 33] MINIMAX: Root move 16: flip eval=4.200000
[10:49:00.752] [DEBUG] [Move 33] MINIMAX: Root move 17: rotate eval=4.200000
[10:49:00.753] [DEBUG] [Move 33] MINIMAX: Root move 18: push eval=4.200000
[10:49:00.754] [DEBUG] [Move 33] MINIMAX: Root move 19: flip eval=4.200000
[10:49:00.755] [DEBUG] [Move 33] MINIMAX: Root move 20: flip eval=4.200000
[10:49:00.756] [DEBUG] [Move 33] MINIMAX: Root move 21: move eval=4.200000
[10:49:00.757] [DEBUG] [Move 33] MINIMAX: Root move 22: move eval=4.200000
[10:49:00.757] [DEBUG] [Move 33] MINIMAX: Root move 23: move eval=4.200000
[10:49:00.758] [DEBUG] [Move 33] MINIMAX: Root move 24: move eval=4.200000
[10:49:00.759] [DEBUG] [Move 33] MINIMAX: Root move 25: move eval=4.200000
[10:49:00.760] [DEBUG] [Move 33] MINIMAX: Root move 26: move eval=4.200000
[10:49:00.761] [DEBUG] [Move 33] MINIMAX: Root move 27: push eval=4.200000
[10:49:00.762] [DEBUG] [Move 33] MINIMAX: Root move 28: flip eval=4.200000
[10:49:00.763] [DEBUG] [Move 33] MINIMAX: Root move 29: flip eval=4.200000
[10:49:00.764] [DEBUG] [Move 33] MINIMAX: Root move 30: move eval=4.200000
[10:49:00.765] [DEBUG] [Move 33] MINIMAX: Root move 31: move eval=4.200000
[10:49:00.766] [DEBUG] [Move 33] MINIMAX: Root move 32: move eval=4.200000
[10:49:00.767] [DEBUG] [Move 33] MINIMAX: Root move 33: flip eval=4.200000
[10:49:00.768] [DEBUG] [Move 33] MINIMAX: Root move 34: flip eval=4.200000
[10:49:00.768] [DEBUG] [Move 33] MINIMAX: Root move 35: move eval=4.200000
[10:49:00.769] [DEBUG] [Move 33] MINIMAX: Root move 36: move eval=4.200000
[10:49:00.770] [DEBUG] [Move 33] MINIMAX: Root move 37: move eval=4.200000
[10:49:00.771] [DEBUG] [Move 33] MINIMAX: Root move 38: flip eval=4.200000
[10:49:00.772] [DEBUG] [Move 33] MINIMAX: Root move 39: flip eval=4.200000
[10:49:00.773] [DEBUG] [Move 33] MINIMAX: Root move 40: move eval=4.200000
[10:49:00.774] [DEBUG] [Move 33] MINIMAX: Root move 41: push eval=4.200000
[10:49:00.774] [DEBUG] [Move 33] MINIMAX: Root move 42: flip eval=4.200000
[10:49:00.775] [DEBUG] [Move 33] MINIMAX: Root move 43: flip eval=4.200000
[10:49:00.776] [DEBUG] [Move 33] MINIMAX: Root move 44: move eval=4.200000
[10:49:00.777] [DEBUG] [Move 33] MINIMAX: Root move 45: move eval=4.200000
[10:49:00.778] [DEBUG] [Move 33] MINIMAX: Root move 46: move eval=4.200000
[10:49:00.779] [DEBUG] [Move 33] MINIMAX: Root move 47: move eval=4.200000
[10:49:00.780] [DEBUG] [Move 33] MINIMAX: Root move 48: move eval=4.200000
[10:49:00.781] [DEBUG] [Move 33] MINIMAX: Root move 49: move eval=4.200000
[10:49:00.782] [DEBUG] [Move 33] MINIMAX: Root move 50: flip eval=4.200000
[10:49:00.783] [DEBUG] [Move 33] MINIMAX: Root move 51: flip eval=4.200000
[10:49:00.783] [DEBUG] [Move 33] MINIMAX: Root move 52: move eval=4.200000
[10:49:00.784] [DEBUG] [Move 33] MINIMAX: Root move 53: move eval=4.200000
[10:49:00.785] [DEBUG] [Move 33] MINIMAX: Root move 54: move eval=4.200000
[10:49:00.786] [DEBUG] [Move 33] MINIMAX: Root move 55: move eval=4.200000
[10:49:00.787] [DEBUG] [Move 33] MINIMAX: Root move 56: move eval=4.200000
[10:49:00.787] [DEBUG] [Move 33] MINIMAX: Root move 57: move eval=4.200000
[10:49:00.788] [DEBUG] [Move 33] MINIMAX: Root move 58: move eval=4.200000
[10:49:00.789] [DEBUG] [Move 33] MINIMAX: Root move 59: flip eval=4.200000
[10:49:00.790] [DEBUG] [Move 33] MINIMAX: Root move 60: flip eval=4.200000
[10:49:00.791] [DEBUG] [Move 33] MINIMAX: Root move 61: move eval=4.200000
[10:49:00.792] [DEBUG] [Move 33] MINIMAX: Root move 62: move eval=4.200000
[10:49:00.793] [DEBUG] [Move 33] MINIMAX: Root move 63: push eval=4.200000
[10:49:00.793] [DEBUG] [Move 33] MINIMAX: Root move 64: push eval=4.200000
[10:49:00.793] [DEBUG] [Move 33] MINIMAX: Root move 65: push eval=4.200000
[10:49:00.793] [DEBUG] [Move 33] MINIMAX: Root move 66: push eval=4.200000
[10:49:00.793] [DEBUG] [Move 33] MINIMAX: Root move 67: push eval=4.200000
[10:49:00.793] [DEBUG] [Move 33] MINIMAX: Root move 68: push eval=4.200000
[10:49:00.793] [DEBUG] [Move 33] MINIMAX: Root move 69: push eval=4.200000
[10:49:00.793] [DEBUG] [Move 33] MINIMAX: Root move 70: push eval=4.200000
[10:49:00.793] [DEBUG] [Move 33] MINIMAX: Root move 71: push eval=4.200000
[10:49:00.793] [DEBUG] [Move 33] MINIMAX: Root move 72: push eval=4.200000
[10:49:00.793] [DEBUG] [Move 33] MINIMAX: Root move 73: push eval=4.200000
[10:49:00.793] [DEBUG] [Move 33] MINIMAX: Root move 74: push eval=4.200000
[10:49:00.793] [DEBUG] [Move 33] MINIMAX: Root move 75: push eval=4.200000
[10:49:00.793] [DEBUG] [Move 33] MINIMAX: Root move 76: push eval=4.200000
[10:49:00.793] [DEBUG] [Move 33] MINIMAX: Root move 77: push eval=4.200000
[10:49:00.794] [DEBUG] [Move 33] MINIMAX: Root move 78: push eval=4.200000
[10:49:00.794] [DEBUG] [Move 33] MINIMAX: Root move 79: push eval=4.200000
[10:49:00.794] [DEBUG] [Move 33] MINIMAX: Root move 80: push eval=4.200000
[10:49:00.794] [DEBUG] [Move 33] MINIMAX: Root move 81: push eval=4.200000
[10:49:00.794] [DEBUG] [Move 33] MINIMAX: Root move 82: push eval=4.200000
[10:49:00.794] [DEBUG] [Move 33] MINIMAX: Root move 83: push eval=4.200000
[10:49:00.795] [DEBUG] [Move 33] MINIMAX: Root move 84: flip eval=4.200000
[10:49:00.796] [DEBUG] [Move 33] MINIMAX: Root move 85: rotate eval=4.200000
[10:49:00.796] [DEBUG] [Move 33] MINIMAX: Root move 86: move eval=4.200000
[10:49:00.797] [DEBUG] [Move 33] MINIMAX: Root move 87: move eval=4.200000
[10:49:00.798] [DEBUG] [Move 33] MINIMAX: Root move 88: move eval=4.200000
[10:49:00.799] [DEBUG] [Move 33] MINIMAX: Root move 89: move eval=4.200000
[10:49:00.800] [DEBUG] [Move 33] MINIMAX: Root move 90: flip eval=4.200000
[10:49:00.801] [DEBUG] [Move 33] MINIMAX: Root move 91: flip eval=4.200000
[10:49:00.801] [DEBUG] [Move 33] MINIMAX: Root search complete - evaluated=91/91, cutoffs=0
[10:49:00.801] [DEBUG] [Move 33] MINIMAX: Depth 2 completed, nodes=283, eval=4.200000, move=move
[10:49:00.801] [DEBUG] [Move 33] MINIMAX: Searching at depth 3
[10:49:00.839] [DEBUG] [Move 33] MINIMAX: Root move 1: move eval=-1000000.000000
[10:49:00.839] [DEBUG] [Move 33] MINIMAX: Timeout at root level after 1/91 moves
[10:49:00.839] [DEBUG] [Move 33] MINIMAX: Root search complete - evaluated=1/91, cutoffs=0
[10:49:00.839] [DEBUG] [Move 33] MINIMAX: Depth 3 completed, nodes=175, eval=-1000000.000000, move=move
[10:49:00.839] [DEBUG] [Move 33] MINIMAX: Time limit reached at depth 4
[10:49:00.839] [INFO] [Move 33] MINIMAX: Search complete - depth=2, nodes=549, TT_size=237515, time=0.100000s
[10:49:00.840] [DEBUG] [Move 33] VALIDATION DEBUG: Generated 91 legal moves for validation
[10:49:00.840] [DEBUG] [Move 33] VALIDATION DEBUG: Minimax returned move: move (0,1) -> (0,0)
[10:49:00.840] [DEBUG] [Move 33] VALIDATION DEBUG: Legal move 1: move (0,1) -> (0,0)
[10:49:00.840] [DEBUG] [Move 33] VALIDATION DEBUG: Legal move 2: move (0,1) -> (0,2)
[10:49:00.840] [DEBUG] [Move 33] VALIDATION DEBUG: Legal move 3: move (0,1) -> (1,1)
[10:49:00.840] [DEBUG] [Move 33] VALIDATION DEBUG: Legal move 4: flip (0,1) -> (0,1)
[10:49:00.840] [DEBUG] [Move 33] VALIDATION DEBUG: Legal move 5: flip (0,1) -> (0,1)
[10:49:00.840] [DEBUG] [Move 33] VALIDATION DEBUG: Move found in legal moves - SUCCESS!
[10:49:00.840] [DECISION] [Move 33] FINAL DECISION: move (0,1) -> (0,0) | Reasoning: Minimax search
[10:49:00.840] [DECISION] [Move 33] === MOVE DECISION END ===
[10:49:00.877] [DECISION] [Move 34] === MOVE DECISION START === Player: square, Board: 13x12, Time: 0.457996s (vs 59.8818s)
[10:49:00.877] [DEBUG] [Move 34] MINIMAX: Starting search for square, time=0.457996s
[10:49:00.879] [DEBUG] [Move 34] MINIMAX: Found 121 legal moves at root
[10:49:00.879] [DEBUG] [Move 34] MINIMAX: Starting iterative deepening
[10:49:00.879] [DEBUG] [Move 34] MINIMAX: Searching at depth 1
[10:49:00.879] [DEBUG] [Move 34] MINIMAX: Root move 1: move eval=-4.900001
[10:49:00.879] [DEBUG] [Move 34] MINIMAX: Alpha improved at root: -1000000.000000 -> -4.900001
[10:49:00.879] [DEBUG] [Move 34] MINIMAX: Root move 2: move eval=-4.900001
[10:49:00.879] [DEBUG] [Move 34] MINIMAX: Root move 3: flip eval=-4.900001
[10:49:00.879] [DEBUG] [Move 34] MINIMAX: Root move 4: flip eval=-4.900001
[10:49:00.879] [DEBUG] [Move 34] MINIMAX: Root move 5: move eval=-4.900001
[10:49:00.879] [DEBUG] [Move 34] MINIMAX: Root move 6: push eval=-4.900001
[10:49:00.879] [DEBUG] [Move 34] MINIMAX: Root move 7: flip eval=-4.900001
[10:49:00.879] [DEBUG] [Move 34] MINIMAX: Root move 8: flip eval=-4.900001
[10:49:00.879] [DEBUG] [Move 34] MINIMAX: Root move 9: push eval=-4.900001
[10:49:00.879] [DEBUG] [Move 34] MINIMAX: Root move 10: push eval=-4.900001
[10:49:00.879] [DEBUG] [Move 34] MINIMAX: Root move 11: push eval=-4.900001
[10:49:00.879] [DEBUG] [Move 34] MINIMAX: Root move 12: push eval=-4.900001
[10:49:00.879] [DEBUG] [Move 34] MINIMAX: Root move 13: push eval=-4.900001
[10:49:00.879] [DEBUG] [Move 34] MINIMAX: Root move 14: push eval=-4.900001
[10:49:00.879] [DEBUG] [Move 34] MINIMAX: Root move 15: flip eval=-4.900001
[10:49:00.879] [DEBUG] [Move 34] MINIMAX: Root move 16: rotate eval=-4.900001
[10:49:00.879] [DEBUG] [Move 34] MINIMAX: Root move 17: push eval=-4.900001
[10:49:00.880] [DEBUG] [Move 34] MINIMAX: Root move 18: flip eval=-4.900001
[10:49:00.880] [DEBUG] [Move 34] MINIMAX: Root move 19: flip eval=-4.900001
[10:49:00.880] [DEBUG] [Move 34] MINIMAX: Root move 20: move eval=-4.900001
[10:49:00.880] [DEBUG] [Move 34] MINIMAX: Root move 21: move eval=-4.900001
[10:49:00.880] [DEBUG] [Move 34] MINIMAX: Root move 22: move eval=-4.900001
[10:49:00.880] [DEBUG] [Move 34] MINIMAX: Root move 23: move eval=-4.900001
[10:49:00.880] [DEBUG] [Move 34] MINIMAX: Root move 24: move eval=-4.900001
[10:49:00.880] [DEBUG] [Move 34] MINIMAX: Root move 25: move eval=-4.900001
[10:49:00.880] [DEBUG] [Move 34] MINIMAX: Root move 26: move eval=-4.900001
[10:49:00.880] [DEBUG] [Move 34] MINIMAX: Root move 27: move eval=-4.900001
[10:49:00.880] [DEBUG] [Move 34] MINIMAX: Root move 28: move eval=-4.900001
[10:49:00.880] [DEBUG] [Move 34] MINIMAX: Root move 29: move eval=-4.900001
[10:49:00.880] [DEBUG] [Move 34] MINIMAX: Root move 30: move eval=-4.900001
[10:49:00.880] [DEBUG] [Move 34] MINIMAX: Root move 31: move eval=-4.900001
[10:49:00.880] [DEBUG] [Move 34] MINIMAX: Root move 32: move eval=-4.900001
[10:49:00.880] [DEBUG] [Move 34] MINIMAX: Root move 33: move eval=-4.900001
[10:49:00.880] [DEBUG] [Move 34] MINIMAX: Root move 34: move eval=-4.900001
[10:49:00.880] [DEBUG] [Move 34] MINIMAX: Root move 35: move eval=-4.900001
[10:49:00.880] [DEBUG] [Move 34] MINIMAX: Root move 36: push eval=-4.900001
[10:49:00.880] [DEBUG] [Move 34] MINIMAX: Root move 37: flip eval=-4.900001
[10:49:00.880] [DEBUG] [Move 34] MINIMAX: Root move 38: flip eval=-4.900001
[10:49:00.880] [DEBUG] [Move 34] MINIMAX: Root move 39: move eval=-4.900001
[10:49:00.880] [DEBUG] [Move 34] MINIMAX: Root move 40: move eval=-4.900001
[10:49:00.880] [DEBUG] [Move 34] MINIMAX: Root move 41: move eval=-4.900001
[10:49:00.880] [DEBUG] [Move 34] MINIMAX: Root move 42: flip eval=-4.900001
[10:49:00.880] [DEBUG] [Move 34] MINIMAX: Root move 43: flip eval=-4.900001
[10:49:00.880] [DEBUG] [Move 34] MINIMAX: Root move 44: move eval=-4.900001
[10:49:00.880] [DEBUG] [Move 34] MINIMAX: Root move 45: move eval=-4.900001
[10:49:00.880] [DEBUG] [Move 34] MINIMAX: Root move 46: move eval=-4.900001
[10:49:00.880] [DEBUG] [Move 34] MINIMAX: Root move 47: flip eval=-4.900001
[10:49:00.880] [DEBUG] [Move 34] MINIMAX: Root move 48: flip eval=-4.900001
[10:49:00.880] [DEBUG] [Move 34] MINIMAX: Root move 49: move eval=-4.900001
[10:49:00.880] [DEBUG] [Move 34] MINIMAX: Root move 50: push eval=-4.900001
[10:49:00.880] [DEBUG] [Move 34] MINIMAX: Root move 51: flip eval=-4.900001
[10:49:00.880] [DEBUG] [Move 34] MINIMAX: Root move 52: flip eval=-4.900001
[10:49:00.880] [DEBUG] [Move 34] MINIMAX: Root move 53: move eval=-4.900001
[10:49:00.880] [DEBUG] [Move 34] MINIMAX: Root move 54: move eval=-4.900001
[10:49:00.880] [DEBUG] [Move 34] MINIMAX: Root move 55: move eval=-4.900001
[10:49:00.880] [DEBUG] [Move 34] MINIMAX: Root move 56: move eval=-4.900001
[10:49:00.880] [DEBUG] [Move 34] MINIMAX: Root move 57: move eval=-4.900001
[10:49:00.880] [DEBUG] [Move 34] MINIMAX: Root move 58: move eval=-4.900001
[10:49:00.880] [DEBUG] [Move 34] MINIMAX: Root move 59: flip eval=-4.900001
[10:49:00.880] [DEBUG] [Move 34] MINIMAX: Root move 60: flip eval=-4.900001
[10:49:00.880] [DEBUG] [Move 34] MINIMAX: Root move 61: move eval=-4.900001
[10:49:00.880] [DEBUG] [Move 34] MINIMAX: Root move 62: move eval=-4.900001
[10:49:00.880] [DEBUG] [Move 34] MINIMAX: Root move 63: move eval=-4.900001
[10:49:00.880] [DEBUG] [Move 34] MINIMAX: Root move 64: move eval=-4.900001
[10:49:00.881] [DEBUG] [Move 34] MINIMAX: Root move 65: move eval=-4.900001
[10:49:00.881] [DEBUG] [Move 34] MINIMAX: Root move 66: move eval=-4.900001
[10:49:00.881] [DEBUG] [Move 34] MINIMAX: Root move 67: move eval=-4.900001
[10:49:00.881] [DEBUG] [Move 34] MINIMAX: Root move 68: move eval=-4.900001
[10:49:00.881] [DEBUG] [Move 34] MINIMAX: Root move 69: move eval=-4.900001
[10:49:00.881] [DEBUG] [Move 34] MINIMAX: Root move 70: move eval=-4.900001
[10:49:00.881] [DEBUG] [Move 34] MINIMAX: Root move 71: move eval=-4.900001
[10:49:00.881] [DEBUG] [Move 34] MINIMAX: Root move 72: move eval=-4.900001
[10:49:00.881] [DEBUG] [Move 34] MINIMAX: Root move 73: move eval=-4.900001
[10:49:00.881] [DEBUG] [Move 34] MINIMAX: Root move 74: move eval=-4.900001
[10:49:00.881] [DEBUG] [Move 34] MINIMAX: Root move 75: move eval=-4.900001
[10:49:00.881] [DEBUG] [Move 34] MINIMAX: Root move 76: move eval=-4.900001
[10:49:00.881] [DEBUG] [Move 34] MINIMAX: Root move 77: move eval=-4.900001
[10:49:00.881] [DEBUG] [Move 34] MINIMAX: Root move 78: flip eval=-4.900001
[10:49:00.881] [DEBUG] [Move 34] MINIMAX: Root move 79: flip eval=-4.900001
[10:49:00.881] [DEBUG] [Move 34] MINIMAX: Root move 80: move eval=-4.900001
[10:49:00.881] [DEBUG] [Move 34] MINIMAX: Root move 81: move eval=-4.900001
[10:49:00.881] [DEBUG] [Move 34] MINIMAX: Root move 82: push eval=-4.900001
[10:49:00.881] [DEBUG] [Move 34] MINIMAX: Root move 83: push eval=-4.900001
[10:49:00.881] [DEBUG] [Move 34] MINIMAX: Root move 84: push eval=-4.900001
[10:49:00.881] [DEBUG] [Move 34] MINIMAX: Root move 85: push eval=-4.900001
[10:49:00.881] [DEBUG] [Move 34] MINIMAX: Root move 86: push eval=-4.900001
[10:49:00.881] [DEBUG] [Move 34] MINIMAX: Root move 87: push eval=-4.900001
[10:49:00.881] [DEBUG] [Move 34] MINIMAX: Root move 88: push eval=-4.900001
[10:49:00.881] [DEBUG] [Move 34] MINIMAX: Root move 89: push eval=-4.900001
[10:49:00.881] [DEBUG] [Move 34] MINIMAX: Root move 90: push eval=-4.900001
[10:49:00.881] [DEBUG] [Move 34] MINIMAX: Root move 91: push eval=-4.900001
[10:49:00.881] [DEBUG] [Move 34] MINIMAX: Root move 92: push eval=-4.900001
[10:49:00.882] [DEBUG] [Move 34] MINIMAX: Root move 93: push eval=-4.900001
[10:49:00.882] [DEBUG] [Move 34] MINIMAX: Root move 94: push eval=-4.900001
[10:49:00.882] [DEBUG] [Move 34] MINIMAX: Root move 95: push eval=-4.900001
[10:49:00.882] [DEBUG] [Move 34] MINIMAX: Root move 96: push eval=-4.900001
[10:49:00.882] [DEBUG] [Move 34] MINIMAX: Root move 97: push eval=-4.900001
[10:49:00.882] [DEBUG] [Move 34] MINIMAX: Root move 98: push eval=-4.900001
[10:49:00.882] [DEBUG] [Move 34] MINIMAX: Root move 99: push eval=-4.900001
[10:49:00.882] [DEBUG] [Move 34] MINIMAX: Root move 100: push eval=-4.900001
[10:49:00.882] [DEBUG] [Move 34] MINIMAX: Root move 101: push eval=-4.900001
[10:49:00.882] [DEBUG] [Move 34] MINIMAX: Root move 102: push eval=-4.900001
[10:49:00.882] [DEBUG] [Move 34] MINIMAX: Root move 103: push eval=-4.900001
[10:49:00.882] [DEBUG] [Move 34] MINIMAX: Root move 104: push eval=-4.900001
[10:49:00.882] [DEBUG] [Move 34] MINIMAX: Root move 105: push eval=-4.900001
[10:49:00.882] [DEBUG] [Move 34] MINIMAX: Root move 106: push eval=-4.900001
[10:49:00.882] [DEBUG] [Move 34] MINIMAX: Root move 107: push eval=-4.900001
[10:49:00.882] [DEBUG] [Move 34] MINIMAX: Root move 108: push eval=-4.900001
[10:49:00.882] [DEBUG] [Move 34] MINIMAX: Root move 109: push eval=-4.900001
[10:49:00.882] [DEBUG] [Move 34] MINIMAX: Root move 110: push eval=-4.900001
[10:49:00.882] [DEBUG] [Move 34] MINIMAX: Root move 111: push eval=-4.900001
[10:49:00.882] [DEBUG] [Move 34] MINIMAX: Root move 112: push eval=-4.900001
[10:49:00.882] [DEBUG] [Move 34] MINIMAX: Root move 113: push eval=-4.900001
[10:49:00.882] [DEBUG] [Move 34] MINIMAX: Root move 114: flip eval=-4.900001
[10:49:00.882] [DEBUG] [Move 34] MINIMAX: Root move 115: rotate eval=-4.900001
[10:49:00.882] [DEBUG] [Move 34] MINIMAX: Root move 116: move eval=-4.900001
[10:49:00.882] [DEBUG] [Move 34] MINIMAX: Root move 117: move eval=-4.900001
[10:49:00.882] [DEBUG] [Move 34] MINIMAX: Root move 118: move eval=-4.900001
[10:49:00.882] [DEBUG] [Move 34] MINIMAX: Root move 119: move eval=-4.900001
[10:49:00.882] [DEBUG] [Move 34] MINIMAX: Root move 120: flip eval=-4.900001
[10:49:00.882] [DEBUG] [Move 34] MINIMAX: Root move 121: flip eval=-4.900001
[10:49:00.882] [DEBUG] [Move 34] MINIMAX: Root search complete - evaluated=121/121, cutoffs=0
[10:49:00.882] [DEBUG] [Move 34] MINIMAX: Depth 1 completed, nodes=121, eval=-4.900001, move=move
[10:49:00.882] [DEBUG] [Move 34] MINIMAX: Searching at depth 2
[10:49:00.885] [DEBUG] [Move 34] MINIMAX: Root move 1: move eval=4.200000
[10:49:00.885] [DEBUG] [Move 34] MINIMAX: Alpha improved at root: -1000000.000000 -> 4.200000
[10:49:00.886] [DEBUG] [Move 34] MINIMAX: Root move 2: move eval=4.200000
[10:49:00.888] [DEBUG] [Move 34] MINIMAX: Root move 3: flip eval=4.200000
[10:49:00.889] [DEBUG] [Move 34] MINIMAX: Root move 4: flip eval=4.200000
[10:49:00.890] [DEBUG] [Move 34] MINIMAX: Root move 5: move eval=4.200000
[10:49:00.891] [DEBUG] [Move 34] MINIMAX: Root move 6: push eval=4.200000
[10:49:00.893] [DEBUG] [Move 34] MINIMAX: Root move 7: flip eval=4.200000
[10:49:00.894] [DEBUG] [Move 34] MINIMAX: Root move 8: flip eval=4.200000
[10:49:00.895] [DEBUG] [Move 34] MINIMAX: Root move 9: push eval=4.200000
[10:49:00.895] [DEBUG] [Move 34] MINIMAX: Root move 10: push eval=4.200000
[10:49:00.895] [DEBUG] [Move 34] MINIMAX: Root move 11: push eval=4.200000
[10:49:00.895] [DEBUG] [Move 34] MINIMAX: Root move 12: push eval=4.200000
[10:49:00.895] [DEBUG] [Move 34] MINIMAX: Root move 13: push eval=4.200000
[10:49:00.895] [DEBUG] [Move 34] MINIMAX: Root move 14: push eval=4.200000
[10:49:00.896] [DEBUG] [Move 34] MINIMAX: Root move 15: flip eval=4.200000
[10:49:00.897] [DEBUG] [Move 34] MINIMAX: Root move 16: rotate eval=4.200000
[10:49:00.897] [DEBUG] [Move 34] MINIMAX: Root move 17: push eval=4.200000
[10:49:00.898] [DEBUG] [Move 34] MINIMAX: Root move 18: flip eval=4.200000
[10:49:00.899] [DEBUG] [Move 34] MINIMAX: Root move 19: flip eval=4.200000
[10:49:00.900] [DEBUG] [Move 34] MINIMAX: Root move 20: move eval=4.200000
[10:49:00.901] [DEBUG] [Move 34] MINIMAX: Root move 21: move eval=4.200000
[10:49:00.902] [DEBUG] [Move 34] MINIMAX: Root move 22: move eval=4.200000
[10:49:00.903] [DEBUG] [Move 34] MINIMAX: Root move 23: move eval=4.200000
[10:49:00.904] [DEBUG] [Move 34] MINIMAX: Root move 24: move eval=4.200000
[10:49:00.905] [DEBUG] [Move 34] MINIMAX: Root move 25: move eval=4.200000
[10:49:00.906] [DEBUG] [Move 34] MINIMAX: Root move 26: move eval=4.200000
[10:49:00.907] [DEBUG] [Move 34] MINIMAX: Root move 27: move eval=4.200000
[10:49:00.908] [DEBUG] [Move 34] MINIMAX: Root move 28: move eval=4.200000
[10:49:00.909] [DEBUG] [Move 34] MINIMAX: Root move 29: move eval=4.200000
[10:49:00.910] [DEBUG] [Move 34] MINIMAX: Root move 30: move eval=4.200000
[10:49:00.911] [DEBUG] [Move 34] MINIMAX: Root move 31: move eval=4.200000
[10:49:00.912] [DEBUG] [Move 34] MINIMAX: Root move 32: move eval=4.200000
[10:49:00.913] [DEBUG] [Move 34] MINIMAX: Root move 33: move eval=4.200000
[10:49:00.914] [DEBUG] [Move 34] MINIMAX: Root move 34: move eval=4.200000
[10:49:00.915] [DEBUG] [Move 34] MINIMAX: Root move 35: move eval=4.200000
[10:49:00.916] [DEBUG] [Move 34] MINIMAX: Root move 36: push eval=4.200000
[10:49:00.917] [DEBUG] [Move 34] MINIMAX: Root move 37: flip eval=4.200000
[10:49:00.918] [DEBUG] [Move 34] MINIMAX: Root move 38: flip eval=4.200000
[10:49:00.919] [DEBUG] [Move 34] MINIMAX: Root move 39: move eval=4.200000
[10:49:00.920] [DEBUG] [Move 34] MINIMAX: Root move 40: move eval=4.200000
[10:49:00.921] [DEBUG] [Move 34] MINIMAX: Root move 41: move eval=4.200000
[10:49:00.922] [DEBUG] [Move 34] MINIMAX: Root move 42: flip eval=4.200000
[10:49:00.923] [DEBUG] [Move 34] MINIMAX: Root move 43: flip eval=4.200000
[10:49:00.924] [DEBUG] [Move 34] MINIMAX: Root move 44: move eval=4.200000
[10:49:00.925] [DEBUG] [Move 34] MINIMAX: Root move 45: move eval=4.200000
[10:49:00.926] [DEBUG] [Move 34] MINIMAX: Root move 46: move eval=4.200000
[10:49:00.927] [DEBUG] [Move 34] MINIMAX: Root move 47: flip eval=4.200000
[10:49:00.928] [DEBUG] [Move 34] MINIMAX: Root move 48: flip eval=4.200000
[10:49:00.929] [DEBUG] [Move 34] MINIMAX: Root move 49: move eval=4.200000
[10:49:00.930] [DEBUG] [Move 34] MINIMAX: Root move 50: push eval=4.200000
[10:49:00.931] [DEBUG] [Move 34] MINIMAX: Root move 51: flip eval=4.200000
[10:49:00.932] [DEBUG] [Move 34] MINIMAX: Root move 52: flip eval=4.200000
[10:49:00.934] [DEBUG] [Move 34] MINIMAX: Root move 53: move eval=4.200000
[10:49:00.935] [DEBUG] [Move 34] MINIMAX: Root move 54: move eval=4.200000
[10:49:00.936] [DEBUG] [Move 34] MINIMAX: Root move 55: move eval=4.200000
[10:49:00.937] [DEBUG] [Move 34] MINIMAX: Root move 56: move eval=4.200000
[10:49:00.938] [DEBUG] [Move 34] MINIMAX: Root move 57: move eval=4.200000
[10:49:00.939] [DEBUG] [Move 34] MINIMAX: Root move 58: move eval=4.200000
[10:49:00.940] [DEBUG] [Move 34] MINIMAX: Root move 59: flip eval=4.200000
[10:49:00.941] [DEBUG] [Move 34] MINIMAX: Root move 60: flip eval=4.200000
[10:49:00.942] [DEBUG] [Move 34] MINIMAX: Root move 61: move eval=4.200000
[10:49:00.943] [DEBUG] [Move 34] MINIMAX: Root move 62: move eval=4.200000
[10:49:00.944] [DEBUG] [Move 34] MINIMAX: Root move 63: move eval=4.200000
[10:49:00.945] [DEBUG] [Move 34] MINIMAX: Root move 64: move eval=4.200000
[10:49:00.946] [DEBUG] [Move 34] MINIMAX: Root move 65: move eval=4.200000
[10:49:00.947] [DEBUG] [Move 34] MINIMAX: Root move 66: move eval=4.200000
[10:49:00.948] [DEBUG] [Move 34] MINIMAX: Root move 67: move eval=4.200000
[10:49:00.949] [DEBUG] [Move 34] MINIMAX: Root move 68: move eval=4.200000
[10:49:00.950] [DEBUG] [Move 34] MINIMAX: Root move 69: move eval=4.200000
[10:49:00.951] [DEBUG] [Move 34] MINIMAX: Root move 70: move eval=4.200000
[10:49:00.952] [DEBUG] [Move 34] MINIMAX: Root move 71: move eval=4.200000
[10:49:00.953] [DEBUG] [Move 34] MINIMAX: Root move 72: move eval=4.200000
[10:49:00.954] [DEBUG] [Move 34] MINIMAX: Root move 73: move eval=4.200000
[10:49:00.955] [DEBUG] [Move 34] MINIMAX: Root move 74: move eval=4.200000
[10:49:00.956] [DEBUG] [Move 34] MINIMAX: Root move 75: move eval=4.200000
[10:49:00.957] [DEBUG] [Move 34] MINIMAX: Root move 76: move eval=4.200000
[10:49:00.958] [DEBUG] [Move 34] MINIMAX: Root move 77: move eval=4.200000
[10:49:00.959] [DEBUG] [Move 34] MINIMAX: Root move 78: flip eval=4.200000
[10:49:00.960] [DEBUG] [Move 34] MINIMAX: Root move 79: flip eval=4.200000
[10:49:00.961] [DEBUG] [Move 34] MINIMAX: Root move 80: move eval=4.200000
[10:49:00.962] [DEBUG] [Move 34] MINIMAX: Root move 81: move eval=4.200000
[10:49:00.963] [DEBUG] [Move 34] MINIMAX: Root move 82: push eval=4.200000
[10:49:00.963] [DEBUG] [Move 34] MINIMAX: Root move 83: push eval=4.200000
[10:49:00.963] [DEBUG] [Move 34] MINIMAX: Root move 84: push eval=4.200000
[10:49:00.963] [DEBUG] [Move 34] MINIMAX: Root move 85: push eval=4.200000
[10:49:00.963] [DEBUG] [Move 34] MINIMAX: Root move 86: push eval=4.200000
[10:49:00.963] [DEBUG] [Move 34] MINIMAX: Root move 87: push eval=4.200000
[10:49:00.963] [DEBUG] [Move 34] MINIMAX: Root move 88: push eval=4.200000
[10:49:00.963] [DEBUG] [Move 34] MINIMAX: Root move 89: push eval=4.200000
[10:49:00.963] [DEBUG] [Move 34] MINIMAX: Root move 90: push eval=4.200000
[10:49:00.963] [DEBUG] [Move 34] MINIMAX: Root move 91: push eval=4.200000
[10:49:00.963] [DEBUG] [Move 34] MINIMAX: Root move 92: push eval=4.200000
[10:49:00.963] [DEBUG] [Move 34] MINIMAX: Root move 93: push eval=4.200000
[10:49:00.963] [DEBUG] [Move 34] MINIMAX: Root move 94: push eval=4.200000
[10:49:00.963] [DEBUG] [Move 34] MINIMAX: Root move 95: push eval=4.200000
[10:49:00.963] [DEBUG] [Move 34] MINIMAX: Root move 96: push eval=4.200000
[10:49:00.963] [DEBUG] [Move 34] MINIMAX: Root move 97: push eval=4.200000
[10:49:00.964] [DEBUG] [Move 34] MINIMAX: Root move 98: push eval=4.200000
[10:49:00.964] [DEBUG] [Move 34] MINIMAX: Root move 99: push eval=4.200000
[10:49:00.964] [DEBUG] [Move 34] MINIMAX: Root move 100: push eval=4.200000
[10:49:00.964] [DEBUG] [Move 34] MINIMAX: Root move 101: push eval=4.200000
[10:49:00.964] [DEBUG] [Move 34] MINIMAX: Root move 102: push eval=4.200000
[10:49:00.964] [DEBUG] [Move 34] MINIMAX: Root move 103: push eval=4.200000
[10:49:00.964] [DEBUG] [Move 34] MINIMAX: Root move 104: push eval=4.200000
[10:49:00.964] [DEBUG] [Move 34] MINIMAX: Root move 105: push eval=4.200000
[10:49:00.964] [DEBUG] [Move 34] MINIMAX: Root move 106: push eval=4.200000
[10:49:00.964] [DEBUG] [Move 34] MINIMAX: Root move 107: push eval=4.200000
[10:49:00.964] [DEBUG] [Move 34] MINIMAX: Root move 108: push eval=4.200000
[10:49:00.964] [DEBUG] [Move 34] MINIMAX: Root move 109: push eval=4.200000
[10:49:00.964] [DEBUG] [Move 34] MINIMAX: Root move 110: push eval=4.200000
[10:49:00.964] [DEBUG] [Move 34] MINIMAX: Root move 111: push eval=4.200000
[10:49:00.964] [DEBUG] [Move 34] MINIMAX: Root move 112: push eval=4.200000
[10:49:00.964] [DEBUG] [Move 34] MINIMAX: Root move 113: push eval=4.200000
[10:49:00.965] [DEBUG] [Move 34] MINIMAX: Root move 114: flip eval=4.200000
[10:49:00.966] [DEBUG] [Move 34] MINIMAX: Root move 115: rotate eval=4.200000
[10:49:00.967] [DEBUG] [Move 34] MINIMAX: Root move 116: move eval=4.200000
[10:49:00.968] [DEBUG] [Move 34] MINIMAX: Root move 117: move eval=4.200000
[10:49:00.969] [DEBUG] [Move 34] MINIMAX: Root move 118: move eval=4.200000
[10:49:00.970] [DEBUG] [Move 34] MINIMAX: Root move 119: move eval=4.200000
[10:49:00.971] [DEBUG] [Move 34] MINIMAX: Root move 120: flip eval=4.200000
[10:49:00.972] [DEBUG] [Move 34] MINIMAX: Root move 121: flip eval=4.200000
[10:49:00.972] [DEBUG] [Move 34] MINIMAX: Root search complete - evaluated=121/121, cutoffs=0
[10:49:00.972] [DEBUG] [Move 34] MINIMAX: Depth 2 completed, nodes=347, eval=4.200000, move=move
[10:49:00.972] [DEBUG] [Move 34] MINIMAX: Searching at depth 3
[10:49:00.978] [DEBUG] [Move 34] MINIMAX: Root move 1: move eval=-1000000.000000
[10:49:00.978] [DEBUG] [Move 34] MINIMAX: Timeout at root level after 1/121 moves
[10:49:00.978] [DEBUG] [Move 34] MINIMAX: Root search complete - evaluated=1/121, cutoffs=0
[10:49:00.978] [DEBUG] [Move 34] MINIMAX: Depth 3 completed, nodes=129, eval=-1000000.000000, move=move
[10:49:00.978] [DEBUG] [Move 34] MINIMAX: Time limit reached at depth 4
[10:49:00.978] [INFO] [Move 34] MINIMAX: Search complete - depth=2, nodes=597, TT_size=237907, time=0.100000s
[10:49:00.979] [DEBUG] [Move 34] VALIDATION DEBUG: Generated 121 legal moves for validation
[10:49:00.979] [DEBUG] [Move 34] VALIDATION DEBUG: Minimax returned move: move (0,0) -> (0,1)
[10:49:00.979] [DEBUG] [Move 34] VALIDATION DEBUG: Legal move 1: move (0,0) -> (0,1)
[10:49:00.979] [DEBUG] [Move 34] VALIDATION DEBUG: Legal move 2: move (0,0) -> (1,0)
[10:49:00.979] [DEBUG] [Move 34] VALIDATION DEBUG: Legal move 3: flip (0,0) -> (0,0)
[10:49:00.979] [DEBUG] [Move 34] VALIDATION DEBUG: Legal move 4: flip (0,0) -> (0,0)
[10:49:00.979] [DEBUG] [Move 34] VALIDATION DEBUG: Legal move 5: move (4,3) -> (3,3)
[10:49:00.979] [DEBUG] [Move 34] VALIDATION DEBUG: Move found in legal moves - SUCCESS!
[10:49:00.979] [DECISION] [Move 34] FINAL DECISION: move (0,0) -> (0,1) | Reasoning: Minimax search
[10:49:00.979] [DECISION] [Move 34] === MOVE DECISION END ===
[10:49:01.017] [DECISION] [Move 35] === MOVE DECISION START === Player: square, Board: 13x12, Time: 0.355963s (vs 59.8796s)
[10:49:01.017] [DEBUG] [Move 35] MINIMAX: Starting search for square, time=0.355963s
[10:49:01.020] [DEBUG] [Move 35] MINIMAX: Found 122 legal moves at root
[10:49:01.020] [DEBUG] [Move 35] MINIMAX: Starting iterative deepening
[10:49:01.020] [DEBUG] [Move 35] MINIMAX: Searching at depth 1
[10:49:01.020] [DEBUG] [Move 35] MINIMAX: Root move 1: move eval=-4.900001
[10:49:01.020] [DEBUG] [Move 35] MINIMAX: Alpha improved at root: -1000000.000000 -> -4.900001
[10:49:01.020] [DEBUG] [Move 35] MINIMAX: Root move 2: move eval=-4.900001
[10:49:01.020] [DEBUG] [Move 35] MINIMAX: Root move 3: move eval=-4.900001
[10:49:01.020] [DEBUG] [Move 35] MINIMAX: Root move 4: flip eval=-4.900001
[10:49:01.020] [DEBUG] [Move 35] MINIMAX: Root move 5: flip eval=-4.900001
[10:49:01.020] [DEBUG] [Move 35] MINIMAX: Root move 6: move eval=-4.900001
[10:49:01.020] [DEBUG] [Move 35] MINIMAX: Root move 7: push eval=-4.900001
[10:49:01.020] [DEBUG] [Move 35] MINIMAX: Root move 8: flip eval=-4.900001
[10:49:01.020] [DEBUG] [Move 35] MINIMAX: Root move 9: flip eval=-4.900001
[10:49:01.020] [DEBUG] [Move 35] MINIMAX: Root move 10: push eval=-4.900001
[10:49:01.020] [DEBUG] [Move 35] MINIMAX: Root move 11: push eval=-4.900001
[10:49:01.020] [DEBUG] [Move 35] MINIMAX: Root move 12: push eval=-4.900001
[10:49:01.020] [DEBUG] [Move 35] MINIMAX: Root move 13: push eval=-4.900001
[10:49:01.020] [DEBUG] [Move 35] MINIMAX: Root move 14: push eval=-4.900001
[10:49:01.020] [DEBUG] [Move 35] MINIMAX: Root move 15: push eval=-4.900001
[10:49:01.020] [DEBUG] [Move 35] MINIMAX: Root move 16: flip eval=-4.900001
[10:49:01.020] [DEBUG] [Move 35] MINIMAX: Root move 17: rotate eval=-4.900001
[10:49:01.020] [DEBUG] [Move 35] MINIMAX: Root move 18: push eval=-4.900001
[10:49:01.020] [DEBUG] [Move 35] MINIMAX: Root move 19: flip eval=-4.900001
[10:49:01.020] [DEBUG] [Move 35] MINIMAX: Root move 20: flip eval=-4.900001
[10:49:01.020] [DEBUG] [Move 35] MINIMAX: Root move 21: move eval=-4.900001
[10:49:01.020] [DEBUG] [Move 35] MINIMAX: Root move 22: move eval=-4.900001
[10:49:01.020] [DEBUG] [Move 35] MINIMAX: Root move 23: move eval=-4.900001
[10:49:01.020] [DEBUG] [Move 35] MINIMAX: Root move 24: move eval=-4.900001
[10:49:01.020] [DEBUG] [Move 35] MINIMAX: Root move 25: move eval=-4.900001
[10:49:01.020] [DEBUG] [Move 35] MINIMAX: Root move 26: move eval=-4.900001
[10:49:01.020] [DEBUG] [Move 35] MINIMAX: Root move 27: move eval=-4.900001
[10:49:01.020] [DEBUG] [Move 35] MINIMAX: Root move 28: move eval=-4.900001
[10:49:01.020] [DEBUG] [Move 35] MINIMAX: Root move 29: move eval=-4.900001
[10:49:01.020] [DEBUG] [Move 35] MINIMAX: Root move 30: move eval=-4.900001
[10:49:01.020] [DEBUG] [Move 35] MINIMAX: Root move 31: move eval=-4.900001
[10:49:01.020] [DEBUG] [Move 35] MINIMAX: Root move 32: move eval=-4.900001
[10:49:01.020] [DEBUG] [Move 35] MINIMAX: Root move 33: move eval=-4.900001
[10:49:01.020] [DEBUG] [Move 35] MINIMAX: Root move 34: move eval=-4.900001
[10:49:01.020] [DEBUG] [Move 35] MINIMAX: Root move 35: move eval=-4.900001
[10:49:01.020] [DEBUG] [Move 35] MINIMAX: Root move 36: move eval=-4.900001
[10:49:01.020] [DEBUG] [Move 35] MINIMAX: Root move 37: push eval=-4.900001
[10:49:01.020] [DEBUG] [Move 35] MINIMAX: Root move 38: flip eval=-4.900001
[10:49:01.021] [DEBUG] [Move 35] MINIMAX: Root move 39: flip eval=-4.900001
[10:49:01.021] [DEBUG] [Move 35] MINIMAX: Root move 40: move eval=-4.900001
[10:49:01.021] [DEBUG] [Move 35] MINIMAX: Root move 41: move eval=-4.900001
[10:49:01.021] [DEBUG] [Move 35] MINIMAX: Root move 42: move eval=-4.900001
[10:49:01.021] [DEBUG] [Move 35] MINIMAX: Root move 43: flip eval=-4.900001
[10:49:01.021] [DEBUG] [Move 35] MINIMAX: Root move 44: flip eval=-4.900001
[10:49:01.021] [DEBUG] [Move 35] MINIMAX: Root move 45: move eval=-4.900001
[10:49:01.021] [DEBUG] [Move 35] MINIMAX: Root move 46: move eval=-4.900001
[10:49:01.021] [DEBUG] [Move 35] MINIMAX: Root move 47: move eval=-4.900001
[10:49:01.021] [DEBUG] [Move 35] MINIMAX: Root move 48: flip eval=-4.900001
[10:49:01.021] [DEBUG] [Move 35] MINIMAX: Root move 49: flip eval=-4.900001
[10:49:01.021] [DEBUG] [Move 35] MINIMAX: Root move 50: move eval=-4.900001
[10:49:01.021] [DEBUG] [Move 35] MINIMAX: Root move 51: push eval=-4.900001
[10:49:01.021] [DEBUG] [Move 35] MINIMAX: Root move 52: flip eval=-4.900001
[10:49:01.021] [DEBUG] [Move 35] MINIMAX: Root move 53: flip eval=-4.900001
[10:49:01.021] [DEBUG] [Move 35] MINIMAX: Root move 54: move eval=-4.900001
[10:49:01.021] [DEBUG] [Move 35] MINIMAX: Root move 55: move eval=-4.900001
[10:49:01.021] [DEBUG] [Move 35] MINIMAX: Root move 56: move eval=-4.900001
[10:49:01.021] [DEBUG] [Move 35] MINIMAX: Root move 57: move eval=-4.900001
[10:49:01.021] [DEBUG] [Move 35] MINIMAX: Root move 58: move eval=-4.900001
[10:49:01.021] [DEBUG] [Move 35] MINIMAX: Root move 59: move eval=-4.900001
[10:49:01.021] [DEBUG] [Move 35] MINIMAX: Root move 60: flip eval=-4.900001
[10:49:01.021] [DEBUG] [Move 35] MINIMAX: Root move 61: flip eval=-4.900001
[10:49:01.021] [DEBUG] [Move 35] MINIMAX: Root move 62: move eval=-4.900001
[10:49:01.021] [DEBUG] [Move 35] MINIMAX: Root move 63: move eval=-4.900001
[10:49:01.021] [DEBUG] [Move 35] MINIMAX: Root move 64: move eval=-4.900001
[10:49:01.021] [DEBUG] [Move 35] MINIMAX: Root move 65: move eval=-4.900001
[10:49:01.021] [DEBUG] [Move 35] MINIMAX: Root move 66: move eval=-4.900001
[10:49:01.021] [DEBUG] [Move 35] MINIMAX: Root move 67: move eval=-4.900001
[10:49:01.021] [DEBUG] [Move 35] MINIMAX: Root move 68: move eval=-4.900001
[10:49:01.021] [DEBUG] [Move 35] MINIMAX: Root move 69: move eval=-4.900001
[10:49:01.021] [DEBUG] [Move 35] MINIMAX: Root move 70: move eval=-4.900001
[10:49:01.021] [DEBUG] [Move 35] MINIMAX: Root move 71: move eval=-4.900001
[10:49:01.021] [DEBUG] [Move 35] MINIMAX: Root move 72: move eval=-4.900001
[10:49:01.021] [DEBUG] [Move 35] MINIMAX: Root move 73: move eval=-4.900001
[10:49:01.021] [DEBUG] [Move 35] MINIMAX: Root move 74: move eval=-4.900001
[10:49:01.021] [DEBUG] [Move 35] MINIMAX: Root move 75: move eval=-4.900001
[10:49:01.021] [DEBUG] [Move 35] MINIMAX: Root move 76: move eval=-4.900001
[10:49:01.021] [DEBUG] [Move 35] MINIMAX: Root move 77: move eval=-4.900001
[10:49:01.021] [DEBUG] [Move 35] MINIMAX: Root move 78: move eval=-4.900001
[10:49:01.021] [DEBUG] [Move 35] MINIMAX: Root move 79: flip eval=-4.900001
[10:49:01.021] [DEBUG] [Move 35] MINIMAX: Root move 80: flip eval=-4.900001
[10:49:01.021] [DEBUG] [Move 35] MINIMAX: Root move 81: move eval=-4.900001
[10:49:01.021] [DEBUG] [Move 35] MINIMAX: Root move 82: move eval=-4.900001
[10:49:01.021] [DEBUG] [Move 35] MINIMAX: Root move 83: push eval=-4.900001
[10:49:01.021] [DEBUG] [Move 35] MINIMAX: Root move 84: push eval=-4.900001
[10:49:01.021] [DEBUG] [Move 35] MINIMAX: Root move 85: push eval=-4.900001
[10:49:01.021] [DEBUG] [Move 35] MINIMAX: Root move 86: push eval=-4.900001
[10:49:01.021] [DEBUG] [Move 35] MINIMAX: Root move 87: push eval=-4.900001
[10:49:01.021] [DEBUG] [Move 35] MINIMAX: Root move 88: push eval=-4.900001
[10:49:01.021] [DEBUG] [Move 35] MINIMAX: Root move 89: push eval=-4.900001
[10:49:01.021] [DEBUG] [Move 35] MINIMAX: Root move 90: push eval=-4.900001
[10:49:01.021] [DEBUG] [Move 35] MINIMAX: Root move 91: push eval=-4.900001
[10:49:01.021] [DEBUG] [Move 35] MINIMAX: Root move 92: push eval=-4.900001
[10:49:01.021] [DEBUG] [Move 35] MINIMAX: Root move 93: push eval=-4.900001
[10:49:01.021] [DEBUG] [Move 35] MINIMAX: Root move 94: push eval=-4.900001
[10:49:01.021] [DEBUG] [Move 35] MINIMAX: Root move 95: push eval=-4.900001
[10:49:01.021] [DEBUG] [Move 35] MINIMAX: Root move 96: push eval=-4.900001
[10:49:01.021] [DEBUG] [Move 35] MINIMAX: Root move 97: push eval=-4.900001
[10:49:01.022] [DEBUG] [Move 35] MINIMAX: Root move 98: push eval=-4.900001
[10:49:01.022] [DEBUG] [Move 35] MINIMAX: Root move 99: push eval=-4.900001
[10:49:01.022] [DEBUG] [Move 35] MINIMAX: Root move 100: push eval=-4.900001
[10:49:01.022] [DEBUG] [Move 35] MINIMAX: Root move 101: push eval=-4.900001
[10:49:01.022] [DEBUG] [Move 35] MINIMAX: Root move 102: push eval=-4.900001
[10:49:01.022] [DEBUG] [Move 35] MINIMAX: Root move 103: push eval=-4.900001
[10:49:01.022] [DEBUG] [Move 35] MINIMAX: Root move 104: push eval=-4.900001
[10:49:01.022] [DEBUG] [Move 35] MINIMAX: Root move 105: push eval=-4.900001
[10:49:01.022] [DEBUG] [Move 35] MINIMAX: Root move 106: push eval=-4.900001
[10:49:01.022] [DEBUG] [Move 35] MINIMAX: Root move 107: push eval=-4.900001
[10:49:01.022] [DEBUG] [Move 35] MINIMAX: Root move 108: push eval=-4.900001
[10:49:01.022] [DEBUG] [Move 35] MINIMAX: Root move 109: push eval=-4.900001
[10:49:01.022] [DEBUG] [Move 35] MINIMAX: Root move 110: push eval=-4.900001
[10:49:01.022] [DEBUG] [Move 35] MINIMAX: Root move 111: push eval=-4.900001
[10:49:01.022] [DEBUG] [Move 35] MINIMAX: Root move 112: push eval=-4.900001
[10:49:01.022] [DEBUG] [Move 35] MINIMAX: Root move 113: push eval=-4.900001
[10:49:01.022] [DEBUG] [Move 35] MINIMAX: Root move 114: push eval=-4.900001
[10:49:01.022] [DEBUG] [Move 35] MINIMAX: Root move 115: flip eval=-4.900001
[10:49:01.022] [DEBUG] [Move 35] MINIMAX: Root move 116: rotate eval=-4.900001
[10:49:01.022] [DEBUG] [Move 35] MINIMAX: Root move 117: move eval=-4.900001
[10:49:01.022] [DEBUG] [Move 35] MINIMAX: Root move 118: move eval=-4.900001
[10:49:01.022] [DEBUG] [Move 35] MINIMAX: Root move 119: move eval=-4.900001
[10:49:01.022] [DEBUG] [Move 35] MINIMAX: Root move 120: move eval=-4.900001
[10:49:01.022] [DEBUG] [Move 35] MINIMAX: Root move 121: flip eval=-4.900001
[10:49:01.022] [DEBUG] [Move 35] MINIMAX: Root move 122: flip eval=-4.900001
[10:49:01.022] [DEBUG] [Move 35] MINIMAX: Root search complete - evaluated=122/122, cutoffs=0
[10:49:01.022] [DEBUG] [Move 35] MINIMAX: Depth 1 completed, nodes=122, eval=-4.900001, move=move
[10:49:01.022] [DEBUG] [Move 35] MINIMAX: Searching at depth 2
[10:49:01.024] [DEBUG] [Move 35] MINIMAX: Root move 1: move eval=-1000000.000000
[10:49:01.026] [DEBUG] [Move 35] MINIMAX: Root move 2: move eval=4.200000
[10:49:01.026] [DEBUG] [Move 35] MINIMAX: Alpha improved at root: -1000000.000000 -> 4.200000
[10:49:01.028] [DEBUG] [Move 35] MINIMAX: Root move 3: move eval=4.200000
[10:49:01.030] [DEBUG] [Move 35] MINIMAX: Root move 4: flip eval=4.200000
[10:49:01.031] [DEBUG] [Move 35] MINIMAX: Root move 5: flip eval=4.200000
[10:49:01.032] [DEBUG] [Move 35] MINIMAX: Root move 6: move eval=4.200000
[10:49:01.033] [DEBUG] [Move 35] MINIMAX: Root move 7: push eval=4.200000
[10:49:01.034] [DEBUG] [Move 35] MINIMAX: Root move 8: flip eval=4.200000
[10:49:01.035] [DEBUG] [Move 35] MINIMAX: Root move 9: flip eval=4.200000
[10:49:01.036] [DEBUG] [Move 35] MINIMAX: Root move 10: push eval=4.200000
[10:49:01.036] [DEBUG] [Move 35] MINIMAX: Root move 11: push eval=4.200000
[10:49:01.036] [DEBUG] [Move 35] MINIMAX: Root move 12: push eval=4.200000
[10:49:01.036] [DEBUG] [Move 35] MINIMAX: Root move 13: push eval=4.200000
[10:49:01.036] [DEBUG] [Move 35] MINIMAX: Root move 14: push eval=4.200000
[10:49:01.036] [DEBUG] [Move 35] MINIMAX: Root move 15: push eval=4.200000
[10:49:01.037] [DEBUG] [Move 35] MINIMAX: Root move 16: flip eval=4.200000
[10:49:01.038] [DEBUG] [Move 35] MINIMAX: Root move 17: rotate eval=4.200000
[10:49:01.039] [DEBUG] [Move 35] MINIMAX: Root move 18: push eval=4.200000
[10:49:01.040] [DEBUG] [Move 35] MINIMAX: Root move 19: flip eval=4.200000
[10:49:01.041] [DEBUG] [Move 35] MINIMAX: Root move 20: flip eval=4.200000
[10:49:01.042] [DEBUG] [Move 35] MINIMAX: Root move 21: move eval=4.200000
[10:49:01.043] [DEBUG] [Move 35] MINIMAX: Root move 22: move eval=4.200000
[10:49:01.043] [DEBUG] [Move 35] MINIMAX: Root move 23: move eval=4.200000
[10:49:01.044] [DEBUG] [Move 35] MINIMAX: Root move 24: move eval=4.200000
[10:49:01.045] [DEBUG] [Move 35] MINIMAX: Root move 25: move eval=4.200000
[10:49:01.046] [DEBUG] [Move 35] MINIMAX: Root move 26: move eval=4.200000
[10:49:01.047] [DEBUG] [Move 35] MINIMAX: Root move 27: move eval=4.200000
[10:49:01.049] [DEBUG] [Move 35] MINIMAX: Root move 28: move eval=4.200000
[10:49:01.050] [DEBUG] [Move 35] MINIMAX: Root move 29: move eval=4.200000
[10:49:01.051] [DEBUG] [Move 35] MINIMAX: Root move 30: move eval=4.200000
[10:49:01.052] [DEBUG] [Move 35] MINIMAX: Root move 31: move eval=4.200000
[10:49:01.053] [DEBUG] [Move 35] MINIMAX: Root move 32: move eval=4.200000
[10:49:01.054] [DEBUG] [Move 35] MINIMAX: Root move 33: move eval=4.200000
[10:49:01.055] [DEBUG] [Move 35] MINIMAX: Root move 34: move eval=4.200000
[10:49:01.056] [DEBUG] [Move 35] MINIMAX: Root move 35: move eval=4.200000
[10:49:01.057] [DEBUG] [Move 35] MINIMAX: Root move 36: move eval=4.200000
[10:49:01.058] [DEBUG] [Move 35] MINIMAX: Root move 37: push eval=4.200000
[10:49:01.059] [DEBUG] [Move 35] MINIMAX: Root move 38: flip eval=4.200000
[10:49:01.060] [DEBUG] [Move 35] MINIMAX: Root move 39: flip eval=4.200000
[10:49:01.061] [DEBUG] [Move 35] MINIMAX: Root move 40: move eval=4.200000
[10:49:01.061] [DEBUG] [Move 35] MINIMAX: Root move 41: move eval=4.200000
[10:49:01.063] [DEBUG] [Move 35] MINIMAX: Root move 42: move eval=4.200000
[10:49:01.064] [DEBUG] [Move 35] MINIMAX: Root move 43: flip eval=4.200000
[10:49:01.065] [DEBUG] [Move 35] MINIMAX: Root move 44: flip eval=4.200000
[10:49:01.066] [DEBUG] [Move 35] MINIMAX: Root move 45: move eval=4.200000
[10:49:01.067] [DEBUG] [Move 35] MINIMAX: Root move 46: move eval=4.200000
[10:49:01.067] [DEBUG] [Move 35] MINIMAX: Root move 47: move eval=4.200000
[10:49:01.068] [DEBUG] [Move 35] MINIMAX: Root move 48: flip eval=4.200000
[10:49:01.070] [DEBUG] [Move 35] MINIMAX: Root move 49: flip eval=4.200000
[10:49:01.071] [DEBUG] [Move 35] MINIMAX: Root move 50: move eval=4.200000
[10:49:01.072] [DEBUG] [Move 35] MINIMAX: Root move 51: push eval=4.200000
[10:49:01.073] [DEBUG] [Move 35] MINIMAX: Root move 52: flip eval=4.200000
[10:49:01.074] [DEBUG] [Move 35] MINIMAX: Root move 53: flip eval=4.200000
[10:49:01.075] [DEBUG] [Move 35] MINIMAX: Root move 54: move eval=4.200000
[10:49:01.076] [DEBUG] [Move 35] MINIMAX: Root move 55: move eval=4.200000
[10:49:01.077] [DEBUG] [Move 35] MINIMAX: Root move 56: move eval=4.200000
[10:49:01.078] [DEBUG] [Move 35] MINIMAX: Root move 57: move eval=4.200000
[10:49:01.079] [DEBUG] [Move 35] MINIMAX: Root move 58: move eval=4.200000
[10:49:01.080] [DEBUG] [Move 35] MINIMAX: Root move 59: move eval=4.200000
[10:49:01.081] [DEBUG] [Move 35] MINIMAX: Root move 60: flip eval=4.200000
[10:49:01.082] [DEBUG] [Move 35] MINIMAX: Root move 61: flip eval=4.200000
[10:49:01.083] [DEBUG] [Move 35] MINIMAX: Root move 62: move eval=4.200000
[10:49:01.084] [DEBUG] [Move 35] MINIMAX: Root move 63: move eval=4.200000
[10:49:01.085] [DEBUG] [Move 35] MINIMAX: Root move 64: move eval=4.200000
[10:49:01.086] [DEBUG] [Move 35] MINIMAX: Root move 65: move eval=4.200000
[10:49:01.088] [DEBUG] [Move 35] MINIMAX: Root move 66: move eval=4.200000
[10:49:01.088] [DEBUG] [Move 35] MINIMAX: Root move 67: move eval=4.200000
[10:49:01.089] [DEBUG] [Move 35] MINIMAX: Root move 68: move eval=4.200000
[10:49:01.090] [DEBUG] [Move 35] MINIMAX: Root move 69: move eval=4.200000
[10:49:01.092] [DEBUG] [Move 35] MINIMAX: Root move 70: move eval=4.200000
[10:49:01.093] [DEBUG] [Move 35] MINIMAX: Root move 71: move eval=4.200000
[10:49:01.094] [DEBUG] [Move 35] MINIMAX: Root move 72: move eval=4.200000
[10:49:01.095] [DEBUG] [Move 35] MINIMAX: Root move 73: move eval=4.200000
[10:49:01.095] [DEBUG] [Move 35] MINIMAX: Root move 74: move eval=4.200000
[10:49:01.096] [DEBUG] [Move 35] MINIMAX: Root move 75: move eval=4.200000
[10:49:01.097] [DEBUG] [Move 35] MINIMAX: Root move 76: move eval=4.200000
[10:49:01.098] [DEBUG] [Move 35] MINIMAX: Root move 77: move eval=4.200000
[10:49:01.099] [DEBUG] [Move 35] MINIMAX: Root move 78: move eval=4.200000
[10:49:01.100] [DEBUG] [Move 35] MINIMAX: Root move 79: flip eval=4.200000
[10:49:01.101] [DEBUG] [Move 35] MINIMAX: Root move 80: flip eval=4.200000
[10:49:01.102] [DEBUG] [Move 35] MINIMAX: Root move 81: move eval=4.200000
[10:49:01.103] [DEBUG] [Move 35] MINIMAX: Root move 82: move eval=4.200000
[10:49:01.104] [DEBUG] [Move 35] MINIMAX: Root move 83: push eval=4.200000
[10:49:01.104] [DEBUG] [Move 35] MINIMAX: Root move 84: push eval=4.200000
[10:49:01.104] [DEBUG] [Move 35] MINIMAX: Root move 85: push eval=4.200000
[10:49:01.104] [DEBUG] [Move 35] MINIMAX: Root move 86: push eval=4.200000
[10:49:01.104] [DEBUG] [Move 35] MINIMAX: Root move 87: push eval=4.200000
[10:49:01.104] [DEBUG] [Move 35] MINIMAX: Root move 88: push eval=4.200000
[10:49:01.104] [DEBUG] [Move 35] MINIMAX: Root move 89: push eval=4.200000
[10:49:01.104] [DEBUG] [Move 35] MINIMAX: Root move 90: push eval=4.200000
[10:49:01.104] [DEBUG] [Move 35] MINIMAX: Root move 91: push eval=4.200000
[10:49:01.104] [DEBUG] [Move 35] MINIMAX: Root move 92: push eval=4.200000
[10:49:01.104] [DEBUG] [Move 35] MINIMAX: Root move 93: push eval=4.200000
[10:49:01.104] [DEBUG] [Move 35] MINIMAX: Root move 94: push eval=4.200000
[10:49:01.104] [DEBUG] [Move 35] MINIMAX: Root move 95: push eval=4.200000
[10:49:01.104] [DEBUG] [Move 35] MINIMAX: Root move 96: push eval=4.200000
[10:49:01.104] [DEBUG] [Move 35] MINIMAX: Root move 97: push eval=4.200000
[10:49:01.104] [DEBUG] [Move 35] MINIMAX: Root move 98: push eval=4.200000
[10:49:01.105] [DEBUG] [Move 35] MINIMAX: Root move 99: push eval=4.200000
[10:49:01.105] [DEBUG] [Move 35] MINIMAX: Root move 100: push eval=4.200000
[10:49:01.105] [DEBUG] [Move 35] MINIMAX: Root move 101: push eval=4.200000
[10:49:01.105] [DEBUG] [Move 35] MINIMAX: Root move 102: push eval=4.200000
[10:49:01.105] [DEBUG] [Move 35] MINIMAX: Root move 103: push eval=4.200000
[10:49:01.105] [DEBUG] [Move 35] MINIMAX: Root move 104: push eval=4.200000
[10:49:01.105] [DEBUG] [Move 35] MINIMAX: Root move 105: push eval=4.200000
[10:49:01.105] [DEBUG] [Move 35] MINIMAX: Root move 106: push eval=4.200000
[10:49:01.105] [DEBUG] [Move 35] MINIMAX: Root move 107: push eval=4.200000
[10:49:01.105] [DEBUG] [Move 35] MINIMAX: Root move 108: push eval=4.200000
[10:49:01.105] [DEBUG] [Move 35] MINIMAX: Root move 109: push eval=4.200000
[10:49:01.105] [DEBUG] [Move 35] MINIMAX: Root move 110: push eval=4.200000
[10:49:01.105] [DEBUG] [Move 35] MINIMAX: Root move 111: push eval=4.200000
[10:49:01.105] [DEBUG] [Move 35] MINIMAX: Root move 112: push eval=4.200000
[10:49:01.105] [DEBUG] [Move 35] MINIMAX: Root move 113: push eval=4.200000
[10:49:01.105] [DEBUG] [Move 35] MINIMAX: Root move 114: push eval=4.200000
[10:49:01.106] [DEBUG] [Move 35] MINIMAX: Root move 115: flip eval=4.200000
[10:49:01.107] [DEBUG] [Move 35] MINIMAX: Root move 116: rotate eval=4.200000
[10:49:01.108] [DEBUG] [Move 35] MINIMAX: Root move 117: move eval=4.200000
[10:49:01.109] [DEBUG] [Move 35] MINIMAX: Root move 118: move eval=4.200000
[10:49:01.110] [DEBUG] [Move 35] MINIMAX: Root move 119: move eval=4.200000
[10:49:01.111] [DEBUG] [Move 35] MINIMAX: Root move 120: move eval=4.200000
[10:49:01.112] [DEBUG] [Move 35] MINIMAX: Root move 121: flip eval=4.200000
[10:49:01.113] [DEBUG] [Move 35] MINIMAX: Root move 122: flip eval=4.200000
[10:49:01.114] [DEBUG] [Move 35] MINIMAX: Root search complete - evaluated=122/122, cutoffs=0
[10:49:01.114] [DEBUG] [Move 35] MINIMAX: Depth 2 completed, nodes=348, eval=4.200000, move=move
[10:49:01.114] [INFO] [Move 35] MINIMAX: Best move changed from move to move (eval: -4.900001 -> 4.200000)
[10:49:01.114] [DEBUG] [Move 35] MINIMAX: Searching at depth 3
[10:49:01.117] [DEBUG] [Move 35] MINIMAX: Root move 1: move eval=-1000000.000000
[10:49:01.118] [DEBUG] [Move 35] MINIMAX: Root move 2: move eval=1000000.000000
[10:49:01.118] [DEBUG] [Move 35] MINIMAX: Alpha improved at root: -1000000.000000 -> 1000000.000000
[10:49:01.118] [DEBUG] [Move 35] MINIMAX: Root beta cutoff! Remaining 120 moves pruned
[10:49:01.118] [DEBUG] [Move 35] MINIMAX: Root search complete - evaluated=2/122, cutoffs=1
[10:49:01.118] [DEBUG] [Move 35] MINIMAX: Depth 3 completed, nodes=127, eval=1000000.000000, move=move
[10:49:01.118] [DEBUG] [Move 35] MINIMAX: Found winning position, stopping early
[10:49:01.118] [INFO] [Move 35] MINIMAX: Search complete - depth=3, nodes=597, TT_size=238217, time=0.100000s
[10:49:01.119] [DEBUG] [Move 35] VALIDATION DEBUG: Generated 122 legal moves for validation
[10:49:01.119] [DEBUG] [Move 35] VALIDATION DEBUG: Minimax returned move: move (0,1) -> (0,2)
[10:49:01.119] [DEBUG] [Move 35] VALIDATION DEBUG: Legal move 1: move (0,1) -> (0,0)
[10:49:01.119] [DEBUG] [Move 35] VALIDATION DEBUG: Legal move 2: move (0,1) -> (0,2)
[10:49:01.119] [DEBUG] [Move 35] VALIDATION DEBUG: Legal move 3: move (0,1) -> (1,1)
[10:49:01.119] [DEBUG] [Move 35] VALIDATION DEBUG: Legal move 4: flip (0,1) -> (0,1)
[10:49:01.119] [DEBUG] [Move 35] VALIDATION DEBUG: Legal move 5: flip (0,1) -> (0,1)
[10:49:01.119] [DEBUG] [Move 35] VALIDATION DEBUG: Move found in legal moves - SUCCESS!
[10:49:01.119] [DECISION] [Move 35] FINAL DECISION: move (0,1) -> (0,2) | Reasoning: Minimax search
[10:49:01.119] [DECISION] [Move 35] === MOVE DECISION END ===
[10:49:01.156] [DECISION] [Move 36] === MOVE DECISION START === Player: square, Board: 13x12, Time: 0.253535s (vs 59.8771s)
[10:49:01.156] [DEBUG] [Move 36] MINIMAX: Starting search for square, time=0.253535s
[10:49:01.158] [DEBUG] [Move 36] MINIMAX: Found 104 legal moves at root
[10:49:01.158] [DEBUG] [Move 36] MINIMAX: Starting iterative deepening
[10:49:01.158] [DEBUG] [Move 36] MINIMAX: Searching at depth 1
[10:49:01.158] [DEBUG] [Move 36] MINIMAX: Root move 1: move eval=-4.900001
[10:49:01.158] [DEBUG] [Move 36] MINIMAX: Alpha improved at root: -1000000.000000 -> -4.900001
[10:49:01.158] [DEBUG] [Move 36] MINIMAX: Root move 2: move eval=-4.900001
[10:49:01.159] [DEBUG] [Move 36] MINIMAX: Root move 3: move eval=-4.900001
[10:49:01.159] [DEBUG] [Move 36] MINIMAX: Root move 4: flip eval=-4.900001
[10:49:01.159] [DEBUG] [Move 36] MINIMAX: Root move 5: flip eval=-4.900001
[10:49:01.159] [DEBUG] [Move 36] MINIMAX: Root move 6: move eval=-4.900001
[10:49:01.159] [DEBUG] [Move 36] MINIMAX: Root move 7: push eval=-4.900001
[10:49:01.159] [DEBUG] [Move 36] MINIMAX: Root move 8: flip eval=-4.900001
[10:49:01.159] [DEBUG] [Move 36] MINIMAX: Root move 9: flip eval=-4.900001
[10:49:01.159] [DEBUG] [Move 36] MINIMAX: Root move 10: push eval=-4.900001
[10:49:01.159] [DEBUG] [Move 36] MINIMAX: Root move 11: push eval=-4.900001
[10:49:01.159] [DEBUG] [Move 36] MINIMAX: Root move 12: push eval=-4.900001
[10:49:01.159] [DEBUG] [Move 36] MINIMAX: Root move 13: flip eval=-4.900001
[10:49:01.159] [DEBUG] [Move 36] MINIMAX: Root move 14: rotate eval=-4.900001
[10:49:01.159] [DEBUG] [Move 36] MINIMAX: Root move 15: push eval=-4.900001
[10:49:01.159] [DEBUG] [Move 36] MINIMAX: Root move 16: flip eval=-4.900001
[10:49:01.159] [DEBUG] [Move 36] MINIMAX: Root move 17: flip eval=-4.900001
[10:49:01.159] [DEBUG] [Move 36] MINIMAX: Root move 18: move eval=-4.900001
[10:49:01.159] [DEBUG] [Move 36] MINIMAX: Root move 19: move eval=-4.900001
[10:49:01.159] [DEBUG] [Move 36] MINIMAX: Root move 20: move eval=-4.900001
[10:49:01.159] [DEBUG] [Move 36] MINIMAX: Root move 21: move eval=-4.900001
[10:49:01.159] [DEBUG] [Move 36] MINIMAX: Root move 22: move eval=-4.900001
[10:49:01.159] [DEBUG] [Move 36] MINIMAX: Root move 23: move eval=-4.900001
[10:49:01.159] [DEBUG] [Move 36] MINIMAX: Root move 24: move eval=-4.900001
[10:49:01.159] [DEBUG] [Move 36] MINIMAX: Root move 25: move eval=-4.900001
[10:49:01.159] [DEBUG] [Move 36] MINIMAX: Root move 26: move eval=-4.900001
[10:49:01.159] [DEBUG] [Move 36] MINIMAX: Root move 27: move eval=-4.900001
[10:49:01.159] [DEBUG] [Move 36] MINIMAX: Root move 28: move eval=-4.900001
[10:49:01.159] [DEBUG] [Move 36] MINIMAX: Root move 29: move eval=-4.900001
[10:49:01.159] [DEBUG] [Move 36] MINIMAX: Root move 30: move eval=-4.900001
[10:49:01.159] [DEBUG] [Move 36] MINIMAX: Root move 31: push eval=-4.900001
[10:49:01.159] [DEBUG] [Move 36] MINIMAX: Root move 32: flip eval=-4.900001
[10:49:01.159] [DEBUG] [Move 36] MINIMAX: Root move 33: flip eval=-4.900001
[10:49:01.159] [DEBUG] [Move 36] MINIMAX: Root move 34: move eval=-4.900001
[10:49:01.159] [DEBUG] [Move 36] MINIMAX: Root move 35: move eval=-4.900001
[10:49:01.159] [DEBUG] [Move 36] MINIMAX: Root move 36: move eval=-4.900001
[10:49:01.159] [DEBUG] [Move 36] MINIMAX: Root move 37: flip eval=-4.900001
[10:49:01.159] [DEBUG] [Move 36] MINIMAX: Root move 38: flip eval=-4.900001
[10:49:01.159] [DEBUG] [Move 36] MINIMAX: Root move 39: move eval=-4.900001
[10:49:01.159] [DEBUG] [Move 36] MINIMAX: Root move 40: move eval=-4.900001
[10:49:01.159] [DEBUG] [Move 36] MINIMAX: Root move 41: move eval=-4.900001
[10:49:01.159] [DEBUG] [Move 36] MINIMAX: Root move 42: flip eval=-4.900001
[10:49:01.159] [DEBUG] [Move 36] MINIMAX: Root move 43: flip eval=-4.900001
[10:49:01.159] [DEBUG] [Move 36] MINIMAX: Root move 44: move eval=-4.900001
[10:49:01.160] [DEBUG] [Move 36] MINIMAX: Root move 45: push eval=-4.900001
[10:49:01.160] [DEBUG] [Move 36] MINIMAX: Root move 46: flip eval=-4.900001
[10:49:01.160] [DEBUG] [Move 36] MINIMAX: Root move 47: flip eval=-4.900001
[10:49:01.160] [DEBUG] [Move 36] MINIMAX: Root move 48: move eval=-4.900001
[10:49:01.160] [DEBUG] [Move 36] MINIMAX: Root move 49: move eval=-4.900001
[10:49:01.160] [DEBUG] [Move 36] MINIMAX: Root move 50: move eval=-4.900001
[10:49:01.160] [DEBUG] [Move 36] MINIMAX: Root move 51: flip eval=-4.900001
[10:49:01.160] [DEBUG] [Move 36] MINIMAX: Root move 52: flip eval=-4.900001
[10:49:01.160] [DEBUG] [Move 36] MINIMAX: Root move 53: move eval=-4.900001
[10:49:01.160] [DEBUG] [Move 36] MINIMAX: Root move 54: move eval=-4.900001
[10:49:01.160] [DEBUG] [Move 36] MINIMAX: Root move 55: move eval=-4.900001
[10:49:01.160] [DEBUG] [Move 36] MINIMAX: Root move 56: move eval=-4.900001
[10:49:01.160] [DEBUG] [Move 36] MINIMAX: Root move 57: move eval=-4.900001
[10:49:01.160] [DEBUG] [Move 36] MINIMAX: Root move 58: move eval=-4.900001
[10:49:01.160] [DEBUG] [Move 36] MINIMAX: Root move 59: move eval=-4.900001
[10:49:01.160] [DEBUG] [Move 36] MINIMAX: Root move 60: move eval=-4.900001
[10:49:01.160] [DEBUG] [Move 36] MINIMAX: Root move 61: move eval=-4.900001
[10:49:01.160] [DEBUG] [Move 36] MINIMAX: Root move 62: move eval=-4.900001
[10:49:01.160] [DEBUG] [Move 36] MINIMAX: Root move 63: move eval=-4.900001
[10:49:01.160] [DEBUG] [Move 36] MINIMAX: Root move 64: move eval=-4.900001
[10:49:01.160] [DEBUG] [Move 36] MINIMAX: Root move 65: move eval=-4.900001
[10:49:01.160] [DEBUG] [Move 36] MINIMAX: Root move 66: move eval=-4.900001
[10:49:01.160] [DEBUG] [Move 36] MINIMAX: Root move 67: flip eval=-4.900001
[10:49:01.160] [DEBUG] [Move 36] MINIMAX: Root move 68: flip eval=-4.900001
[10:49:01.160] [DEBUG] [Move 36] MINIMAX: Root move 69: move eval=-4.900001
[10:49:01.160] [DEBUG] [Move 36] MINIMAX: Root move 70: move eval=-4.900001
[10:49:01.160] [DEBUG] [Move 36] MINIMAX: Root move 71: push eval=-4.900001
[10:49:01.160] [DEBUG] [Move 36] MINIMAX: Root move 72: push eval=-4.900001
[10:49:01.160] [DEBUG] [Move 36] MINIMAX: Root move 73: push eval=-4.900001
[10:49:01.160] [DEBUG] [Move 36] MINIMAX: Root move 74: push eval=-4.900001
[10:49:01.160] [DEBUG] [Move 36] MINIMAX: Root move 75: push eval=-4.900001
[10:49:01.160] [DEBUG] [Move 36] MINIMAX: Root move 76: push eval=-4.900001
[10:49:01.160] [DEBUG] [Move 36] MINIMAX: Root move 77: push eval=-4.900001
[10:49:01.160] [DEBUG] [Move 36] MINIMAX: Root move 78: push eval=-4.900001
[10:49:01.160] [DEBUG] [Move 36] MINIMAX: Root move 79: push eval=-4.900001
[10:49:01.160] [DEBUG] [Move 36] MINIMAX: Root move 80: push eval=-4.900001
[10:49:01.160] [DEBUG] [Move 36] MINIMAX: Root move 81: push eval=-4.900001
[10:49:01.160] [DEBUG] [Move 36] MINIMAX: Root move 82: push eval=-4.900001
[10:49:01.160] [DEBUG] [Move 36] MINIMAX: Root move 83: push eval=-4.900001
[10:49:01.160] [DEBUG] [Move 36] MINIMAX: Root move 84: push eval=-4.900001
[10:49:01.160] [DEBUG] [Move 36] MINIMAX: Root move 85: push eval=-4.900001
[10:49:01.160] [DEBUG] [Move 36] MINIMAX: Root move 86: push eval=-4.900001
[10:49:01.160] [DEBUG] [Move 36] MINIMAX: Root move 87: push eval=-4.900001
[10:49:01.160] [DEBUG] [Move 36] MINIMAX: Root move 88: push eval=-4.900001
[10:49:01.160] [DEBUG] [Move 36] MINIMAX: Root move 89: push eval=-4.900001
[10:49:01.160] [DEBUG] [Move 36] MINIMAX: Root move 90: push eval=-4.900001
[10:49:01.160] [DEBUG] [Move 36] MINIMAX: Root move 91: push eval=-4.900001
[10:49:01.160] [DEBUG] [Move 36] MINIMAX: Root move 92: push eval=-4.900001
[10:49:01.161] [DEBUG] [Move 36] MINIMAX: Root move 93: push eval=-4.900001
[10:49:01.161] [DEBUG] [Move 36] MINIMAX: Root move 94: push eval=-4.900001
[10:49:01.161] [DEBUG] [Move 36] MINIMAX: Root move 95: push eval=-4.900001
[10:49:01.161] [DEBUG] [Move 36] MINIMAX: Root move 96: push eval=-4.900001
[10:49:01.161] [DEBUG] [Move 36] MINIMAX: Root move 97: flip eval=-4.900001
[10:49:01.161] [DEBUG] [Move 36] MINIMAX: Root move 98: rotate eval=-4.900001
[10:49:01.161] [DEBUG] [Move 36] MINIMAX: Root move 99: move eval=-4.900001
[10:49:01.161] [DEBUG] [Move 36] MINIMAX: Root move 100: move eval=-4.900001
[10:49:01.161] [DEBUG] [Move 36] MINIMAX: Root move 101: move eval=-4.900001
[10:49:01.161] [DEBUG] [Move 36] MINIMAX: Root move 102: move eval=-4.900001
[10:49:01.161] [DEBUG] [Move 36] MINIMAX: Root move 103: flip eval=-4.900001
[10:49:01.161] [DEBUG] [Move 36] MINIMAX: Root move 104: flip eval=-4.900001
[10:49:01.161] [DEBUG] [Move 36] MINIMAX: Root search complete - evaluated=104/104, cutoffs=0
[10:49:01.161] [DEBUG] [Move 36] MINIMAX: Depth 1 completed, nodes=104, eval=-4.900001, move=move
[10:49:01.161] [DEBUG] [Move 36] MINIMAX: Searching at depth 2
[10:49:01.165] [DEBUG] [Move 36] MINIMAX: Root move 1: move eval=-4.900001
[10:49:01.165] [DEBUG] [Move 36] MINIMAX: Alpha improved at root: -1000000.000000 -> -4.900001
[10:49:01.168] [DEBUG] [Move 36] MINIMAX: Root move 2: move eval=4.200000
[10:49:01.168] [DEBUG] [Move 36] MINIMAX: Alpha improved at root: -4.900001 -> 4.200000
[10:49:01.170] [DEBUG] [Move 36] MINIMAX: Root move 3: move eval=4.200000
[10:49:01.172] [DEBUG] [Move 36] MINIMAX: Root move 4: flip eval=4.200000
[10:49:01.173] [DEBUG] [Move 36] MINIMAX: Root move 5: flip eval=4.200000
[10:49:01.175] [DEBUG] [Move 36] MINIMAX: Root move 6: move eval=4.200000
[10:49:01.177] [DEBUG] [Move 36] MINIMAX: Root move 7: push eval=4.200000
[10:49:01.178] [DEBUG] [Move 36] MINIMAX: Root move 8: flip eval=4.200000
[10:49:01.179] [DEBUG] [Move 36] MINIMAX: Root move 9: flip eval=4.200000
[10:49:01.180] [DEBUG] [Move 36] MINIMAX: Root move 10: push eval=4.200000
[10:49:01.180] [DEBUG] [Move 36] MINIMAX: Root move 11: push eval=4.200000
[10:49:01.180] [DEBUG] [Move 36] MINIMAX: Root move 12: push eval=4.200000
[10:49:01.181] [DEBUG] [Move 36] MINIMAX: Root move 13: flip eval=4.200000
[10:49:01.182] [DEBUG] [Move 36] MINIMAX: Root move 14: rotate eval=4.200000
[10:49:01.183] [DEBUG] [Move 36] MINIMAX: Root move 15: push eval=4.200000
[10:49:01.184] [DEBUG] [Move 36] MINIMAX: Root move 16: flip eval=4.200000
[10:49:01.185] [DEBUG] [Move 36] MINIMAX: Root move 17: flip eval=4.200000
[10:49:01.186] [DEBUG] [Move 36] MINIMAX: Root move 18: move eval=4.200000
[10:49:01.186] [DEBUG] [Move 36] MINIMAX: Root move 19: move eval=4.200000
[10:49:01.187] [DEBUG] [Move 36] MINIMAX: Root move 20: move eval=4.200000
[10:49:01.188] [DEBUG] [Move 36] MINIMAX: Root move 21: move eval=4.200000
[10:49:01.189] [DEBUG] [Move 36] MINIMAX: Root move 22: move eval=4.200000
[10:49:01.190] [DEBUG] [Move 36] MINIMAX: Root move 23: move eval=4.200000
[10:49:01.191] [DEBUG] [Move 36] MINIMAX: Root move 24: move eval=4.200000
[10:49:01.192] [DEBUG] [Move 36] MINIMAX: Root move 25: move eval=4.200000
[10:49:01.193] [DEBUG] [Move 36] MINIMAX: Root move 26: move eval=4.200000
[10:49:01.194] [DEBUG] [Move 36] MINIMAX: Root move 27: move eval=4.200000
[10:49:01.196] [DEBUG] [Move 36] MINIMAX: Root move 28: move eval=4.200000
[10:49:01.198] [DEBUG] [Move 36] MINIMAX: Root move 29: move eval=4.200000
[10:49:01.199] [DEBUG] [Move 36] MINIMAX: Root move 30: move eval=4.200000
[10:49:01.200] [DEBUG] [Move 36] MINIMAX: Root move 31: push eval=4.200000
[10:49:01.202] [DEBUG] [Move 36] MINIMAX: Root move 32: flip eval=4.200000
[10:49:01.203] [DEBUG] [Move 36] MINIMAX: Root move 33: flip eval=4.200000
[10:49:01.205] [DEBUG] [Move 36] MINIMAX: Root move 34: move eval=4.200000
[10:49:01.206] [DEBUG] [Move 36] MINIMAX: Root move 35: move eval=4.200000
[10:49:01.208] [DEBUG] [Move 36] MINIMAX: Root move 36: move eval=4.200000
[10:49:01.209] [DEBUG] [Move 36] MINIMAX: Root move 37: flip eval=4.200000
[10:49:01.211] [DEBUG] [Move 36] MINIMAX: Root move 38: flip eval=4.200000
[10:49:01.212] [DEBUG] [Move 36] MINIMAX: Root move 39: move eval=4.200000
[10:49:01.214] [DEBUG] [Move 36] MINIMAX: Root move 40: move eval=4.200000
[10:49:01.215] [DEBUG] [Move 36] MINIMAX: Root move 41: move eval=4.200000
[10:49:01.216] [DEBUG] [Move 36] MINIMAX: Root move 42: flip eval=4.200000
[10:49:01.218] [DEBUG] [Move 36] MINIMAX: Root move 43: flip eval=4.200000
[10:49:01.219] [DEBUG] [Move 36] MINIMAX: Root move 44: move eval=4.200000
[10:49:01.220] [DEBUG] [Move 36] MINIMAX: Root move 45: push eval=4.200000
[10:49:01.221] [DEBUG] [Move 36] MINIMAX: Root move 46: flip eval=4.200000
[10:49:01.222] [DEBUG] [Move 36] MINIMAX: Root move 47: flip eval=4.200000
[10:49:01.224] [DEBUG] [Move 36] MINIMAX: Root move 48: move eval=4.200000
[10:49:01.225] [DEBUG] [Move 36] MINIMAX: Root move 49: move eval=4.200000
[10:49:01.227] [DEBUG] [Move 36] MINIMAX: Root move 50: move eval=4.200000
[10:49:01.229] [DEBUG] [Move 36] MINIMAX: Root move 51: flip eval=4.200000
[10:49:01.231] [DEBUG] [Move 36] MINIMAX: Root move 52: flip eval=4.200000
[10:49:01.233] [DEBUG] [Move 36] MINIMAX: Root move 53: move eval=4.200000
[10:49:01.234] [DEBUG] [Move 36] MINIMAX: Root move 54: move eval=4.200000
[10:49:01.235] [DEBUG] [Move 36] MINIMAX: Root move 55: move eval=4.200000
[10:49:01.236] [DEBUG] [Move 36] MINIMAX: Root move 56: move eval=4.200000
[10:49:01.237] [DEBUG] [Move 36] MINIMAX: Root move 57: move eval=4.200000
[10:49:01.238] [DEBUG] [Move 36] MINIMAX: Root move 58: move eval=4.200000
[10:49:01.239] [DEBUG] [Move 36] MINIMAX: Root move 59: move eval=4.200000
[10:49:01.240] [DEBUG] [Move 36] MINIMAX: Root move 60: move eval=4.200000
[10:49:01.242] [DEBUG] [Move 36] MINIMAX: Root move 61: move eval=4.200000
[10:49:01.243] [DEBUG] [Move 36] MINIMAX: Root move 62: move eval=4.200000
[10:49:01.245] [DEBUG] [Move 36] MINIMAX: Root move 63: move eval=4.200000
[10:49:01.246] [DEBUG] [Move 36] MINIMAX: Root move 64: move eval=4.200000
[10:49:01.248] [DEBUG] [Move 36] MINIMAX: Root move 65: move eval=4.200000
[10:49:01.250] [DEBUG] [Move 36] MINIMAX: Root move 66: move eval=4.200000
[10:49:01.252] [DEBUG] [Move 36] MINIMAX: Root move 67: flip eval=4.200000
[10:49:01.253] [DEBUG] [Move 36] MINIMAX: Root move 68: flip eval=4.200000
[10:49:01.255] [DEBUG] [Move 36] MINIMAX: Root move 69: move eval=4.200000
[10:49:01.257] [DEBUG] [Move 36] MINIMAX: Root move 70: move eval=1000000.000000
[10:49:01.257] [DEBUG] [Move 36] MINIMAX: Alpha improved at root: 4.200000 -> 1000000.000000
[10:49:01.257] [DEBUG] [Move 36] MINIMAX: Root beta cutoff! Remaining 34 moves pruned
[10:49:01.257] [DEBUG] [Move 36] MINIMAX: Root search complete - evaluated=70/104, cutoffs=1
[10:49:01.257] [DEBUG] [Move 36] MINIMAX: Depth 2 completed, nodes=441, eval=1000000.000000, move=move
[10:49:01.257] [INFO] [Move 36] MINIMAX: Best move changed from move to move (eval: -4.900001 -> 1000000.000000)
[10:49:01.257] [DEBUG] [Move 36] MINIMAX: Found winning position, stopping early
[10:49:01.257] [INFO] [Move 36] MINIMAX: Search complete - depth=2, nodes=545, TT_size=238628, time=0.100000s
[10:49:01.259] [DEBUG] [Move 36] VALIDATION DEBUG: Generated 104 legal moves for validation
[10:49:01.259] [DEBUG] [Move 36] VALIDATION DEBUG: Minimax returned move: move (7,4) -> (8,4)
[10:49:01.259] [DEBUG] [Move 36] VALIDATION DEBUG: Legal move 1: move (0,2) -> (0,1)
[10:49:01.259] [DEBUG] [Move 36] VALIDATION DEBUG: Legal move 2: move (0,2) -> (0,3)
[10:49:01.259] [DEBUG] [Move 36] VALIDATION DEBUG: Legal move 3: move (0,2) -> (1,2)
[10:49:01.259] [DEBUG] [Move 36] VALIDATION DEBUG: Legal move 4: flip (0,2) -> (0,2)
[10:49:01.259] [DEBUG] [Move 36] VALIDATION DEBUG: Legal move 5: flip (0,2) -> (0,2)
[10:49:01.259] [DEBUG] [Move 36] VALIDATION DEBUG: Move found in legal moves - SUCCESS!
[10:49:01.259] [DECISION] [Move 36] FINAL DECISION: move (7,4) -> (8,4) | Reasoning: Minimax search
[10:49:01.259] [DECISION] [Move 36] === MOVE DECISION END ===
[10:49:01.298] [DECISION] [Move 37] === MOVE DECISION START === Player: square, Board: 13x12, Time: 0.149803s (vs 59.8724s)
[10:49:01.298] [DEBUG] [Move 37] MINIMAX: Starting search for square, time=0.149803s
[10:49:01.300] [DEBUG] [Move 37] MINIMAX: Found 72 legal moves at root
[10:49:01.301] [DEBUG] [Move 37] MINIMAX: Starting iterative deepening
[10:49:01.301] [DEBUG] [Move 37] MINIMAX: Searching at depth 1
[10:49:01.301] [DEBUG] [Move 37] MINIMAX: Root move 1: move eval=-4.900001
[10:49:01.301] [DEBUG] [Move 37] MINIMAX: Alpha improved at root: -1000000.000000 -> -4.900001
[10:49:01.301] [DEBUG] [Move 37] MINIMAX: Root move 2: move eval=-4.900001
[10:49:01.301] [DEBUG] [Move 37] MINIMAX: Root move 3: move eval=-4.900001
[10:49:01.301] [DEBUG] [Move 37] MINIMAX: Root move 4: flip eval=-4.900001
[10:49:01.301] [DEBUG] [Move 37] MINIMAX: Root move 5: flip eval=-4.900001
[10:49:01.301] [DEBUG] [Move 37] MINIMAX: Root move 6: move eval=-4.900001
[10:49:01.301] [DEBUG] [Move 37] MINIMAX: Root move 7: push eval=-4.900001
[10:49:01.301] [DEBUG] [Move 37] MINIMAX: Root move 8: flip eval=-4.900001
[10:49:01.301] [DEBUG] [Move 37] MINIMAX: Root move 9: flip eval=-4.900001
[10:49:01.301] [DEBUG] [Move 37] MINIMAX: Root move 10: push eval=-4.900001
[10:49:01.301] [DEBUG] [Move 37] MINIMAX: Root move 11: push eval=-4.900001
[10:49:01.301] [DEBUG] [Move 37] MINIMAX: Root move 12: push eval=-4.900001
[10:49:01.301] [DEBUG] [Move 37] MINIMAX: Root move 13: flip eval=-4.900001
[10:49:01.301] [DEBUG] [Move 37] MINIMAX: Root move 14: rotate eval=-4.900001
[10:49:01.301] [DEBUG] [Move 37] MINIMAX: Root move 15: push eval=-4.900001
[10:49:01.301] [DEBUG] [Move 37] MINIMAX: Root move 16: flip eval=-4.900001
[10:49:01.301] [DEBUG] [Move 37] MINIMAX: Root move 17: flip eval=-4.900001
[10:49:01.301] [DEBUG] [Move 37] MINIMAX: Root move 18: move eval=-4.900001
[10:49:01.302] [DEBUG] [Move 37] MINIMAX: Root move 19: push eval=-4.900001
[10:49:01.302] [DEBUG] [Move 37] MINIMAX: Root move 20: flip eval=-4.900001
[10:49:01.302] [DEBUG] [Move 37] MINIMAX: Root move 21: flip eval=-4.900001
[10:49:01.302] [DEBUG] [Move 37] MINIMAX: Root move 22: move eval=-4.900001
[10:49:01.302] [DEBUG] [Move 37] MINIMAX: Root move 23: move eval=-4.900001
[10:49:01.302] [DEBUG] [Move 37] MINIMAX: Root move 24: move eval=-4.900001
[10:49:01.302] [DEBUG] [Move 37] MINIMAX: Root move 25: move eval=-4.900001
[10:49:01.302] [DEBUG] [Move 37] MINIMAX: Root move 26: move eval=-4.900001
[10:49:01.302] [DEBUG] [Move 37] MINIMAX: Root move 27: move eval=-4.900001
[10:49:01.302] [DEBUG] [Move 37] MINIMAX: Root move 28: move eval=-4.900001
[10:49:01.302] [DEBUG] [Move 37] MINIMAX: Root move 29: move eval=-4.900001
[10:49:01.302] [DEBUG] [Move 37] MINIMAX: Root move 30: move eval=-4.900001
[10:49:01.302] [DEBUG] [Move 37] MINIMAX: Root move 31: move eval=-4.900001
[10:49:01.302] [DEBUG] [Move 37] MINIMAX: Root move 32: flip eval=-4.900001
[10:49:01.302] [DEBUG] [Move 37] MINIMAX: Root move 33: flip eval=-4.900001
[10:49:01.302] [DEBUG] [Move 37] MINIMAX: Root move 34: move eval=-4.900001
[10:49:01.302] [DEBUG] [Move 37] MINIMAX: Root move 35: move eval=-4.900001
[10:49:01.302] [DEBUG] [Move 37] MINIMAX: Root move 36: move eval=-4.900001
[10:49:01.302] [DEBUG] [Move 37] MINIMAX: Root move 37: flip eval=-4.900001
[10:49:01.302] [DEBUG] [Move 37] MINIMAX: Root move 38: flip eval=-4.900001
[10:49:01.302] [DEBUG] [Move 37] MINIMAX: Root move 39: move eval=-4.900001
[10:49:01.302] [DEBUG] [Move 37] MINIMAX: Root move 40: push eval=-4.900001
[10:49:01.302] [DEBUG] [Move 37] MINIMAX: Root move 41: flip eval=-4.900001
[10:49:01.302] [DEBUG] [Move 37] MINIMAX: Root move 42: flip eval=-4.900001
[10:49:01.302] [DEBUG] [Move 37] MINIMAX: Root move 43: move eval=-4.900001
[10:49:01.302] [DEBUG] [Move 37] MINIMAX: Root move 44: move eval=-4.900001
[10:49:01.302] [DEBUG] [Move 37] MINIMAX: Root move 45: move eval=-4.900001
[10:49:01.302] [DEBUG] [Move 37] MINIMAX: Root move 46: push eval=-4.900001
[10:49:01.302] [DEBUG] [Move 37] MINIMAX: Root move 47: flip eval=-4.900001
[10:49:01.302] [DEBUG] [Move 37] MINIMAX: Root move 48: flip eval=-4.900001
[10:49:01.302] [DEBUG] [Move 37] MINIMAX: Root move 49: move eval=-4.900001
[10:49:01.302] [DEBUG] [Move 37] MINIMAX: Root move 50: move eval=-4.900001
[10:49:01.302] [DEBUG] [Move 37] MINIMAX: Root move 51: flip eval=-4.900001
[10:49:01.302] [DEBUG] [Move 37] MINIMAX: Root move 52: flip eval=-4.900001
[10:49:01.302] [DEBUG] [Move 37] MINIMAX: Root move 53: move eval=-4.900001
[10:49:01.302] [DEBUG] [Move 37] MINIMAX: Root move 54: move eval=-4.900001
[10:49:01.302] [DEBUG] [Move 37] MINIMAX: Root move 55: move eval=-4.900001
[10:49:01.302] [DEBUG] [Move 37] MINIMAX: Root move 56: push eval=-4.900001
[10:49:01.302] [DEBUG] [Move 37] MINIMAX: Root move 57: push eval=-4.900001
[10:49:01.302] [DEBUG] [Move 37] MINIMAX: Root move 58: push eval=-4.900001
[10:49:01.302] [DEBUG] [Move 37] MINIMAX: Root move 59: push eval=-4.900001
[10:49:01.302] [DEBUG] [Move 37] MINIMAX: Root move 60: push eval=-4.900001
[10:49:01.302] [DEBUG] [Move 37] MINIMAX: Root move 61: push eval=-4.900001
[10:49:01.302] [DEBUG] [Move 37] MINIMAX: Root move 62: push eval=-4.900001
[10:49:01.302] [DEBUG] [Move 37] MINIMAX: Root move 63: push eval=-4.900001
[10:49:01.303] [DEBUG] [Move 37] MINIMAX: Root move 64: push eval=-4.900001
[10:49:01.303] [DEBUG] [Move 37] MINIMAX: Root move 65: flip eval=-4.900001
[10:49:01.303] [DEBUG] [Move 37] MINIMAX: Root move 66: rotate eval=-4.900001
[10:49:01.303] [DEBUG] [Move 37] MINIMAX: Root move 67: move eval=-4.900001
[10:49:01.303] [DEBUG] [Move 37] MINIMAX: Root move 68: move eval=-4.900001
[10:49:01.303] [DEBUG] [Move 37] MINIMAX: Root move 69: move eval=-4.900001
[10:49:01.303] [DEBUG] [Move 37] MINIMAX: Root move 70: move eval=-4.900001
[10:49:01.303] [DEBUG] [Move 37] MINIMAX: Root move 71: flip eval=-4.900001
[10:49:01.303] [DEBUG] [Move 37] MINIMAX: Root move 72: flip eval=-4.900001
[10:49:01.303] [DEBUG] [Move 37] MINIMAX: Root search complete - evaluated=72/72, cutoffs=0
[10:49:01.303] [DEBUG] [Move 37] MINIMAX: Depth 1 completed, nodes=72, eval=-4.900001, move=move
[10:49:01.303] [DEBUG] [Move 37] MINIMAX: Searching at depth 2
[10:49:01.307] [DEBUG] [Move 37] MINIMAX: Root move 1: move eval=4.200000
[10:49:01.307] [DEBUG] [Move 37] MINIMAX: Alpha improved at root: -1000000.000000 -> 4.200000
[10:49:01.309] [DEBUG] [Move 37] MINIMAX: Root move 2: move eval=4.200000
[10:49:01.312] [DEBUG] [Move 37] MINIMAX: Root move 3: move eval=4.200000
[10:49:01.315] [DEBUG] [Move 37] MINIMAX: Root move 4: flip eval=4.200000
[10:49:01.317] [DEBUG] [Move 37] MINIMAX: Root move 5: flip eval=4.200000
[10:49:01.319] [DEBUG] [Move 37] MINIMAX: Root move 6: move eval=4.200000
[10:49:01.321] [DEBUG] [Move 37] MINIMAX: Root move 7: push eval=4.200000
[10:49:01.324] [DEBUG] [Move 37] MINIMAX: Root move 8: flip eval=4.200000
[10:49:01.326] [DEBUG] [Move 37] MINIMAX: Root move 9: flip eval=4.200000
[10:49:01.328] [DEBUG] [Move 37] MINIMAX: Root move 10: push eval=4.200000
[10:49:01.328] [DEBUG] [Move 37] MINIMAX: Root move 11: push eval=4.200000
[10:49:01.328] [DEBUG] [Move 37] MINIMAX: Root move 12: push eval=4.200000
[10:49:01.330] [DEBUG] [Move 37] MINIMAX: Root move 13: flip eval=4.200000
[10:49:01.332] [DEBUG] [Move 37] MINIMAX: Root move 14: rotate eval=4.200000
[10:49:01.334] [DEBUG] [Move 37] MINIMAX: Root move 15: push eval=4.200000
[10:49:01.337] [DEBUG] [Move 37] MINIMAX: Root move 16: flip eval=4.200000
[10:49:01.339] [DEBUG] [Move 37] MINIMAX: Root move 17: flip eval=4.200000
[10:49:01.341] [DEBUG] [Move 37] MINIMAX: Root move 18: move eval=4.200000
[10:49:01.343] [DEBUG] [Move 37] MINIMAX: Root move 19: push eval=4.200000
[10:49:01.345] [DEBUG] [Move 37] MINIMAX: Root move 20: flip eval=4.200000
[10:49:01.347] [DEBUG] [Move 37] MINIMAX: Root move 21: flip eval=4.200000
[10:49:01.349] [DEBUG] [Move 37] MINIMAX: Root move 22: move eval=4.200000
[10:49:01.351] [DEBUG] [Move 37] MINIMAX: Root move 23: move eval=4.200000
[10:49:01.353] [DEBUG] [Move 37] MINIMAX: Root move 24: move eval=4.200000
[10:49:01.354] [DEBUG] [Move 37] MINIMAX: Root move 25: move eval=4.200000
[10:49:01.356] [DEBUG] [Move 37] MINIMAX: Root move 26: move eval=4.200000
[10:49:01.357] [DEBUG] [Move 37] MINIMAX: Root move 27: move eval=4.200000
[10:49:01.359] [DEBUG] [Move 37] MINIMAX: Root move 28: move eval=4.200000
[10:49:01.360] [DEBUG] [Move 37] MINIMAX: Root move 29: move eval=4.200000
[10:49:01.361] [DEBUG] [Move 37] MINIMAX: Root move 30: move eval=4.200000
[10:49:01.362] [DEBUG] [Move 37] MINIMAX: Root move 31: move eval=4.200000
[10:49:01.363] [DEBUG] [Move 37] MINIMAX: Root move 32: flip eval=4.200000
[10:49:01.364] [DEBUG] [Move 37] MINIMAX: Root move 33: flip eval=4.200000
[10:49:01.365] [DEBUG] [Move 37] MINIMAX: Root move 34: move eval=4.200000
[10:49:01.366] [DEBUG] [Move 37] MINIMAX: Root move 35: move eval=4.200000
[10:49:01.367] [DEBUG] [Move 37] MINIMAX: Root move 36: move eval=4.200000
[10:49:01.368] [DEBUG] [Move 37] MINIMAX: Root move 37: flip eval=4.200000
[10:49:01.369] [DEBUG] [Move 37] MINIMAX: Root move 38: flip eval=4.200000
[10:49:01.370] [DEBUG] [Move 37] MINIMAX: Root move 39: move eval=4.200000
[10:49:01.371] [DEBUG] [Move 37] MINIMAX: Root move 40: push eval=4.200000
[10:49:01.372] [DEBUG] [Move 37] MINIMAX: Root move 41: flip eval=4.200000
[10:49:01.373] [DEBUG] [Move 37] MINIMAX: Root move 42: flip eval=4.200000
[10:49:01.374] [DEBUG] [Move 37] MINIMAX: Root move 43: move eval=1000000.000000
[10:49:01.374] [DEBUG] [Move 37] MINIMAX: Alpha improved at root: 4.200000 -> 1000000.000000
[10:49:01.374] [DEBUG] [Move 37] MINIMAX: Root beta cutoff! Remaining 29 moves pruned
[10:49:01.374] [DEBUG] [Move 37] MINIMAX: Root search complete - evaluated=43/72, cutoffs=1
[10:49:01.374] [DEBUG] [Move 37] MINIMAX: Depth 2 completed, nodes=233, eval=1000000.000000, move=move
[10:49:01.374] [INFO] [Move 37] MINIMAX: Best move changed from move to move (eval: -4.900001 -> 1000000.000000)
[10:49:01.374] [DEBUG] [Move 37] MINIMAX: Found winning position, stopping early
[10:49:01.374] [INFO] [Move 37] MINIMAX: Search complete - depth=2, nodes=305, TT_size=238863, time=0.075000s
[10:49:01.375] [DEBUG] [Move 37] VALIDATION DEBUG: Generated 72 legal moves for validation
[10:49:01.375] [DEBUG] [Move 37] VALIDATION DEBUG: Minimax returned move: move (5,4) -> (5,5)
[10:49:01.375] [DEBUG] [Move 37] VALIDATION DEBUG: Legal move 1: move (0,2) -> (0,1)
[10:49:01.375] [DEBUG] [Move 37] VALIDATION DEBUG: Legal move 2: move (0,2) -> (0,3)
[10:49:01.375] [DEBUG] [Move 37] VALIDATION DEBUG: Legal move 3: move (0,2) -> (1,2)
[10:49:01.375] [DEBUG] [Move 37] VALIDATION DEBUG: Legal move 4: flip (0,2) -> (0,2)
[10:49:01.375] [DEBUG] [Move 37] VALIDATION DEBUG: Legal move 5: flip (0,2) -> (0,2)
[10:49:01.375] [DEBUG] [Move 37] VALIDATION DEBUG: Move found in legal moves - SUCCESS!
[10:49:01.375] [DECISION] [Move 37] FINAL DECISION: move (5,4) -> (5,5) | Reasoning: Minimax search
[10:49:01.375] [DECISION] [Move 37] === MOVE DECISION END ===
[10:49:01.412] [DECISION] [Move 38] === MOVE DECISION START === Player: square, Board: 13x12, Time: 0.072535s (vs 59.8693s)
[10:49:01.412] [DEBUG] [Move 38] MINIMAX: Starting search for square, time=0.072535s
[10:49:01.414] [DEBUG] [Move 38] MINIMAX: Found 75 legal moves at root
[10:49:01.414] [DEBUG] [Move 38] MINIMAX: Starting iterative deepening
[10:49:01.414] [DEBUG] [Move 38] MINIMAX: Searching at depth 1
[10:49:01.414] [DEBUG] [Move 38] MINIMAX: Root move 1: move eval=-4.900001
[10:49:01.414] [DEBUG] [Move 38] MINIMAX: Alpha improved at root: -1000000.000000 -> -4.900001
[10:49:01.414] [DEBUG] [Move 38] MINIMAX: Root move 2: move eval=-4.900001
[10:49:01.414] [DEBUG] [Move 38] MINIMAX: Root move 3: move eval=-4.900001
[10:49:01.414] [DEBUG] [Move 38] MINIMAX: Root move 4: flip eval=-4.900001
[10:49:01.414] [DEBUG] [Move 38] MINIMAX: Root move 5: flip eval=-4.900001
[10:49:01.414] [DEBUG] [Move 38] MINIMAX: Root move 6: move eval=-4.900001
[10:49:01.414] [DEBUG] [Move 38] MINIMAX: Root move 7: move eval=-4.900001
[10:49:01.414] [DEBUG] [Move 38] MINIMAX: Root move 8: push eval=-4.900001
[10:49:01.414] [DEBUG] [Move 38] MINIMAX: Root move 9: flip eval=-4.900001
[10:49:01.414] [DEBUG] [Move 38] MINIMAX: Root move 10: flip eval=-4.900001
[10:49:01.414] [DEBUG] [Move 38] MINIMAX: Root move 11: move eval=-4.900001
[10:49:01.414] [DEBUG] [Move 38] MINIMAX: Root move 12: flip eval=-4.900001
[10:49:01.414] [DEBUG] [Move 38] MINIMAX: Root move 13: rotate eval=-4.900001
[10:49:01.414] [DEBUG] [Move 38] MINIMAX: Root move 14: move eval=-4.900001
[10:49:01.414] [DEBUG] [Move 38] MINIMAX: Root move 15: push eval=-4.900001
[10:49:01.414] [DEBUG] [Move 38] MINIMAX: Root move 16: flip eval=-4.900001
[10:49:01.414] [DEBUG] [Move 38] MINIMAX: Root move 17: flip eval=-4.900001
[10:49:01.414] [DEBUG] [Move 38] MINIMAX: Root move 18: move eval=-4.900001
[10:49:01.414] [DEBUG] [Move 38] MINIMAX: Root move 19: push eval=-4.900001
[10:49:01.414] [DEBUG] [Move 38] MINIMAX: Root move 20: flip eval=-4.900001
[10:49:01.414] [DEBUG] [Move 38] MINIMAX: Root move 21: flip eval=-4.900001
[10:49:01.415] [DEBUG] [Move 38] MINIMAX: Root move 22: move eval=-4.900001
[10:49:01.415] [DEBUG] [Move 38] MINIMAX: Root move 23: move eval=-4.900001
[10:49:01.415] [DEBUG] [Move 38] MINIMAX: Root move 24: move eval=-4.900001
[10:49:01.415] [DEBUG] [Move 38] MINIMAX: Root move 25: move eval=-4.900001
[10:49:01.415] [DEBUG] [Move 38] MINIMAX: Root move 26: move eval=-4.900001
[10:49:01.415] [DEBUG] [Move 38] MINIMAX: Root move 27: move eval=-4.900001
[10:49:01.415] [DEBUG] [Move 38] MINIMAX: Root move 28: move eval=-4.900001
[10:49:01.415] [DEBUG] [Move 38] MINIMAX: Root move 29: move eval=-4.900001
[10:49:01.415] [DEBUG] [Move 38] MINIMAX: Root move 30: move eval=-4.900001
[10:49:01.415] [DEBUG] [Move 38] MINIMAX: Root move 31: move eval=-4.900001
[10:49:01.415] [DEBUG] [Move 38] MINIMAX: Root move 32: flip eval=-4.900001
[10:49:01.415] [DEBUG] [Move 38] MINIMAX: Root move 33: flip eval=-4.900001
[10:49:01.415] [DEBUG] [Move 38] MINIMAX: Root move 34: move eval=-4.900001
[10:49:01.415] [DEBUG] [Move 38] MINIMAX: Root move 35: move eval=-4.900001
[10:49:01.415] [DEBUG] [Move 38] MINIMAX: Root move 36: move eval=-4.900001
[10:49:01.415] [DEBUG] [Move 38] MINIMAX: Root move 37: push eval=-4.900001
[10:49:01.415] [DEBUG] [Move 38] MINIMAX: Root move 38: flip eval=-4.900001
[10:49:01.415] [DEBUG] [Move 38] MINIMAX: Root move 39: flip eval=-4.900001
[10:49:01.415] [DEBUG] [Move 38] MINIMAX: Root move 40: move eval=-4.900001
[10:49:01.415] [DEBUG] [Move 38] MINIMAX: Root move 41: move eval=-4.900001
[10:49:01.415] [DEBUG] [Move 38] MINIMAX: Root move 42: push eval=-4.900001
[10:49:01.415] [DEBUG] [Move 38] MINIMAX: Root move 43: flip eval=-4.900001
[10:49:01.415] [DEBUG] [Move 38] MINIMAX: Root move 44: flip eval=-4.900001
[10:49:01.415] [DEBUG] [Move 38] MINIMAX: Root move 45: move eval=-4.900001
[10:49:01.415] [DEBUG] [Move 38] MINIMAX: Root move 46: move eval=-4.900001
[10:49:01.415] [DEBUG] [Move 38] MINIMAX: Root move 47: move eval=-4.900001
[10:49:01.415] [DEBUG] [Move 38] MINIMAX: Root move 48: flip eval=-4.900001
[10:49:01.415] [DEBUG] [Move 38] MINIMAX: Root move 49: flip eval=-4.900001
[10:49:01.415] [DEBUG] [Move 38] MINIMAX: Root move 50: move eval=-4.900001
[10:49:01.415] [DEBUG] [Move 38] MINIMAX: Root move 51: move eval=-4.900001
[10:49:01.415] [DEBUG] [Move 38] MINIMAX: Root move 52: move eval=-4.900001
[10:49:01.415] [DEBUG] [Move 38] MINIMAX: Root move 53: push eval=-4.900001
[10:49:01.415] [DEBUG] [Move 38] MINIMAX: Root move 54: push eval=-4.900001
[10:49:01.415] [DEBUG] [Move 38] MINIMAX: Root move 55: push eval=-4.900001
[10:49:01.416] [DEBUG] [Move 38] MINIMAX: Root move 56: push eval=-4.900001
[10:49:01.416] [DEBUG] [Move 38] MINIMAX: Root move 57: push eval=-4.900001
[10:49:01.416] [DEBUG] [Move 38] MINIMAX: Root move 58: push eval=-4.900001
[10:49:01.416] [DEBUG] [Move 38] MINIMAX: Root move 59: push eval=-4.900001
[10:49:01.416] [DEBUG] [Move 38] MINIMAX: Root move 60: push eval=-4.900001
[10:49:01.416] [DEBUG] [Move 38] MINIMAX: Root move 61: push eval=-4.900001
[10:49:01.416] [DEBUG] [Move 38] MINIMAX: Root move 62: flip eval=-4.900001
[10:49:01.416] [DEBUG] [Move 38] MINIMAX: Root move 63: rotate eval=-4.900001
[10:49:01.416] [DEBUG] [Move 38] MINIMAX: Root move 64: move eval=-4.900001
[10:49:01.416] [DEBUG] [Move 38] MINIMAX: Root move 65: move eval=-4.900001
[10:49:01.416] [DEBUG] [Move 38] MINIMAX: Root move 66: move eval=-4.900001
[10:49:01.416] [DEBUG] [Move 38] MINIMAX: Root move 67: move eval=-4.900001
[10:49:01.416] [DEBUG] [Move 38] MINIMAX: Root move 68: flip eval=-4.900001
[10:49:01.416] [DEBUG] [Move 38] MINIMAX: Root move 69: flip eval=-4.900001
[10:49:01.416] [DEBUG] [Move 38] MINIMAX: Root move 70: move eval=-4.900001
[10:49:01.416] [DEBUG] [Move 38] MINIMAX: Root move 71: move eval=-4.900001
[10:49:01.416] [DEBUG] [Move 38] MINIMAX: Root move 72: move eval=-4.900001
[10:49:01.416] [DEBUG] [Move 38] MINIMAX: Root move 73: move eval=-4.900001
[10:49:01.416] [DEBUG] [Move 38] MINIMAX: Root move 74: flip eval=-4.900001
[10:49:01.416] [DEBUG] [Move 38] MINIMAX: Root move 75: flip eval=-4.900001
[10:49:01.416] [DEBUG] [Move 38] MINIMAX: Root search complete - evaluated=75/75, cutoffs=0
[10:49:01.416] [DEBUG] [Move 38] MINIMAX: Depth 1 completed, nodes=75, eval=-4.900001, move=move
[10:49:01.416] [DEBUG] [Move 38] MINIMAX: Searching at depth 2
[10:49:01.420] [DEBUG] [Move 38] MINIMAX: Root move 1: move eval=4.200000
[10:49:01.420] [DEBUG] [Move 38] MINIMAX: Alpha improved at root: -1000000.000000 -> 4.200000
[10:49:01.422] [DEBUG] [Move 38] MINIMAX: Root move 2: move eval=4.200000
[10:49:01.423] [DEBUG] [Move 38] MINIMAX: Root move 3: move eval=4.200000
[10:49:01.425] [DEBUG] [Move 38] MINIMAX: Root move 4: flip eval=4.200000
[10:49:01.426] [DEBUG] [Move 38] MINIMAX: Root move 5: flip eval=4.200000
[10:49:01.427] [DEBUG] [Move 38] MINIMAX: Root move 6: move eval=4.200000
[10:49:01.428] [DEBUG] [Move 38] MINIMAX: Root move 7: move eval=4.200000
[10:49:01.429] [DEBUG] [Move 38] MINIMAX: Root move 8: push eval=4.200000
[10:49:01.430] [DEBUG] [Move 38] MINIMAX: Root move 9: flip eval=4.200000
[10:49:01.432] [DEBUG] [Move 38] MINIMAX: Root move 10: flip eval=4.200000
[10:49:01.433] [DEBUG] [Move 38] MINIMAX: Root move 11: move eval=4.200000
[10:49:01.435] [DEBUG] [Move 38] MINIMAX: Root move 12: flip eval=4.200000
[10:49:01.437] [DEBUG] [Move 38] MINIMAX: Root move 13: rotate eval=4.200000
[10:49:01.439] [DEBUG] [Move 38] MINIMAX: Root move 14: move eval=4.200000
[10:49:01.441] [DEBUG] [Move 38] MINIMAX: Root move 15: push eval=4.200000
[10:49:01.443] [DEBUG] [Move 38] MINIMAX: Root move 16: flip eval=4.200000
[10:49:01.444] [DEBUG] [Move 38] MINIMAX: Root move 17: flip eval=4.200000
[10:49:01.446] [DEBUG] [Move 38] MINIMAX: Root move 18: move eval=4.200000
[10:49:01.448] [DEBUG] [Move 38] MINIMAX: Root move 19: push eval=4.200000
[10:49:01.450] [DEBUG] [Move 38] MINIMAX: Root move 20: flip eval=1000000.000000
[10:49:01.450] [DEBUG] [Move 38] MINIMAX: Alpha improved at root: 4.200000 -> 1000000.000000
[10:49:01.450] [DEBUG] [Move 38] MINIMAX: Root beta cutoff! Remaining 55 moves pruned
[10:49:01.450] [DEBUG] [Move 38] MINIMAX: Root search complete - evaluated=20/75, cutoffs=1
[10:49:01.450] [DEBUG] [Move 38] MINIMAX: Depth 2 completed, nodes=192, eval=1000000.000000, move=flip
[10:49:01.450] [INFO] [Move 38] MINIMAX: Best move changed from move to flip (eval: -4.900001 -> 1000000.000000)
[10:49:01.450] [DEBUG] [Move 38] MINIMAX: Found winning position, stopping early
[10:49:01.450] [INFO] [Move 38] MINIMAX: Search complete - depth=2, nodes=267, TT_size=239084, time=0.037000s
[10:49:01.451] [DEBUG] [Move 38] VALIDATION DEBUG: Generated 75 legal moves for validation
[10:49:01.451] [DEBUG] [Move 38] VALIDATION DEBUG: Minimax returned move: flip (7,3) -> (7,3)
[10:49:01.451] [DEBUG] [Move 38] VALIDATION DEBUG: Legal move 1: move (0,2) -> (0,1)
[10:49:01.451] [DEBUG] [Move 38] VALIDATION DEBUG: Legal move 2: move (0,2) -> (0,3)
[10:49:01.451] [DEBUG] [Move 38] VALIDATION DEBUG: Legal move 3: move (0,2) -> (1,2)
[10:49:01.451] [DEBUG] [Move 38] VALIDATION DEBUG: Legal move 4: flip (0,2) -> (0,2)
[10:49:01.451] [DEBUG] [Move 38] VALIDATION DEBUG: Legal move 5: flip (0,2) -> (0,2)
[10:49:01.451] [DEBUG] [Move 38] VALIDATION DEBUG: Move found in legal moves - SUCCESS!
[10:49:01.451] [DECISION] [Move 38] FINAL DECISION: flip (7,3) -> (7,3) [horizontal] | Reasoning: Minimax search
[10:49:01.451] [DECISION] [Move 38] === MOVE DECISION END ===
[10:49:01.489] [DECISION] [Move 39] === MOVE DECISION START === Player: square, Board: 13x12, Time: 0.0327013s (vs 59.8654s)
[10:49:01.490] [DEBUG] [Move 39] MINIMAX: Starting search for square, time=0.032701s
[10:49:01.491] [DEBUG] [Move 39] MINIMAX: Found 80 legal moves at root
[10:49:01.492] [DEBUG] [Move 39] MINIMAX: Starting iterative deepening
[10:49:01.492] [DEBUG] [Move 39] MINIMAX: Searching at depth 1
[10:49:01.492] [DEBUG] [Move 39] MINIMAX: Root move 1: move eval=-4.900001
[10:49:01.492] [DEBUG] [Move 39] MINIMAX: Alpha improved at root: -1000000.000000 -> -4.900001
[10:49:01.492] [DEBUG] [Move 39] MINIMAX: Root move 2: move eval=-4.900001
[10:49:01.492] [DEBUG] [Move 39] MINIMAX: Root move 3: move eval=-4.900001
[10:49:01.492] [DEBUG] [Move 39] MINIMAX: Root move 4: flip eval=-4.900001
[10:49:01.492] [DEBUG] [Move 39] MINIMAX: Root move 5: flip eval=-4.900001
[10:49:01.492] [DEBUG] [Move 39] MINIMAX: Root move 6: move eval=-4.900001
[10:49:01.492] [DEBUG] [Move 39] MINIMAX: Root move 7: move eval=-4.900001
[10:49:01.492] [DEBUG] [Move 39] MINIMAX: Root move 8: push eval=-4.900001
[10:49:01.492] [DEBUG] [Move 39] MINIMAX: Root move 9: flip eval=-4.900001
[10:49:01.492] [DEBUG] [Move 39] MINIMAX: Root move 10: flip eval=-4.900001
[10:49:01.492] [DEBUG] [Move 39] MINIMAX: Root move 11: move eval=-4.900001
[10:49:01.492] [DEBUG] [Move 39] MINIMAX: Root move 12: flip eval=-4.900001
[10:49:01.492] [DEBUG] [Move 39] MINIMAX: Root move 13: rotate eval=-4.900001
[10:49:01.492] [DEBUG] [Move 39] MINIMAX: Root move 14: move eval=-4.900001
[10:49:01.492] [DEBUG] [Move 39] MINIMAX: Root move 15: push eval=-4.900001
[10:49:01.492] [DEBUG] [Move 39] MINIMAX: Root move 16: flip eval=-4.900001
[10:49:01.492] [DEBUG] [Move 39] MINIMAX: Root move 17: flip eval=-4.900001
[10:49:01.492] [DEBUG] [Move 39] MINIMAX: Root move 18: move eval=-4.900001
[10:49:01.492] [DEBUG] [Move 39] MINIMAX: Root move 19: push eval=-4.900001
[10:49:01.492] [DEBUG] [Move 39] MINIMAX: Root move 20: push eval=-4.900001
[10:49:01.492] [DEBUG] [Move 39] MINIMAX: Root move 21: push eval=-4.900001
[10:49:01.492] [DEBUG] [Move 39] MINIMAX: Root move 22: push eval=-4.900001
[10:49:01.492] [DEBUG] [Move 39] MINIMAX: Root move 23: flip eval=1000000.000000
[10:49:01.492] [DEBUG] [Move 39] MINIMAX: Alpha improved at root: -4.900001 -> 1000000.000000
[10:49:01.492] [DEBUG] [Move 39] MINIMAX: Root beta cutoff! Remaining 57 moves pruned
[10:49:01.492] [DEBUG] [Move 39] MINIMAX: Root search complete - evaluated=23/80, cutoffs=1
[10:49:01.492] [DEBUG] [Move 39] MINIMAX: Depth 1 completed, nodes=23, eval=1000000.000000, move=flip
[10:49:01.492] [INFO] [Move 39] MINIMAX: Best move changed from move to flip (eval: 0.000000 -> 1000000.000000)
[10:49:01.492] [DEBUG] [Move 39] MINIMAX: Found winning position, stopping early
[10:49:01.492] [INFO] [Move 39] MINIMAX: Search complete - depth=1, nodes=23, TT_size=239104, time=0.002000s
[10:49:01.494] [DEBUG] [Move 39] VALIDATION DEBUG: Generated 80 legal moves for validation
[10:49:01.494] [DEBUG] [Move 39] VALIDATION DEBUG: Minimax returned move: flip (7,3) -> (7,3)
[10:49:01.494] [DEBUG] [Move 39] VALIDATION DEBUG: Legal move 1: move (0,2) -> (0,1)
[10:49:01.494] [DEBUG] [Move 39] VALIDATION DEBUG: Legal move 2: move (0,2) -> (0,3)
[10:49:01.494] [DEBUG] [Move 39] VALIDATION DEBUG: Legal move 3: move (0,2) -> (1,2)
[10:49:01.494] [DEBUG] [Move 39] VALIDATION DEBUG: Legal move 4: flip (0,2) -> (0,2)
[10:49:01.494] [DEBUG] [Move 39] VALIDATION DEBUG: Legal move 5: flip (0,2) -> (0,2)
[10:49:01.494] [DEBUG] [Move 39] VALIDATION DEBUG: Move found in legal moves - SUCCESS!
[10:49:01.494] [DECISION] [Move 39] FINAL DECISION: flip (7,3) -> (7,3) | Reasoning: Minimax search
[10:49:01.494] [DECISION] [Move 39] === MOVE DECISION END ===
[10:49:01.558] [DECISION] [Move 40] === MOVE DECISION START === Player: square, Board: 13x12, Time: 0.0274737s (vs 59.8601s)
[10:49:01.559] [DEBUG] [Move 40] MINIMAX: Starting search for square, time=0.027474s
[10:49:01.560] [DEBUG] [Move 40] MINIMAX: Found 75 legal moves at root
[10:49:01.561] [DEBUG] [Move 40] MINIMAX: Starting iterative deepening
[10:49:01.561] [DEBUG] [Move 40] MINIMAX: Searching at depth 1
[10:49:01.561] [DEBUG] [Move 40] MINIMAX: Root move 1: move eval=-4.900001
[10:49:01.561] [DEBUG] [Move 40] MINIMAX: Alpha improved at root: -1000000.000000 -> -4.900001
[10:49:01.561] [DEBUG] [Move 40] MINIMAX: Root move 2: move eval=-4.900001
[10:49:01.561] [DEBUG] [Move 40] MINIMAX: Root move 3: move eval=-4.900001
[10:49:01.561] [DEBUG] [Move 40] MINIMAX: Root move 4: flip eval=-4.900001
[10:49:01.561] [DEBUG] [Move 40] MINIMAX: Root move 5: flip eval=-4.900001
[10:49:01.561] [DEBUG] [Move 40] MINIMAX: Root move 6: move eval=-4.900001
[10:49:01.561] [DEBUG] [Move 40] MINIMAX: Root move 7: move eval=-4.900001
[10:49:01.561] [DEBUG] [Move 40] MINIMAX: Root move 8: push eval=-4.900001
[10:49:01.561] [DEBUG] [Move 40] MINIMAX: Root move 9: flip eval=-4.900001
[10:49:01.561] [DEBUG] [Move 40] MINIMAX: Root move 10: flip eval=-4.900001
[10:49:01.561] [DEBUG] [Move 40] MINIMAX: Root move 11: move eval=-4.900001
[10:49:01.561] [DEBUG] [Move 40] MINIMAX: Root move 12: flip eval=-4.900001
[10:49:01.561] [DEBUG] [Move 40] MINIMAX: Root move 13: rotate eval=-4.900001
[10:49:01.561] [DEBUG] [Move 40] MINIMAX: Root move 14: move eval=-4.900001
[10:49:01.561] [DEBUG] [Move 40] MINIMAX: Root move 15: push eval=-4.900001
[10:49:01.561] [DEBUG] [Move 40] MINIMAX: Root move 16: flip eval=-4.900001
[10:49:01.561] [DEBUG] [Move 40] MINIMAX: Root move 17: flip eval=-4.900001
[10:49:01.561] [DEBUG] [Move 40] MINIMAX: Root move 18: move eval=-4.900001
[10:49:01.561] [DEBUG] [Move 40] MINIMAX: Root move 19: push eval=-4.900001
[10:49:01.561] [DEBUG] [Move 40] MINIMAX: Root move 20: flip eval=-4.900001
[10:49:01.561] [DEBUG] [Move 40] MINIMAX: Root move 21: flip eval=-4.900001
[10:49:01.561] [DEBUG] [Move 40] MINIMAX: Root move 22: move eval=-4.900001
[10:49:01.561] [DEBUG] [Move 40] MINIMAX: Root move 23: move eval=-4.900001
[10:49:01.561] [DEBUG] [Move 40] MINIMAX: Root move 24: move eval=-4.900001
[10:49:01.561] [DEBUG] [Move 40] MINIMAX: Root move 25: move eval=-4.900001
[10:49:01.561] [DEBUG] [Move 40] MINIMAX: Root move 26: move eval=-4.900001
[10:49:01.561] [DEBUG] [Move 40] MINIMAX: Root move 27: move eval=-4.900001
[10:49:01.561] [DEBUG] [Move 40] MINIMAX: Root move 28: move eval=-4.900001
[10:49:01.561] [DEBUG] [Move 40] MINIMAX: Root move 29: move eval=-4.900001
[10:49:01.561] [DEBUG] [Move 40] MINIMAX: Root move 30: move eval=-4.900001
[10:49:01.561] [DEBUG] [Move 40] MINIMAX: Root move 31: move eval=-4.900001
[10:49:01.561] [DEBUG] [Move 40] MINIMAX: Root move 32: flip eval=-4.900001
[10:49:01.561] [DEBUG] [Move 40] MINIMAX: Root move 33: flip eval=-4.900001
[10:49:01.561] [DEBUG] [Move 40] MINIMAX: Root move 34: move eval=-4.900001
[10:49:01.561] [DEBUG] [Move 40] MINIMAX: Root move 35: move eval=-4.900001
[10:49:01.561] [DEBUG] [Move 40] MINIMAX: Root move 36: move eval=-4.900001
[10:49:01.561] [DEBUG] [Move 40] MINIMAX: Root move 37: push eval=-4.900001
[10:49:01.561] [DEBUG] [Move 40] MINIMAX: Root move 38: flip eval=-4.900001
[10:49:01.561] [DEBUG] [Move 40] MINIMAX: Root move 39: flip eval=-4.900001
[10:49:01.562] [DEBUG] [Move 40] MINIMAX: Root move 40: move eval=-4.900001
[10:49:01.562] [DEBUG] [Move 40] MINIMAX: Root move 41: move eval=-4.900001
[10:49:01.562] [DEBUG] [Move 40] MINIMAX: Root move 42: push eval=-4.900001
[10:49:01.562] [DEBUG] [Move 40] MINIMAX: Root move 43: flip eval=-4.900001
[10:49:01.562] [DEBUG] [Move 40] MINIMAX: Root move 44: flip eval=-4.900001
[10:49:01.562] [DEBUG] [Move 40] MINIMAX: Root move 45: move eval=-4.900001
[10:49:01.562] [DEBUG] [Move 40] MINIMAX: Root move 46: move eval=-4.900001
[10:49:01.562] [DEBUG] [Move 40] MINIMAX: Root move 47: move eval=-4.900001
[10:49:01.562] [DEBUG] [Move 40] MINIMAX: Root move 48: flip eval=-4.900001
[10:49:01.562] [DEBUG] [Move 40] MINIMAX: Root move 49: flip eval=-4.900001
[10:49:01.562] [DEBUG] [Move 40] MINIMAX: Root move 50: move eval=-4.900001
[10:49:01.562] [DEBUG] [Move 40] MINIMAX: Root move 51: move eval=-4.900001
[10:49:01.562] [DEBUG] [Move 40] MINIMAX: Root move 52: move eval=-4.900001
[10:49:01.562] [DEBUG] [Move 40] MINIMAX: Root move 53: push eval=-4.900001
[10:49:01.562] [DEBUG] [Move 40] MINIMAX: Root move 54: push eval=-4.900001
[10:49:01.562] [DEBUG] [Move 40] MINIMAX: Root move 55: push eval=-4.900001
[10:49:01.562] [DEBUG] [Move 40] MINIMAX: Root move 56: push eval=-4.900001
[10:49:01.562] [DEBUG] [Move 40] MINIMAX: Root move 57: push eval=-4.900001
[10:49:01.562] [DEBUG] [Move 40] MINIMAX: Root move 58: push eval=-4.900001
[10:49:01.562] [DEBUG] [Move 40] MINIMAX: Root move 59: push eval=-4.900001
[10:49:01.562] [DEBUG] [Move 40] MINIMAX: Root move 60: push eval=-4.900001
[10:49:01.562] [DEBUG] [Move 40] MINIMAX: Root move 61: push eval=-4.900001
[10:49:01.562] [DEBUG] [Move 40] MINIMAX: Root move 62: flip eval=-4.900001
[10:49:01.562] [DEBUG] [Move 40] MINIMAX: Root move 63: rotate eval=-4.900001
[10:49:01.562] [DEBUG] [Move 40] MINIMAX: Root move 64: move eval=-4.900001
[10:49:01.562] [DEBUG] [Move 40] MINIMAX: Root move 65: move eval=-4.900001
[10:49:01.562] [DEBUG] [Move 40] MINIMAX: Root move 66: move eval=-4.900001
[10:49:01.562] [DEBUG] [Move 40] MINIMAX: Root move 67: move eval=-4.900001
[10:49:01.562] [DEBUG] [Move 40] MINIMAX: Root move 68: flip eval=-4.900001
[10:49:01.562] [DEBUG] [Move 40] MINIMAX: Root move 69: flip eval=-4.900001
[10:49:01.562] [DEBUG] [Move 40] MINIMAX: Root move 70: move eval=-4.900001
[10:49:01.562] [DEBUG] [Move 40] MINIMAX: Root move 71: move eval=-4.900001
[10:49:01.562] [DEBUG] [Move 40] MINIMAX: Root move 72: move eval=-4.900001
[10:49:01.562] [DEBUG] [Move 40] MINIMAX: Root move 73: move eval=-4.900001
[10:49:01.562] [DEBUG] [Move 40] MINIMAX: Root move 74: flip eval=-4.900001
[10:49:01.562] [DEBUG] [Move 40] MINIMAX: Root move 75: flip eval=-4.900001
[10:49:01.562] [DEBUG] [Move 40] MINIMAX: Root search complete - evaluated=75/75, cutoffs=0
[10:49:01.562] [DEBUG] [Move 40] MINIMAX: Depth 1 completed, nodes=75, eval=-4.900001, move=move
[10:49:01.562] [DEBUG] [Move 40] MINIMAX: Searching at depth 2
[10:49:01.566] [DEBUG] [Move 40] MINIMAX: Root move 1: move eval=4.200000
[10:49:01.566] [DEBUG] [Move 40] MINIMAX: Alpha improved at root: -1000000.000000 -> 4.200000
[10:49:01.567] [DEBUG] [Move 40] MINIMAX: Root move 2: move eval=4.200000
[10:49:01.569] [DEBUG] [Move 40] MINIMAX: Root move 3: move eval=4.200000
[10:49:01.571] [DEBUG] [Move 40] MINIMAX: Root move 4: flip eval=4.200000
[10:49:01.572] [DEBUG] [Move 40] MINIMAX: Root move 5: flip eval=4.200000
[10:49:01.574] [DEBUG] [Move 40] MINIMAX: Root move 6: move eval=1000000.000000
[10:49:01.574] [DEBUG] [Move 40] MINIMAX: Alpha improved at root: 4.200000 -> 1000000.000000
[10:49:01.574] [DEBUG] [Move 40] MINIMAX: Root beta cutoff! Remaining 69 moves pruned
[10:49:01.574] [DEBUG] [Move 40] MINIMAX: Root search complete - evaluated=6/75, cutoffs=1
[10:49:01.574] [DEBUG] [Move 40] MINIMAX: Depth 2 completed, nodes=122, eval=1000000.000000, move=move
[10:49:01.574] [INFO] [Move 40] MINIMAX: Best move changed from move to move (eval: -4.900001 -> 1000000.000000)
[10:49:01.574] [DEBUG] [Move 40] MINIMAX: Found winning position, stopping early
[10:49:01.574] [INFO] [Move 40] MINIMAX: Search complete - depth=2, nodes=197, TT_size=239270, time=0.015000s
[10:49:01.575] [DEBUG] [Move 40] VALIDATION DEBUG: Generated 75 legal moves for validation
[10:49:01.575] [DEBUG] [Move 40] VALIDATION DEBUG: Minimax returned move: move (4,3) -> (3,3)
[10:49:01.575] [DEBUG] [Move 40] VALIDATION DEBUG: Legal move 1: move (0,2) -> (0,1)
[10:49:01.575] [DEBUG] [Move 40] VALIDATION DEBUG: Legal move 2: move (0,2) -> (0,3)
[10:49:01.575] [DEBUG] [Move 40] VALIDATION DEBUG: Legal move 3: move (0,2) -> (1,2)
[10:49:01.575] [DEBUG] [Move 40] VALIDATION DEBUG: Legal move 4: flip (0,2) -> (0,2)
[10:49:01.575] [DEBUG] [Move 40] VALIDATION DEBUG: Legal move 5: flip (0,2) -> (0,2)
[10:49:01.575] [DEBUG] [Move 40] VALIDATION DEBUG: Move found in legal moves - SUCCESS!
[10:49:01.575] [DECISION] [Move 40] FINAL DECISION: move (4,3) -> (3,3) | Reasoning: Minimax search
[10:49:01.575] [DECISION] [Move 40] === MOVE DECISION END ===
[10:49:01.628] [DECISION] [Move 41] === MOVE DECISION START === Player: square, Board: 13x12, Time: 0.00991249s (vs 59.8549s)
[10:49:01.628] [DEBUG] [Move 41] MINIMAX: Starting search for square, time=0.009912s
[10:49:01.630] [DEBUG] [Move 41] MINIMAX: Found 78 legal moves at root
[10:49:01.630] [DEBUG] [Move 41] MINIMAX: Starting iterative deepening
[10:49:01.630] [DEBUG] [Move 41] MINIMAX: Searching at depth 1
[10:49:01.630] [DEBUG] [Move 41] MINIMAX: Root move 1: move eval=-4.900001
[10:49:01.630] [DEBUG] [Move 41] MINIMAX: Alpha improved at root: -1000000.000000 -> -4.900001
[10:49:01.630] [DEBUG] [Move 41] MINIMAX: Root move 2: move eval=-4.900001
[10:49:01.630] [DEBUG] [Move 41] MINIMAX: Root move 3: move eval=-4.900001
[10:49:01.630] [DEBUG] [Move 41] MINIMAX: Root move 4: flip eval=-4.900001
[10:49:01.630] [DEBUG] [Move 41] MINIMAX: Root move 5: flip eval=-4.900001
[10:49:01.630] [DEBUG] [Move 41] MINIMAX: Root move 6: move eval=-4.900001
[10:49:01.630] [DEBUG] [Move 41] MINIMAX: Root move 7: move eval=-4.900001
[10:49:01.630] [DEBUG] [Move 41] MINIMAX: Root move 8: move eval=-4.900001
[10:49:01.630] [DEBUG] [Move 41] MINIMAX: Root move 9: push eval=-4.900001
[10:49:01.630] [DEBUG] [Move 41] MINIMAX: Root move 10: flip eval=-4.900001
[10:49:01.630] [DEBUG] [Move 41] MINIMAX: Root move 11: flip eval=-4.900001
[10:49:01.631] [DEBUG] [Move 41] MINIMAX: Root move 12: move eval=-4.900001
[10:49:01.631] [DEBUG] [Move 41] MINIMAX: Root move 13: move eval=-4.900001
[10:49:01.631] [DEBUG] [Move 41] MINIMAX: Root move 14: flip eval=-4.900001
[10:49:01.631] [DEBUG] [Move 41] MINIMAX: Root move 15: rotate eval=-4.900001
[10:49:01.631] [DEBUG] [Move 41] MINIMAX: Root move 16: move eval=-4.900001
[10:49:01.631] [DEBUG] [Move 41] MINIMAX: Root move 17: push eval=-4.900001
[10:49:01.631] [DEBUG] [Move 41] MINIMAX: Root move 18: flip eval=-4.900001
[10:49:01.631] [DEBUG] [Move 41] MINIMAX: Root move 19: flip eval=-4.900001
[10:49:01.631] [DEBUG] [Move 41] MINIMAX: Root move 20: move eval=-4.900001
[10:49:01.631] [DEBUG] [Move 41] MINIMAX: Root move 21: push eval=-4.900001
[10:49:01.631] [DEBUG] [Move 41] MINIMAX: Root move 22: flip eval=-4.900001
[10:49:01.631] [DEBUG] [Move 41] MINIMAX: Root move 23: flip eval=-4.900001
[10:49:01.631] [DEBUG] [Move 41] MINIMAX: Root move 24: move eval=-4.900001
[10:49:01.631] [DEBUG] [Move 41] MINIMAX: Root move 25: move eval=-4.900001
[10:49:01.631] [DEBUG] [Move 41] MINIMAX: Root move 26: move eval=-4.900001
[10:49:01.631] [DEBUG] [Move 41] MINIMAX: Root move 27: move eval=-4.900001
[10:49:01.631] [DEBUG] [Move 41] MINIMAX: Root move 28: move eval=-4.900001
[10:49:01.631] [DEBUG] [Move 41] MINIMAX: Root move 29: move eval=-4.900001
[10:49:01.631] [DEBUG] [Move 41] MINIMAX: Root move 30: move eval=-4.900001
[10:49:01.631] [DEBUG] [Move 41] MINIMAX: Root move 31: move eval=-4.900001
[10:49:01.631] [DEBUG] [Move 41] MINIMAX: Root move 32: move eval=-4.900001
[10:49:01.631] [DEBUG] [Move 41] MINIMAX: Root move 33: move eval=-4.900001
[10:49:01.631] [DEBUG] [Move 41] MINIMAX: Root move 34: flip eval=-4.900001
[10:49:01.631] [DEBUG] [Move 41] MINIMAX: Root move 35: flip eval=-4.900001
[10:49:01.631] [DEBUG] [Move 41] MINIMAX: Root move 36: move eval=-4.900001
[10:49:01.631] [DEBUG] [Move 41] MINIMAX: Root move 37: move eval=-4.900001
[10:49:01.631] [DEBUG] [Move 41] MINIMAX: Root move 38: push eval=-4.900001
[10:49:01.631] [DEBUG] [Move 41] MINIMAX: Root move 39: push eval=-4.900001
[10:49:01.631] [DEBUG] [Move 41] MINIMAX: Root move 40: flip eval=-4.900001
[10:49:01.631] [DEBUG] [Move 41] MINIMAX: Root move 41: flip eval=-4.900001
[10:49:01.631] [DEBUG] [Move 41] MINIMAX: Root move 42: move eval=-4.900001
[10:49:01.631] [DEBUG] [Move 41] MINIMAX: Root move 43: move eval=-4.900001
[10:49:01.631] [DEBUG] [Move 41] MINIMAX: Root move 44: move eval=-4.900001
[10:49:01.631] [DEBUG] [Move 41] MINIMAX: Root move 45: push eval=-4.900001
[10:49:01.631] [DEBUG] [Move 41] MINIMAX: Root move 46: flip eval=-4.900001
[10:49:01.631] [DEBUG] [Move 41] MINIMAX: Root move 47: flip eval=-4.900001
[10:49:01.631] [DEBUG] [Move 41] MINIMAX: Root move 48: move eval=-4.900001
[10:49:01.631] [DEBUG] [Move 41] MINIMAX: Root move 49: move eval=-4.900001
[10:49:01.631] [DEBUG] [Move 41] MINIMAX: Root move 50: move eval=-4.900001
[10:49:01.631] [DEBUG] [Move 41] MINIMAX: Root move 51: flip eval=-4.900001
[10:49:01.631] [DEBUG] [Move 41] MINIMAX: Root move 52: flip eval=-4.900001
[10:49:01.632] [DEBUG] [Move 41] MINIMAX: Root move 53: move eval=-4.900001
[10:49:01.632] [DEBUG] [Move 41] MINIMAX: Root move 54: move eval=-4.900001
[10:49:01.632] [DEBUG] [Move 41] MINIMAX: Root move 55: move eval=-4.900001
[10:49:01.632] [DEBUG] [Move 41] MINIMAX: Root move 56: push eval=-4.900001
[10:49:01.632] [DEBUG] [Move 41] MINIMAX: Root move 57: push eval=-4.900001
[10:49:01.632] [DEBUG] [Move 41] MINIMAX: Root move 58: push eval=-4.900001
[10:49:01.632] [DEBUG] [Move 41] MINIMAX: Root move 59: push eval=-4.900001
[10:49:01.632] [DEBUG] [Move 41] MINIMAX: Root move 60: push eval=-4.900001
[10:49:01.632] [DEBUG] [Move 41] MINIMAX: Root move 61: push eval=-4.900001
[10:49:01.632] [DEBUG] [Move 41] MINIMAX: Root move 62: push eval=-4.900001
[10:49:01.632] [DEBUG] [Move 41] MINIMAX: Root move 63: push eval=-4.900001
[10:49:01.632] [DEBUG] [Move 41] MINIMAX: Root move 64: push eval=-4.900001
[10:49:01.632] [DEBUG] [Move 41] MINIMAX: Root move 65: flip eval=-4.900001
[10:49:01.632] [DEBUG] [Move 41] MINIMAX: Root move 66: rotate eval=-4.900001
[10:49:01.632] [DEBUG] [Move 41] MINIMAX: Root move 67: move eval=-4.900001
[10:49:01.632] [DEBUG] [Move 41] MINIMAX: Root move 68: move eval=-4.900001
[10:49:01.632] [DEBUG] [Move 41] MINIMAX: Root move 69: move eval=-4.900001
[10:49:01.632] [DEBUG] [Move 41] MINIMAX: Root move 70: move eval=-4.900001
[10:49:01.632] [DEBUG] [Move 41] MINIMAX: Root move 71: flip eval=-4.900001
[10:49:01.632] [DEBUG] [Move 41] MINIMAX: Root move 72: flip eval=-4.900001
[10:49:01.632] [DEBUG] [Move 41] MINIMAX: Root move 73: move eval=-4.900001
[10:49:01.632] [DEBUG] [Move 41] MINIMAX: Root move 74: move eval=-4.900001
[10:49:01.632] [DEBUG] [Move 41] MINIMAX: Root move 75: move eval=-4.900001
[10:49:01.632] [DEBUG] [Move 41] MINIMAX: Root move 76: move eval=-4.900001
[10:49:01.632] [DEBUG] [Move 41] MINIMAX: Root move 77: flip eval=-4.900001
[10:49:01.632] [DEBUG] [Move 41] MINIMAX: Root move 78: flip eval=-4.900001
[10:49:01.632] [DEBUG] [Move 41] MINIMAX: Root search complete - evaluated=78/78, cutoffs=0
[10:49:01.632] [DEBUG] [Move 41] MINIMAX: Depth 1 completed, nodes=78, eval=-4.900001, move=move
[10:49:01.632] [DEBUG] [Move 41] MINIMAX: Searching at depth 2
[10:49:01.634] [DEBUG] [Move 41] MINIMAX: Root move 1: move eval=1000000.000000
[10:49:01.634] [DEBUG] [Move 41] MINIMAX: Alpha improved at root: -1000000.000000 -> 1000000.000000
[10:49:01.634] [DEBUG] [Move 41] MINIMAX: Root beta cutoff! Remaining 77 moves pruned
[10:49:01.634] [DEBUG] [Move 41] MINIMAX: Root search complete - evaluated=1/78, cutoffs=1
[10:49:01.634] [DEBUG] [Move 41] MINIMAX: Depth 2 completed, nodes=1, eval=1000000.000000, move=move
[10:49:01.634] [DEBUG] [Move 41] MINIMAX: Found winning position, stopping early
[10:49:01.634] [INFO] [Move 41] MINIMAX: Search complete - depth=2, nodes=79, TT_size=239339, time=0.006000s
[10:49:01.636] [DEBUG] [Move 41] VALIDATION DEBUG: Generated 78 legal moves for validation
[10:49:01.636] [DEBUG] [Move 41] VALIDATION DEBUG: Minimax returned move: move (0,2) -> (0,1)
[10:49:01.636] [DEBUG] [Move 41] VALIDATION DEBUG: Legal move 1: move (0,2) -> (0,1)
[10:49:01.636] [DEBUG] [Move 41] VALIDATION DEBUG: Legal move 2: move (0,2) -> (0,3)
[10:49:01.636] [DEBUG] [Move 41] VALIDATION DEBUG: Legal move 3: move (0,2) -> (1,2)
[10:49:01.636] [DEBUG] [Move 41] VALIDATION DEBUG: Legal move 4: flip (0,2) -> (0,2)
[10:49:01.636] [DEBUG] [Move 41] VALIDATION DEBUG: Legal move 5: flip (0,2) -> (0,2)
[10:49:01.636] [DEBUG] [Move 41] VALIDATION DEBUG: Move found in legal moves - SUCCESS!
[10:49:01.636] [DECISION] [Move 41] FINAL DECISION: move (0,2) -> (0,1) | Reasoning: Minimax search
[10:49:01.636] [DECISION] [Move 41] === MOVE DECISION END ===
[10:49:01.699] [DECISION] [Move 42] === MOVE DECISION START === Player: square, Board: 13x12, Time: 0.000963688s (vs 59.8493s)
[10:49:01.699] [DEBUG] [Move 42] MINIMAX: Starting search for square, time=0.000964s
[10:49:01.701] [DEBUG] [Move 42] MINIMAX: Found 78 legal moves at root
[10:49:01.701] [DEBUG] [Move 42] MINIMAX: Starting iterative deepening
[10:49:01.701] [DEBUG] [Move 42] MINIMAX: Time limit reached at depth 1
[10:49:01.701] [INFO] [Move 42] MINIMAX: Search complete - depth=0, nodes=0, TT_size=239339, time=0.002000s
[10:49:01.703] [DEBUG] [Move 42] VALIDATION DEBUG: Generated 78 legal moves for validation
[10:49:01.703] [DEBUG] [Move 42] VALIDATION DEBUG: Minimax returned move: move (0,1) -> (0,0)
[10:49:01.703] [DEBUG] [Move 42] VALIDATION DEBUG: Legal move 1: move (0,1) -> (0,0)
[10:49:01.703] [DEBUG] [Move 42] VALIDATION DEBUG: Legal move 2: move (0,1) -> (0,2)
[10:49:01.703] [DEBUG] [Move 42] VALIDATION DEBUG: Legal move 3: move (0,1) -> (1,1)
[10:49:01.703] [DEBUG] [Move 42] VALIDATION DEBUG: Legal move 4: flip (0,1) -> (0,1)
[10:49:01.703] [DEBUG] [Move 42] VALIDATION DEBUG: Legal move 5: flip (0,1) -> (0,1)
[10:49:01.703] [DEBUG] [Move 42] VALIDATION DEBUG: Move found in legal moves - SUCCESS!
[10:49:01.703] [DECISION] [Move 42] FINAL DECISION: move (0,1) -> (0,0) | Reasoning: Minimax search
[10:49:01.703] [DECISION] [Move 42] === MOVE DECISION END ===
